{
  "1": {
    "summary": "jad 命令增加选项支持显示行号",
    "description": ""
  },
  "3": {
    "summary": "arthas zip包的发放地址",
    "description": "有几个地方可以放\n1. maven central repository ， 下载方便，发版本比较麻烦\n1. github release ，国内下载容易被墙，发版本容易，先打tag，再上传zip包即可\n1. arthas 下面，即放在 gh-pages 分支下载，目前下载没问题，但是也有被墙的风险。另外，这样子发版本不规范\n综合考虑还是把 zip 发到 maven仓库里比较好"
  },
  "4": {
    "summary": "arthas的版本号策略",
    "description": "\n采用类似 3.0.0 这样子的版本号。为了保证版本比较能正常工作，不得包含字母等。\n目前 as-package.sh 里是定义了一个 3.0 ，然后再取当前时间拼接起来，出来的版本号类似 3.0.20171103142340 \n为了保证后续的新的版本号比较能正常工作，后续发版本时，直接从 3.0.3 开始，本地开发时，拼接出来的版本号是 3.0.3 + date ，即类似 3.0.3.20171103142340 \n保证本地开发可以用到最新版本。"
  },
  "6": {
    "summary": "attach 之前检查 target vm的jdk版本 是否一致",
    "description": ""
  },
  "15": {
    "summary": "arthas web console功能支持",
    "description": "目前实际上 agent attach上去之后，是开放了websocket端口的，还需要做一个页面，把web console展示出来。\n* HttpTermServer\n* "
  },
  "18": {
    "summary": "fix path in description",
    "description": ""
  },
  "19": {
    "summary": "Support travis and codecov",
    "description": ""
  },
  "21": {
    "summary": "禁止掉数据回报功能",
    "description": "1. 目前没有合适的服务器\n2. 不应该收集外部用户信息，除非用户同意\n3. 如果有部署服务器，可以考虑后续增加选项，让用户配置打开数据回报功能"
  },
  "23": {
    "summary": "去掉com.taobao.arthas.core.Arthas里反射调用 com.sun.tools.attach.VirtualMachine 的代码，改为直接调用",
    "description": "\n com.taobao.arthas.core.Arthas \n增加一个依赖，因为里面带有 com.sun.tools.attach.VirtualMachine api，打包 fat jar时，并不会打进去，只是编绎用 \n xml\n dependency \n groupId \n artifactId \n scope \n optional \n dependency \n \n不使用 tools.jar ，是因为jdk9之后没有这个jar包了。\n"
  },
  "24": {
    "summary": "java 10下面web console抛出异常",
    "description": "\n java\njava.lang.NoClassDefFoundError: TypeParameterMatcher\n at java.lang.Class.forName0 (Native Method) [na:na]\n at java.lang.Class.forName (Class.java:374) [na:na]\n at io.netty.util.internal.JavassistTypeParameterMatcherGenerator.generate (JavassistTypeParameterMatcherGenerator.java:66) [arthas-core.jar:3.0.1-RC-SNAPSHOT]\n at io.netty.util.internal.JavassistTypeParameterMatcherGenerator.generate (JavassistTypeParameterMatcherGenerator.java:58) [arthas-core.jar:3.0.1-RC-SNAPSHOT]\n at io.netty.util.internal.TypeParameterMatcher.get (TypeParameterMatcher.java:42) [arthas-core.jar:3.0.1-RC-SNAPSHOT]\n at io.netty.util.internal.TypeParameterMatcher.find (TypeParameterMatcher.java:78) [arthas-core.jar:3.0.1-RC-SNAPSHOT]\n at io.netty.channel.SimpleChannelInboundHandler. init (SimpleChannelInboundHandler.java:67) [arthas-core.jar:3.0.1-RC-SNAPSHOT]\n at io.netty.channel.SimpleChannelInboundHandler. init (SimpleChannelInboundHandler.java:57) [arthas-core.jar:3.0.1-RC-SNAPSHOT]\n at io.termd.core.http.netty.HttpRequestHandler. init (HttpRequestHandler.java:45) [arthas-core.jar:3.0.1-RC-SNAPSHOT]\n at io.termd.core.http.netty.TtyServerInitializer.initChannel (TtyServerInitializer.java:50) [arthas-core.jar:3.0.1-RC-SNAPSHOT]\n at io.termd.core.http.netty.TtyServerInitializer.initChannel (TtyServerInitializer.java:34) [arthas-core.jar:3.0.1-RC-SNAPSHOT]\n at io.netty.channel.ChannelInitializer.channelRegistered (ChannelInitializer.java:68) [arthas-core.jar:3.0.1-RC-SNAPSHOT]\n at io.netty.channel.AbstractChannelHandlerContext.invokeChannelRegistered (AbstractChannelHandlerContext.java:141) [arthas-core.jar:3.0.1-RC-SNAPSHOT]\n at io.netty.channel.AbstractChannelHandlerContext.invokeChannelRegistered (AbstractChannelHandlerContext.java:127) [arthas-core.jar:3.0.1-RC-SNAPSHOT]\n at io.netty.channel.AbstractChannelHandlerContext.fireChannelRegistered (AbstractChannelHandlerContext.java:120) [arthas-core.jar:3.0.1-RC-SNAPSHOT]\n at io.netty.channel.DefaultChannelPipeline HeadContext.channelRegistered (DefaultChannelPipeline.java:1293) [arthas-core.jar:3.0.1-RC-SNAPSHOT]\n at io.netty.channel.AbstractChannelHandlerContext.invokeChannelRegistered (AbstractChannelHandlerContext.java:141) [arthas-core.jar:3.0.1-RC-SNAPSHOT]\n at io.netty.channel.AbstractChannelHandlerContext.invokeChannelRegistered (AbstractChannelHandlerContext.java:127) [arthas-core.jar:3.0.1-RC-SNAPSHOT]\n at io.netty.channel.DefaultChannelPipeline.fireChannelRegistered (DefaultChannelPipeline.java:799) [arthas-core.jar:3.0.1-RC-SNAPSHOT]\n at io.netty.channel.AbstractChannel AbstractUnsafe.register0 (AbstractChannel.java:498) [arthas-core.jar:3.0.1-RC-SNAPSHOT]\n at io.netty.channel.AbstractChannel AbstractUnsafe.access 200 (AbstractChannel.java:412) [arthas-core.jar:3.0.1-RC-SNAPSHOT]\n at io.netty.channel.AbstractChannel AbstractUnsafe 1.run (AbstractChannel.java:471) [arthas-core.jar:3.0.1-RC-SNAPSHOT]\n at io.netty.util.concurrent.SingleThreadEventExecutor.runAllTasks (SingleThreadEventExecutor.java:339) [arthas-core.jar:3.0.1-RC-SNAPSHOT]\n at io.netty.channel.nio.NioEventLoop.run (NioEventLoop.java:393) [arthas-core.jar:3.0.1-RC-SNAPSHOT]\n at io.netty.util.concurrent.SingleThreadEventExecutor 5.run (SingleThreadEventExecutor.java:742) [arthas-core.jar:3.0.1-RC-SNAPSHOT]\n at io.netty.util.concurrent.DefaultThreadFactory DefaultRunnableDecorator.run (DefaultThreadFactory.java:145) [arthas-core.jar:3.0.1-RC-SNAPSHOT]\n at java.lang.Thread.run (Thread.java:844) [na:na]\nCaused by: java.lang.ClassNotFoundException: io.netty.util.internal.TypeParameterMatcher\n at jdk.internal.loader.BuiltinClassLoader.loadClass (BuiltinClassLoader.java:582) [na:na]\n at jdk.internal.loader.ClassLoaders AppClassLoader.loadClass (ClassLoaders.java:190) [na:na]\n at java.lang.ClassLoader.loadClass (ClassLoader.java:499) [na:na]\n ... 27 common frames omitted\n "
  },
  "25": {
    "summary": "脚本启动报错",
    "description": ""
  },
  "28": {
    "summary": "pom文件描述的jdk版本是1.6，但是缺少类，无法编译",
    "description": "缺少的类如 java.lang.management.BufferPoolMXBean 、 java.util.concurrent.ThreadLocalRandom 。同时建议添加jdk版本描述"
  },
  "37": {
    "summary": "增加手动拼接命令行启动的说明",
    "description": "当用户使用脚本启动失败时，可以考虑让用户自己拼接出命令行来启动"
  },
  "39": {
    "summary": "增加maven wrapper 保证打包环境的稳定性",
    "description": ""
  },
  "42": {
    "summary": "mvn clean install 失败",
    "description": "mac下执行 mvn clean install 报错 \n \n \n T E S T S\n \nRunning com.taobao.arthas.core.view.ObjectViewTest\nTests run: 19, Failures: 1, Errors: 0, Skipped: 0, Time elapsed: 0.07 sec FAILURE \ntestObjectTooLarge (com.taobao.arthas.core.view.ObjectViewTest) Time elapsed: 0.004 sec FAILURE \norg.junit.ComparisonFailure: expected: ... exceeds size limit:[100] but was: ... exceeds size limit:[ 100, try to specify -M size_limit in your command, check the help command for more.] \n at org.junit.Assert.assertEquals (Assert.java:115)\n at org.junit.Assert.assertEquals (Assert.java:144)\n at com.taobao.arthas.core.view.ObjectViewTest.testObjectTooLarge (ObjectViewTest.java:244)\n at sun.reflect.NativeMethodAccessorImpl.invoke0 (Native Method)\n at sun.reflect.NativeMethodAccessorImpl.invoke (NativeMethodAccessorImpl.java:62)\n at sun.reflect.DelegatingMethodAccessorImpl.invoke (DelegatingMethodAccessorImpl.java:43)\n at java.lang.reflect.Method.invoke (Method.java:498)\n at org.junit.runners.model.FrameworkMethod 1.runReflectiveCall (FrameworkMethod.java:47)\n at org.junit.internal.runners.model.ReflectiveCallable.run (ReflectiveCallable.java:12)\n at org.junit.runners.model.FrameworkMethod.invokeExplosively (FrameworkMethod.java:44)\n at org.junit.internal.runners.statements.InvokeMethod.evaluate (InvokeMethod.java:17)\n at org.junit.runners.ParentRunner.runLeaf (ParentRunner.java:271)\n at org.junit.runners.BlockJUnit4ClassRunner.runChild (BlockJUnit4ClassRunner.java:70)\n at org.junit.runners.BlockJUnit4ClassRunner.runChild (BlockJUnit4ClassRunner.java:50)\n at org.junit.runners.ParentRunner 3.run (ParentRunner.java:238)\n at org.junit.runners.ParentRunner 1.schedule (ParentRunner.java:63)\n at org.junit.runners.ParentRunner.runChildren (ParentRunner.java:236)\n at org.junit.runners.ParentRunner.access 000 (ParentRunner.java:53)\n at org.junit.runners.ParentRunner 2.evaluate (ParentRunner.java:229)\n at org.junit.runners.ParentRunner.run (ParentRunner.java:309)\n at org.apache.maven.surefire.junit4.JUnit4Provider.execute (JUnit4Provider.java:252)\n at org.apache.maven.surefire.junit4.JUnit4Provider.executeTestSet (JUnit4Provider.java:141)\n at org.apache.maven.surefire.junit4.JUnit4Provider.invoke (JUnit4Provider.java:112)\n at sun.reflect.NativeMethodAccessorImpl.invoke0 (Native Method)\n at sun.reflect.NativeMethodAccessorImpl.invoke (NativeMethodAccessorImpl.java:62)\n at sun.reflect.DelegatingMethodAccessorImpl.invoke (DelegatingMethodAccessorImpl.java:43)\n at java.lang.reflect.Method.invoke (Method.java:498)\n at org.apache.maven.surefire.util.ReflectionUtils.invokeMethodWithArray (ReflectionUtils.java:189)\n at org.apache.maven.surefire.booter.ProviderFactory ProviderProxy.invoke (ProviderFactory.java:165)\n at org.apache.maven.surefire.booter.ProviderFactory.invokeProvider (ProviderFactory.java:85)\n at org.apache.maven.surefire.booter.ForkedBooter.runSuitesInProcess (ForkedBooter.java:115)\n at org.apache.maven.surefire.booter.ForkedBooter.main (ForkedBooter.java:75)\nResults :\nFailed tests: testObjectTooLarge (com.taobao.arthas.core.view.ObjectViewTest): expected: ... exceeds size limit:[100] but was: ... exceeds size limit:[ 100, try to specify -M size_limit in your command, check the help command for more.] \n "
  },
  "51": {
    "summary": "Call for document translation",
    "description": "The current document is written only in Chinese.\nI am planning to translate them into English. \nAny volunteer who is willing to help on this \n Table of content Assignee Status \n \n README DONE \n Installatoin DONE \n Quick start DONE \n Advanced usage DONE \n Commands DONE \n Commands/dashboard DONE \n Commands/thread DONE \n Commands/jvm DONE \n Commands/sysprop DONE \n Commands/getstatic DONE \n Commands/sc DONE \n Commands/sm DONE \n Commands/dump DONE \n Commands/jad DONE \n Commands/classloader DONE \n Commands/redefine DONE \n Commands/monitor DONE \n Commands/watch DONE \n Commands/trace DONE \n Commands/stack DONE \n Commands/tt DONE \n Commands/options DONE \n Commands/Basic commands DONE \nUser cases \n Release note Done #138 \nQuestions and Answers \n CONTRIBUTING Done #139 "
  },
  "56": {
    "summary": "Add English doc support ",
    "description": "\n目前文档放在 site/src/site/sphinx 下面，考虑增加一个 en 目录来放英文文档。\n把静态的资源目录 _static , _template ，还有一些图片，链接到 en 目录下面。\n在 sphinx-maven-plugin 里配置两个 execution 来build doc。\n最后生成的静态网站里中文文档在首页 arthas ，英文文档在 en 。"
  },
  "57": {
    "summary": "ReadMe and Installation translated",
    "description": ""
  },
  "60": {
    "summary": "参考链接不全，麻烦填充一下",
    "description": " [image]/10692769/45674950-b738af00-bb60-11e8-8406-55ca9bf35b8d.png\n"
  },
  "62": {
    "summary": "能否解释下 源码com.taobao.arthas.core.ArthasConsole找不到这个类 ",
    "description": " else\n # for compatibility\n # use default console\n ARGS= {TARGET_IP} {TELNET_PORT} \n if [ {BATCH_MODE} = true ] then\n ARGS= ARGS -b \n fi\n if [ -z {BATCH_SCRIPT} ] then\n ARGS= ARGS -f BATCH_SCRIPT \n fi\n eval java {ARTHAS_OPTS} \n -cp arthas-core.jar \n com.taobao.arthas.core.ArthasConsole \n {ARGS}\n fi\n这个com.taobao.arthas.core.ArthasConsole我在源码里面找不到，所以不理解这个怎么起作用 "
  },
  "67": {
    "summary": "Making English README as default",
    "description": "Hi All,\nAs Arthas is getting more and more attention, we have observed Non-Chinese users and contributors start participating in this project.\nI d like to propose that making the English README as default, and add link to Chinese README.\nHow do you guys think "
  },
  "68": {
    "summary": "quick-start and advanced-usage",
    "description": ""
  },
  "74": {
    "summary": "下载节点就不能提供一个国内的吗 ",
    "description": "使用curl -L install.sh sh下载，好吧，一进去就要更新，半天更新不好，挂VPN也更新不上。\n提供离线下载是吧，一看maven.org链接，本地下半天下不下来，挂VPN也下不下来。\n真是搞不懂，都提供中文文档了，就不能提供一个能快速下载的链接 \n我能力不够，那我不用这个工具行了吧"
  },
  "84": {
    "summary": "Weird output when packaging arthas",
    "description": " \nArchive: arthas-3.0.5-SNAPSHOT-bin.zip\ncaution: filename not matched: Downl\ncaution: filename not matched: Downl\ncaution: filename not matched: Downl\ncaution: filename not matched: Progr\ncaution: filename not matched: Downl\ncaution: filename not matched: Downl\ncaution: filename not matched: Downl\ncaution: filename not matched: Downl\ncaution: filename not matched: Downl\ncaution: filename not matched: Progr\ncaution: filename not matched: Progr\ncaution: filename not matched: \n/Users/ /.arthas size: 204M\n "
  },
  "88": {
    "summary": "Fix some typos and translated commands.md and dashboard.md",
    "description": "#88 "
  },
  "92": {
    "summary": "Remove com.taobao.arthas.core.ArthasConsole in script",
    "description": "as.sh and as.bat "
  },
  "104": {
    "summary": "Sysprop translated",
    "description": ""
  },
  "105": {
    "summary": "Getstatic translated",
    "description": ""
  },
  "106": {
    "summary": "sc en",
    "description": ""
  },
  "107": {
    "summary": "Sm en",
    "description": ""
  },
  "108": {
    "summary": "Dump en",
    "description": ""
  },
  "109": {
    "summary": "Jad en",
    "description": ""
  },
  "110": {
    "summary": "Classloader en",
    "description": ""
  },
  "112": {
    "summary": "Call for test cases",
    "description": "Hi community,\nAs we all know that this project lack of unit tests. For an open source project, unit test means quality and stability. I am planning to improve the test cases. If you would like to help please comment on this issue.\nSome of the codes may be difficult to be tested, we need a framework to bootstrap that. But we can start from simple tests.\nI would suggest to start from package com.taobao.arthas.core.view and com.taobao.arthas.core.util "
  },
  "114": {
    "summary": "translate options",
    "description": "issue #51 "
  },
  "116": {
    "summary": "redefine en",
    "description": ""
  },
  "117": {
    "summary": "format fix",
    "description": ""
  },
  "121": {
    "summary": "monitor en",
    "description": ""
  },
  "122": {
    "summary": "monitor-cn typo fix",
    "description": ""
  },
  "123": {
    "summary": "watch en",
    "description": ""
  },
  "124": {
    "summary": "trace en",
    "description": ""
  },
  "125": {
    "summary": "stack en",
    "description": ""
  },
  "126": {
    "summary": "Unit test",
    "description": ""
  },
  "128": {
    "summary": "as.sh debug fail",
    "description": "\n \nas.sh debug\nArthas script version: 3.0.4\nFound existing java process, please choose one and hit RETURN.\n* [1]: 48944 Demo\n [2]: 22647 org.jetbrains.jps.cmdline.Launcher\n [3]: 37063\n [4]: 21736\nCalculating attach execution time...\nAttaching to 48944 using version 3.0.4...\nERROR: JDWP option syntax error: -agentlib:jdwp=transport=dt_socket,address=8888,server=y,suspend=n -Djava.awt.headless=true\nattach to target jvm (48944) failed, check arthas.log or stderr of target jvm for any exceptions.\n \n as.sh debug 48944 is ok. \nIt seems that cause by n ."
  },
  "129": {
    "summary": "tt en",
    "description": ""
  },
  "130": {
    "summary": "Refactor as.sh , support more arguments",
    "description": "* support arthas home\n* support load arthas in as.sh directory\n* support more arguments\n* support detect process already using port 3658"
  },
  "131": {
    "summary": "When target-ip is 127.0.0.1, it is replaced with 0.0.0.0",
    "description": "\n com.taobao.arthas.core.config.Configure :\n java\n private String normalizeIp (String ip){\n if ( 127.0.0.1 .equals (ip)) {\n bind to all network interfaces, allowing remote connections\n return 0.0.0.0 \n }\n return ip \n }\n "
  },
  "135": {
    "summary": "NullPointerException at WildcardMatcher",
    "description": "- [x] I have searched the issues of this repository and believe that this is not a duplicate.\n Environment\n* Arthas version: 3.x\n* Operating System version: MAC OS X 10.13.4\n* Java version of target JVM: 1.8\n* Java version of JVM used to attach: 1.8\n Actual Result\nDidn t check NULL for inputs at com.taobao.arthas.core.util.matcher.WildcardMatcher#match (String string,String pattern,int stringStartNdx,int patternStartNdx) .\nmaybe the method should return false, if string or pattern is NULL. just like the logic in RegexMatcher \n \njava.lang.NullPointerException\nat com.taobao.arthas.core.util.matcher.WildcardMatcher.match (WildcardMatcher.java:27)\nat com.taobao.arthas.core.util.matcher.WildcardMatcher.matching (WildcardMatcher.java:18)\nat com.taobao.arthas.core.util.matcher.WildcardMatcherTest.testMatchingWithNullInputs (WildcardMatcherTest.java:13)\n \n"
  },
  "136": {
    "summary": "unit test for matcher package",
    "description": ""
  },
  "149": {
    "summary": "README-minor-changes.md",
    "description": "Some improvements in Grammer of Documentation"
  },
  "150": {
    "summary": "manual-install en",
    "description": "#51"
  },
  "151": {
    "summary": "advice-class en",
    "description": "#51"
  },
  "154": {
    "summary": "improve the descriptions and fix some typos",
    "description": ""
  },
  "155": {
    "summary": "when starting as.sh,that has a error message : The target pid (64) does not exist ",
    "description": "- [ ] I have searched the issues of this repository and believe that this is not a duplicate.\n Environment\n* Arthas version: 3.0.4\n* Operating System version: 3.10.0-693.el7.x86_64\n* Java version: 1.7.0_79\n Steps to reproduce this issue\n1.PID\n [1537840863 45988593-518d7b00-c0aa-11e8-9726-fd9dd582bafb.jpg\n2. start\n [image]/40824190/45988750-1770a900-c0ab-11e8-81e0-387ec403bfe7.png\n Expected Result\nstarted successful\n Actual Result\nThe target pid (64) does not exist \n"
  },
  "163": {
    "summary": "Grammar and rewording for clarity",
    "description": "Fixed grammatical errors and reworded portions of text for better clarity"
  },
  "166": {
    "summary": "bugfix test case. #165",
    "description": "bugfix test case. #165"
  },
  "168": {
    "summary": " /logs/arthas/arthas.log do not exist problem",
    "description": "1. 在3.0.4版本里，log path被错误设置为 arthas.log \n1. arthas 目录有可能失败"
  },
  "171": {
    "summary": "Check telnet port and http port before attach",
    "description": "\n1. Find the process using the port\n \n lsof -nP -iTCP:3658 grep LISTEN\n \n1. Check if the process ID is the same as the one want to attach\n"
  },
  "172": {
    "summary": "bug fix when unzip not found",
    "description": "#158 "
  },
  "173": {
    "summary": "java命令是符号链接的时候，不设置JAVA_HOME，脚本无法通过过滤启动的java进程自己设置JAVA_HOME",
    "description": "- [x] I have searched the issues of this repository and believe that this is not a duplicate.\n Environment\n* Arthas version: 3.0.4\n* Operating System version: macOS high Sierra 10.13.6 \n* Java version of target JVM: jdk_1.8.0_181\n* Java version of JVM used to attach: jdk_1.8.0_181\n Steps to reproduce this issue\n1. 不设置JAVA_HOME 且 java命令时符号连接\n2. 使用java命令启动 jar 例如 java -jar zipkin.jar\n3. 启动 arthas，报没有正确设置 JAVA_HOME\n Expected Result\nWhat do you expected from the above steps \n可以正确启动arthas\n Actual Result\nWhat actually happens \n由于java命令是一个符号连接而不是直接设置到PATH，如果没有在环境变量中设置JAVA_HOME，在脚本中通过过滤java进程设置JAVA_HOME有可能无法设置成功\nIf there is an exception, please attach the exception trace:\n \nJust put your stack trace here \n \n"
  },
  "175": {
    "summary": "[WIP] fix some logic and descriptions issues in doc",
    "description": "#"
  },
  "180": {
    "summary": "window启动报错binary operator expected",
    "description": "\nArthas script version: 3.0.2\n./as.sh: line 89: [: Program: binary operator expected\n./as.sh: line 92: [: Program: binary operator expected\nillegal ENV, please set JAVA_HOME to JDK6+\nbash -x as.sh 输出 \n \n bash -x as.sh\n+ .arthas\n+ lib\n+ tmp\n+ ARTHAS_VERSION=\n+ ARTHAS_SCRIPT_VERSION=3.0.2\n+ select m.taobao.arthas 22+AND+a: 22arthas-packaging 22 \n+ remotecontent arthas-packaging \n+ SO_TIMEOUT=5\n+ DEFAULT_TARGET_IP=127.0.0.1\n+ DEFAULT_TELNET_PORT=3658\n+ DEFAULT_HTTP_PORT=8563\n+ JVM_OPTS=\n+ BATCH_MODE=false\n+ ATTACH_ONLY=false\n+ BATCH_SCRIPT=\n+ ARTHAS_OPTS=-Djava.awt.headless=true\n+ main\n+ echo Arthas script version: 3.0.2 \nArthas script version: 3.0.2\n+ check_permission\n+ [ -w Administrator.XKZCNO ] \n+ reset_for_env\n+ mkdir -p lib\n+ [ -z Program jdk1.8.0_77 ] \nas.sh: line 89: [: Program: binary operator expected\n+ [ -d Program jdk1.8.0_77 ] \nas.sh: line 92: [: Program: binary operator expected\n++ Program java -version\n++ awk -F 2 1.5 {print 2} \n+ local JAVA_VERSION_STR=\n+ [[ -x Program jdk1.8.0_77 ]]\n+ [[ -z ]]\n+ exit_on_err 1 illegal ENV, please set JAVA_HOME to JDK6+ \n+ [[ -z illegal ENV, please set JAVA_HOME to JDK6+ ]]\n+ echo illegal ENV, please set JAVA_HOME to JDK6+ \nillegal ENV, please set JAVA_HOME to JDK6+\n+ exit 1\n"
  },
  "181": {
    "summary": "as.bat support jdk11",
    "description": "There is no tools.jar in jdk11."
  },
  "195": {
    "summary": "Test case for DateUtils",
    "description": ""
  },
  "196": {
    "summary": "本机调试运行LocalDebugTest时 VirtualMachine.attach 失败 求解。",
    "description": "VirtualMachine.attach 失败 发现 AttachProvider.providers () 返回的list size=0\npid:244676\n \n[Ljava.lang.String arthas failed, exception stack trace: \nDisconnected from the target VM, address: 127.0.0.1:50732 , transport: socket \njava.lang.NullPointerException\nat com.sun.tools.attach.VirtualMachine.attach (VirtualMachine.java:182)\nat com.taobao.arthas.core.Arthas.attachAgent (Arthas.java:68)\nat com.taobao.arthas.core.Arthas. init (Arthas.java:26)\nat com.taobao.arthas.core.Arthas.main (Arthas.java:98)\nat LocalDebugTest 1.run (LocalDebugTest.java:33)\nat java.lang.Thread.run (Thread.java:748)\nProcess finished with exit code -1\n \n"
  },
  "209": {
    "summary": "fix some typos in error prompts",
    "description": "Just grammatical issues - simple fix"
  },
  "212": {
    "summary": "as.sh support git Cygwin",
    "description": ""
  },
  "213": {
    "summary": "welcome timestamp replace with readable date time",
    "description": ""
  },
  "219": {
    "summary": "-d and -D are not working as expected in tt",
    "description": "- [x] I have searched the issues of this repository and believe that this is not a duplicate.\n Environment\n* Arthas version: 3.0.5.2018101114330\n* Operating System version: ubuntu 16.04\n* Java version of target JVM: jdk1.8.0_144\n* Java version of JVM used to attach: jdk1.8.0_144\n Steps to reproduce this issue\n1. 1. follow this to create the demo first: quick-start.md\n \n as.sh\n 3 # select the demo\n tt -t -n 3 *Demo addTwoLists\nPress Ctrl+C to abort.\nAffect (class-cnt:1 , method-cnt:1) cost in 54 ms.\n INDEX TIMESTAMP COST (ms) IS-RET IS-EXP OBJECT CLASS METHOD \n \n 1000 2018-10-11 19:21:58 1.930901 true false NULL Demo addTwoLists \n 1001 2018-10-11 19:21:58 0.096511 true false NULL Demo addTwoLists \n 1002 2018-10-11 19:21:58 0.09073 true false NULL Demo addTwoLists \nCommand execution times exceed limit: 3, so command will exit. You can set it with -n option.\n tt -l\n INDEX TIMESTAMP COST (ms) IS-RET IS-EXP OBJECT CLASS METHOD \n \n 1000 2018-10-11 19:21:58 1.930901 true false NULL Demo addTwoLists \n 1001 2018-10-11 19:21:58 0.096511 true false NULL Demo addTwoLists \n 1002 2018-10-11 19:21:58 0.09073 true false NULL Demo addTwoLists \nAffect (row-cnt:3) cost in 3 ms.\n tt -D\nError during processing the command: Time fragment index is expected, please type -i to specify\n \n Expected Result\ndelete all recorded items\n Actual Result\n \n tt -D\nError during processing the command: Time fragment index is expected, please type -i to specify\n \n F.Y.I\n \n01 2018-10-11 19:22:03.551 ERROR [as-command-execute-daemon:arthas] [] [] [] Error during processing the command:\njava.lang.IllegalArgumentException: Time fragment index is expected, please type -i to specify\n at com.taobao.arthas.core.command.monitor200.TimeTunnelCommand.checkArguments (TimeTunnelCommand.java:209) [arthas-core.jar:3.0.5-SNAPSHOT]\n at com.taobao.arthas.core.command.monitor200.TimeTunnelCommand.process (TimeTunnelCommand.java:241) [arthas-core.jar:3.0.5-SNAPSHOT]\n at com.taobao.arthas.core.shell.command.impl.AnnotatedCommandImpl.process (AnnotatedCommandImpl.java:82) [arthas-core.jar:3.0.5-SNAPSHOT]\n at com.taobao.arthas.core.shell.command.impl.AnnotatedCommandImpl.access 100 (AnnotatedCommandImpl.java:18) [arthas-core.jar:3.0.5-SNAPSHOT]\n at com.taobao.arthas.core.shell.command.impl.AnnotatedCommandImpl ProcessHandler.handle (AnnotatedCommandImpl.java:111) [arthas-core.jar:3.0.5-SNAPSHOT]\n at com.taobao.arthas.core.shell.command.impl.AnnotatedCommandImpl ProcessHandler.handle (AnnotatedCommandImpl.java:108) [arthas-core.jar:3.0.5-SNAPSHOT]\n at com.taobao.arthas.core.shell.system.impl.ProcessImpl CommandProcessTask.run (ProcessImpl.java:370) [arthas-core.jar:3.0.5-SNAPSHOT]\n at java.util.concurrent.ThreadPoolExecutor.runWorker (ThreadPoolExecutor.java:1149) [na:1.8.0_144]\n at java.util.concurrent.ThreadPoolExecutor Worker.run (ThreadPoolExecutor.java:624) [na:1.8.0_144]\n at java.lang.Thread.run (Thread.java:748) [na:1.8.0_144]\n \n"
  },
  "222": {
    "summary": "Debug Arthas In IDEA",
    "description": "Tips:\n1. It is better to run as-package.sh before start debugging, it will install the newest version.\n2. If you want to debug Arthas core like Commands , please check the second part.\n \nThe first part, debug Arthas how to attach to target JVM.\n Debug com.taobao.arthas.core.Arthas \n Start com.taobao.arthas.core.Arthas \n bash\n as.sh --debug-attach\nArthas script version: 3.0.5\nFound existing java process, please choose one and hit RETURN.\n* [1]: 56707 org.jetbrains.idea.maven.server.RemoteMavenServer\n [2]: 56612\n [3]: 442\n [4]: 56879 Demo\n4\nCalculating attach execution time...\nAttaching to 56879 using version 3.0.5.20180927185309...\nListening for transport dt_socket at address: 8888\n \nActually as.sh start the java process: \n \njava -agentlib:jdwp=transport=dt_socket,address=8888,server=y,suspend=y -Djava.awt.headless=true tools.jar -jar arthas-core.jar -pid 56879 -target-ip 127.0.0.1 -telnet-port 3658 -http-port 8563 -core arthas-core.jar -agent arthas-agent.jar\n \nThe main class of arthas-core.jar is com.taobao.arthas.core.Arthas .\n IDEA remote debug\n1. Edit Configurations\n 46815581-bc7ac980-cdad-11e8-9414-2b77d5a5cc3b.png\n1. Add new remote configuration \n 46815695-fc41b100-cdad-11e8-9fd8-eb3dac73b276.png\n1. Add breakpoint at com.taobao.arthas.core.Arthas#main , then start debugging\n 46815872-5c385780-cdae-11e8-92cf-f07a32c5ebb9.png\n"
  },
  "227": {
    "summary": "adding time cost for watching methods",
    "description": ""
  },
  "228": {
    "summary": "JUL is actually java.util.concurrency.lock",
    "description": ""
  },
  "234": {
    "summary": "sort sc command ouput",
    "description": "#233 "
  },
  "239": {
    "summary": "upgrade termd version",
    "description": "/alibaba/termd/issues/1 "
  },
  "240": {
    "summary": "Add new command ognl to execute expressions",
    "description": "\nCurrently, getstatic command can get the static field, but do not support invoke the static method.\nAcutally, ognl support Calling Static Methods and Getting Static Fields : language-guide.html\nThe ognl command will work like:\n \nognl -c dfsff456 () \nognl -c dfsff456 \n "
  },
  "243": {
    "summary": "add maven-jdk-tools-wrapper to support tools.jar ",
    "description": "A better way to support tools.jar. \n#23"
  },
  "246": {
    "summary": "classloader command support load class",
    "description": "Currently, classloader command can load the resource, support load class will be better."
  },
  "256": {
    "summary": "CustomClassResolver#classes is HashMap, do not support multiple threads",
    "description": ""
  },
  "260": {
    "summary": "We need an elegant and simple Demo 需要一个简单而优雅的例子",
    "description": "Currently, Arthas only has a simple Demo: quick-start.html\n java\nimport java.util.concurrent.TimeUnit \nimport java.util.concurrent.atomic.AtomicInteger \npublic class Demo {\n static class Counter {\n private static AtomicInteger count = new AtomicInteger (0) \n public static void increment () {\n count.incrementAndGet () \n }\n public static int value () {\n return count.get () \n }\n }\n public static void main (String[] args) throws InterruptedException {\n while (true) {\n Counter.increment () \n System.out.println ( counter: + Counter.value ()) \n TimeUnit.SECONDS.sleep (1) \n }\n }\n}\n \n1. The demo can not show all command usage\n2. The users have to compile the Demo by themselves\n \nWe should provide an as-demo.jar in release zip file, the user can start the demo: java -jar as-demo.jar .\nWe need an elegant and simple Demo to show all commands of Arthas, please make suggestions.\n我们需要一个简单而优雅的例子来展示Arthas的所有命令，请大家提出建议。"
  },
  "264": {
    "summary": "upgrade ognl to 3.1.19 ",
    "description": "/jkuhnert/ognl/issues/58"
  },
  "272": {
    "summary": "Add pure java telnet client support",
    "description": "\n1. We need a pure java telnet client\n Some users do not have native telnet client, such as windows user. When users do not have native telnet client, we need to use the pure java telnet client to connect Arthas Server\n1. Currently, com.taobao.arthas.client.TelnetConsole only support batch mode, do not support Ctrl Ctrl +D \n1. Use jline2 and can implement a pure java telnet client, demo here: java-telnet-client-demo"
  },
  "278": {
    "summary": "Add an arthas-boot module to support all platforms",
    "description": "Currently as.sh only supports linux, as.bat is difficult to maintain, we need a pure java tools as-boot.jar to support all platforms.\n* run java -jar as-boot.jar to start\n* as-boot.jar will list all java processes, and let the user choose. In short, as-boot.jar is similar to as.sh"
  },
  "284": {
    "summary": "Allow skip bind telnet port or http port",
    "description": "Currently, Arthas server will bind both telnet port and HTTP port. Provide a way to skip bind telnet port or HTTP port will be better.\nWhen the port number 0, will skip binding."
  },
  "288": {
    "summary": "add sysenv command",
    "description": "Display system env."
  },
  "296": {
    "summary": "Support session timeout configuration",
    "description": "Currently, the default session timeout is 5m, users cannot configure it."
  },
  "298": {
    "summary": "Add history command",
    "description": ""
  },
  "300": {
    "summary": "Upgrade termd to 1.1.7, better web console support",
    "description": "/alibaba/termd/milestone/1"
  },
  "301": {
    "summary": "jad command do not match inner class",
    "description": " java\n jad com.sun.proxy. Proxy0\nAffect (row-cnt:0) cost in 67 ms.\n \n java\n jad Proxy0\nClassLoader:\nLocation:\n/*\n * Decompiled with CFR 0_132.\n \npackage com.sun.proxy \nimport java.lang.annotation.Retention \nimport java.lang.annotation.RetentionPolicy \nimport java.lang.reflect.InvocationHandler \nimport java.lang.reflect.Method \nimport java.lang.reflect.Proxy \nimport java.lang.reflect.UndeclaredThrowableException \npublic final class Proxy0\n "
  },
  "302": {
    "summary": "SearchUtils replace to . , can not match classes created by lambda method",
    "description": "\n java\n// com.taobao.arthas.core.util.SearchUtils.classNameMatcher (String, boolean)\n public static Matcher String classNameMatcher (String classPattern, boolean isRegEx) {\n if (StringUtils.isEmpty (classPattern)) {\n classPattern = isRegEx .* : * \n }\n classPattern = StringUtils.replace (classPattern, , . ) \n return isRegEx new RegexMatcher (classPattern) : new WildcardMatcher (classPattern) \n }\n \nBefore: 1876631416 \nAfter: Test Lambda 1.1876631416 \n"
  },
  "305": {
    "summary": "jad command do not support classes created by lambda method",
    "description": "Refer to #302"
  },
  "307": {
    "summary": "support history-search-forward and history-search-backward",
    "description": "Provide better history match experience."
  },
  "312": {
    "summary": "clean issues in code",
    "description": ""
  },
  "318": {
    "summary": "Command long name option completion do not work as expected",
    "description": "\n \n tt --d\n \nInput tab , result is:\n \n tt --ddelete\n \nExpected:\n \n tt --delete\n "
  },
  "322": {
    "summary": "upgrade cli to 1.0.2 to support case sensitive options",
    "description": "#321 \n#219"
  },
  "325": {
    "summary": "can t satisfy target Java home which define in system path",
    "description": "- [ ] I have searched the issues of this repository and believe that this is not a duplicate.\n Environment\n* Arthas version: 3.0.5\n* Operating System version: Windows 10\n* Java version of target JVM: 1.8.0_181\n* Java version of JVM used to attach:1.8.0_181\n Steps to reproduce this issue\n [image]/27680463/49217197-ee9cc500-f407-11e8-8179-f08d3c86b954.png\n [image]/27680463/49217183-e17fd600-f407-11e8-8345-55065815bf10.png\n另外，当试图删去下图中的jre，即Arthas使用的jre，将会报错\n arthas java -jar arthas-boot.jar\nError: could not open Program jvm.cfg \n [image]/27680463/49217375-57843d00-f408-11e8-9d5a-327e80beab8c.png\n最后，在程序卸载里，将重复版本的一个jdk删掉之后，可以使用了。\n所以，当安装多个jdk时，Arthas使用了非系统环境变量版本的jdk运行自身，并在Arthas程序中， System.getProperty ( java.home ) 时返回非系统环境变量的jdk 路径。\n希望能修复，正确使用系统环境变量里配置的jdk\n"
  },
  "330": {
    "summary": "There is one character which is not displayed correctly. (有一个字符未能正确展示)",
    "description": "- [x] I have searched the issues of this repository and believe that this is not a duplicate.\n Steps to reproduce this issue\n1. go to CONTRIBUTING.md\n2. You will see there is one character which is not displayed correctly (depicted in the following pic)\n [image]/3983683/49348357-eb435b00-f6df-11e8-8858-4633b81d0b80.png\n"
  },
  "331": {
    "summary": "那个- 哪个",
    "description": "那个- 哪个\n [image]/3983683/49348296-a0c1de80-f6df-11e8-9a17-22ff545ab327.png\n"
  },
  "334": {
    "summary": " sysenv grep MAIN return an unexpected result",
    "description": "- [ ] I have searched the issues of this repository and believe that this is not a duplicate.\n Environment\n* Arthas version: \n* Operating System version: \n* Java version of target JVM: \n* Java version of JVM used to attach: \n Steps to reproduce this issue\n1. java -jar arthas-boot.jar\n2. select a process to attach\n3. sysenv grep MAIN\n Expected Result\ndemo.MathGame as quick-start.html\n Actual Result\n USERDOMAIN DESKTOP-BDEGJ0O\n USERDOMAIN_ROAMINGPROFILE DESKTOP-BDEGJ0O\n"
  },
  "336": {
    "summary": "ognl express do not support get private field",
    "description": "\n \n watch demo.MathGame primeFactors target.illegalArgumentCount \nPress Ctrl+C to abort.\nAffect (class-cnt:1 , method-cnt:1) cost in 37 ms.\nwatch failed, condition is: null, express is: target.illegalArgumentCount, ognl.NoSuchPropertyException: demo.MathGame.illegalArgumentCount, visit arthas.log for more details.\n \n* The arthas demo need to change field illegalArgumentCount to public."
  },
  "338": {
    "summary": "Prefer to use java under jdk, not jre",
    "description": "\n System.getProperty ( java.home ) maybe . \n jps may under two directories:\n \n/opt/jdk/bin/jps\n/opt/jdk/jre/bin/jps\n \nIt is better to use java under jdk, not jre. "
  },
  "339": {
    "summary": "maven-assembly-plugin support Implementation-Version",
    "description": ""
  },
  "340": {
    "summary": "Fix quick-start.md: Demo process should be the second one.",
    "description": ""
  },
  "349": {
    "summary": "When using jdk 7 , use http to download to avoid SSL Exception",
    "description": ""
  },
  "352": {
    "summary": "More user-friendly prompts when selecting pid.",
    "description": "When users accidentally enter a non-integer, prompt instead of printing\nstack trace.\n \n[INFO] Process 3027 already using port 3658\n[INFO] Process 3027 already using port 8563\n* [1]: 3027 jar\na\nException in thread main java.util.InputMismatchException\nat java.util.Scanner.throwFor (Scanner.java:913)\nat java.util.Scanner.next (Scanner.java:1534)\nat java.util.Scanner.nextInt (Scanner.java:2164)\nat java.util.Scanner.nextInt (Scanner.java:2123)\nat com.taobao.arthas.boot.ProcessUtils.select (ProcessUtils.java:71)\nat com.taobao.arthas.boot.Bootstrap.main (Bootstrap.java:252)\n "
  },
  "354": {
    "summary": "sysenv.md URL fix.",
    "description": ""
  },
  "356": {
    "summary": "Improve get Java version",
    "description": "1. 我觉得既然有了 JavaVersionUtils 工具类，那么在获取Java版本时尽量要使用它\n2. java 和 jps 都是JAVA的二进制文件，是否能统一它们的查找过程 "
  },
  "361": {
    "summary": "arthas-boot run jps with -l argument",
    "description": "\n \n jps\n78562 Jps\n78487 jar\n22342\n78526 jar\n \n \n jps -l\n78487 arthas-demo.jar\n22342\n78573 sun.tools.jps.Jps\n78526 arthas-boot.jar\n "
  },
  "363": {
    "summary": "as.sh do not support batch mode",
    "description": " \nas.sh -c sysprop thread 81719\nArthas script version: 3.0.5\n \n \ncom.taobao.middleware.cli.CLIException: Cannot inject value for argument 1 \nat com.taobao.middleware.cli.annotations.CLIConfigurator.inject (CLIConfigurator.java:270)\nat com.taobao.arthas.client.TelnetConsole.main (TelnetConsole.java:168)\nCaused by: com.taobao.middleware.cli.InvalidValueException: The value -p is not accepted by the argument port \nat com.taobao.middleware.cli.impl.DefaultCommandLine.create (DefaultCommandLine.java:315)\nat com.taobao.middleware.cli.impl.DefaultCommandLine.getArgumentValue (DefaultCommandLine.java:171)\nat com.taobao.middleware.cli.annotations.CLIConfigurator.getArgumentValue (CLIConfigurator.java:230)\nat com.taobao.middleware.cli.annotations.CLIConfigurator.inject (CLIConfigurator.java:264)\n... 1 more\nCaused by: java.lang.IllegalArgumentException: java.lang.NumberFormatException: For input string: -p \nat com.taobao.middleware.cli.converters.ConstructorBasedConverter.fromString (ConstructorBasedConverter.java:70)\nat com.taobao.middleware.cli.converters.Converters.create (Converters.java:52)\nat com.taobao.middleware.cli.impl.DefaultCommandLine.create (DefaultCommandLine.java:312)\n... 4 more\nCaused by: java.lang.NumberFormatException: For input string: -p \nat java.lang.NumberFormatException.forInputString (NumberFormatException.java:65)\nat java.lang.Integer.parseInt (Integer.java:580)\nat java.lang.Integer. init (Integer.java:867)\nat sun.reflect.NativeConstructorAccessorImpl.newInstance0 (Native Method)\nat sun.reflect.NativeConstructorAccessorImpl.newInstance (NativeConstructorAccessorImpl.java:62)\nat sun.reflect.DelegatingConstructorAccessorImpl.newInstance (DelegatingConstructorAccessorImpl.java:45)\nat java.lang.reflect.Constructor.newInstance (Constructor.java:423)\nat com.taobao.middleware.cli.converters.ConstructorBasedConverter.fromString (ConstructorBasedConverter.java:67)\n... 6 more\nUsage: arthas-client [-w value ] [--help] [-c value ] [-f value ] [-h\n value ] [target-ip] [port]\n \n"
  },
  "364": {
    "summary": "Support build docker image",
    "description": "Like nginx: "
  },
  "376": {
    "summary": "使用arthas-boot时打印对象有乱码",
    "description": "- [x] 我已经在 issues 里搜索，没有重复的issue。\n 环境信息\n* arthas-boot.jar 的版本 3.0.5.1\n* 操作系统版本: Linux 3.10.0-862.2.3.el7.x86_64\n* 目标进程的JDK版本: 1.8 \n* 目标进程的JVM版本: 25.144-b01\n* 系统字符集如下图\n [image]/5311716/50070404-bddecd00-0208-11e9-9cc1-dda83481543b.png\n [image]/5311716/50070408-c505db00-0208-11e9-8c6b-262b1e5d1fc2.png\n 重现问题的步骤\n1. 启动demo工程\n2. arthas监听接口接收的中文参数\n3. arthas监听接口返回的中文内容\n4. hello\n [image]/5311716/50070430-dfd84f80-0208-11e9-80c6-02d9be48c763.png\n [image]/5311716/50070447-f1b9f280-0208-11e9-98a1-1b10259bf4a4.png\n监听的demo是基于spring boot 2.1.1.RELEASE开发的，代码如下\n[demo2018.zip]/alibaba/arthas/files/2684736/demo2018.zip\n 期望的结果\n中文正常显示\n 实际运行的结果\n中文乱码\n [image]/5311716/50070456-fd0d1e00-0208-11e9-8bc9-90479eb7897e.png\n但是通过telnet连接arthas监控则正常显示中文\n [image]/5311716/50070490-2a59cc00-0209-11e9-85a7-83d91de02f46.png\n"
  },
  "379": {
    "summary": "Removing unused imports",
    "description": "Signed-off by: Sergio Escalante sergioescala .com"
  },
  "380": {
    "summary": "Fixing typos",
    "description": "Signed-off by: Sergio Escalante sergioescala .com"
  },
  "382": {
    "summary": "Fix #381: improve find tools.jar logic",
    "description": "1. 我觉得 as.sh 的行为应该和 arthas-boot 保持一致，虽然我们可以通过环境变量和java命令找到可能的 JAVA_HOME ，但实际上我们并不能肯定它就是 和 arthas-boot 一样，我们在java9以下的版本中，在找 tools.jar 文件的同时，修正我们之前找到的那个 JAVA_HOME \n2. (call_jps) grep -v sun.tools.jps.Jps 这条语句会报 command not found 错误，原因是会把 (call_jps)的结果作为命令来执行\nFix #381 "
  },
  "383": {
    "summary": "ProcessUtils查找tools.jar的方式错误，导致无法找到",
    "description": "- [ ] 我已经在 issues 里搜索，没有重复的issue。\n 环境信息\n* arthas-boot.jar 或者 as.sh 的版本 3.0.5.1\n* Arthas 版本: 3.0.5.1\n* 操作系统版本: win10\n* 目标进程的JVM版本:jdk8\n* 执行 arthas-boot 的版本: 3.0.5.1\n 重现问题的步骤\n1. ProcessUtils查找tools.jar的方式错误，导致无法找到\n实际路径 javahome + tools.jar\n代码查找路径 javahome tools.jar\n \n at com.taobao.arthas.boot.ProcessUtils.findToolsJar (ProcessUtils.java:321)\n at com.taobao.arthas.boot.ProcessUtils.startArthasCore (ProcessUtils.java:203)\n at com.taobao.arthas.boot.Bootstrap.main (Bootstrap.java:411)\n \n"
  },
  "386": {
    "summary": "arthas version mirror use --build-arg",
    "description": "default 3.0.5\n \ndocker build --build-arg ARTHAS_VERSION=3.0.3 . -t \n "
  },
  "388": {
    "summary": "Create Dockerfile-No-Jdk",
    "description": "ref doc docker.html\nIn this scenario\nbase on openjdk:8-alpine, the image size 110MB\n \ndocker build --build-arg MIRROR=true . -t arthas:jdk\n \nbase on alpine only 15MB\n \ndocker build -f Dockerfile-No-Jdk --build-arg MIRROR=true . -t arthas:no-jdk\n \n [image]/15098916/50277928-bcb7d500-0480-11e9-93f3-5280471a42b3.png\n"
  },
  "389": {
    "summary": "Change docker hub repository url.",
    "description": "之前的链接是需要登录docker hub才能访问，修改为不用登录就能访问的链接"
  },
  "407": {
    "summary": "Use uppercase L to declare variables",
    "description": "long或者Long初始赋值时，必须使用大写的L，不能是小写的l，小写容易跟数字1混淆，造成误解。\n"
  },
  "412": {
    "summary": "thread -n 1 grep main ( 文档介绍中，这句话没有和预期不一样呢",
    "description": "thread -n 1 grep main ( \n中 ( 是什么意思\n [image]/18010792/50505297-cb6c4080-0aad-11e9-9f57-e78fbed2103d.png\n[文档]/arthas/quick-start.html\n"
  },
  "424": {
    "summary": "add known user",
    "description": "add known user tashequ"
  },
  "438": {
    "summary": "add 2dfire user",
    "description": "add 2dfire user"
  }
}