{
  "11": {
    "summary": "MeCab.Tagger import problem",
    "description": "/e9t/konlpy/blob/master/konlpy/tag/_mecab.py\n py\ntry:\n from MeCab import Tagger\nexcept ImportError:\n pass\n \nIf you don't have a MeCab package, it won't work anyway, so it's best not to write except syntax here, or raise a meaningful exception.\n \n",
    "summary_bilingual_indexes": [
      0
    ],
    "description_bilingual_indexes": [
      7
    ]
  },
  "14": {
    "summary": "Update references.rst (UMorpheme link fixed)",
    "description": "",
    "summary_bilingual_indexes": [],
    "description_bilingual_indexes": []
  },
  "17": {
    "summary": "Add Python 3 compatibility.",
    "description": "This patch allows most part of konlpy (except MeCab) to run on Python 3. All other tests in the test suite were passed on both 2.7 and 3.4. Thank you for the great project \n",
    "summary_bilingual_indexes": [],
    "description_bilingual_indexes": []
  },
  "19": {
    "summary": "MeCab Python 3 support",
    "description": "Though most of the wrappers works fine with Python 3, MeCab-ko wrapper for python does not supports Python 3. Monkey patching or waiting for MeCab-ko-python wrapper developers to enhance their libraries, or any other ideas \n",
    "summary_bilingual_indexes": [],
    "description_bilingual_indexes": []
  },
  "25": {
    "summary": "Manual source code typos",
    "description": "Hello, thank you for your hard work.\nNothing else, the source code recorded in the manual has typos, please go ahead.\n/en/latest/api/konlpy.tag/\nThis is the part where there was a mistake.\nIn Kkma Class\nPrint kkma.morph (u) is not used very often, so I forgot all about it. )\nIn the above syntax, change morph to morphs.\nThank you.\n",
    "summary_bilingual_indexes": [
      0
    ],
    "description_bilingual_indexes": [
      0,
      1,
      3,
      4,
      5,
      6,
      7
    ]
  },
  "26": {
    "summary": "Update install.po",
    "description": "Typos correction.\n(62 bit window-64 bit window, win-amd62-win-amd64)\n",
    "summary_bilingual_indexes": [],
    "description_bilingual_indexes": [
      0,
      1
    ]
  },
  "37": {
    "summary": "Fix konlpy.utils.pprint on Windows",
    "description": "When you use konlpy.utils.pprint in a window, gibberish is output.\n pre \n from konlpy.utils import pprint\nPprint (u-woo)\nWhoo-hoo\n /pre \n",
    "summary_bilingual_indexes": [],
    "description_bilingual_indexes": [
      0,
      3,
      4
    ]
  },
  "41": {
    "summary": "Komoran interface correction",
    "description": "Modify the algorithm that continues to create instances while running analyze\n-improve the speed of analysis\n",
    "summary_bilingual_indexes": [
      0
    ],
    "description_bilingual_indexes": [
      0,
      1
    ]
  },
  "42": {
    "summary": "Modify bash script syntax",
    "description": "I tried to install konlpy in virtual environment python3 but failed a lot of time.\nI found bash script syntax error.\nThanks.\n",
    "summary_bilingual_indexes": [],
    "description_bilingual_indexes": []
  },
  "43": {
    "summary": "FileNotFoundError occurred in virtualenv python3",
    "description": " bash\n (python3)Documents pip3 install konlpy\nDownloading/unpacking konlpy\n Downloading konlpy-0.4.0.tar.gz (13.4MB): 13.4MB downloaded\n Running setup.py setup.py) egg_info for package konlpy\n Traceback (most recent call last):\n File string , line 17, in module \n File setup.py , line 59, in module \n install_requires=requirements ())\n File setup.py , line 14, in requirements\n with open (os.path.join (os.path.dirname (__file__), reqfile)) as f:\n FileNotFoundError: [Errno 2] No such file or directory: requirements-py3.txt \n Complete output from command python setup.py egg_info:\n Traceback (most recent call last):\n File string , line 17, in module \n File setup.py , line 59, in module \n install_requires=requirements ())\n File setup.py , line 14, in requirements\n with open (os.path.join (os.path.dirname (__file__), reqfile)) as f:\nFileNotFoundError: [Errno 2] No such file or directory: requirements-py3.txt \n \nCleaning up...\nCommand python setup.py egg_info failed with error code 1 in konlpy\nStoring debug log for failure in pip.log\n \nIt is well installed in the python 2.x virtual environment.\n",
    "summary_bilingual_indexes": [],
    "description_bilingual_indexes": [
      25
    ]
  },
  "48": {
    "summary": "Generate wheel when uploading pypi",
    "description": "Note:\n",
    "summary_bilingual_indexes": [
      0
    ],
    "description_bilingual_indexes": [
      0
    ]
  },
  "49": {
    "summary": "Add a Gitter chat badge to README.rst",
    "description": " konlpy now has a Chat Room on Gitter\n has just created a chat room. You can visit it here: konlpy.\nThis pull-request adds this badge to your README.rst:\n[ [Gitter]/Join 20Chat.svg]/konlpy/konlpy\nIf my aim is a little off, please [let me issues.\nHappy chatting.\nPS: [Click opt-out if you would prefer not to receive automatic pull-requests from Gitter in future.\n",
    "summary_bilingual_indexes": [],
    "description_bilingual_indexes": []
  },
  "50": {
    "summary": "Installation error on Python3 when installing version 0.4.2 to the whl file through pip",
    "description": "Initially, in Python3, we needed to install the JPype1-py3 package, not JPype1, which was being installed electronically when I saw the installation log.\n pre \nepark : pip3 install konlpy --upgrade\nDownloading/unpacking konlpy from konlpy-0.4.2-py2.py3-none-any.whl\n Downloading konlpy-0.4.2-py2.py3-none-any.whl (22.4MB): 22.4MB downloaded\nDownloading/unpacking JPype1 =0.5.7 (from konlpy)\n Downloading JPype1-0.5.7.tar.gz (138kB): 138kB downloaded\n Running setup.py setup.py) egg_info for package JPype1\n Traceback (most recent call last):\n File string , line 17, in module \n File setup.py , line 9, in module \n import exceptions\n ImportError: No module named exceptions \n Complete output from command python setup.py egg_info:\n Traceback (most recent call last):\n File string , line 17, in module \n File setup.py , line 9, in module \n import exceptions\nImportError: No module named exceptions \n \nCleaning up...\nCommand python setup.py egg_info failed with error code 1 in JPype1\nStoring debug log for failure in pip.log\n /pre \nNow, requirements.txt and requirements-py3.txt are passed to Python 2 and 3 through setup.py in setup.py, and requirements.txt seems to be being passed in bulk.\n",
    "summary_bilingual_indexes": [
      0
    ],
    "description_bilingual_indexes": [
      0,
      24
    ]
  },
  "59": {
    "summary": "global name jpype is not defined in Kkma ()",
    "description": "- Environment: MacOS, Python 2.7, JPype 0.6.0 (or 0.5.7), python and the majority of modules were installed by Anaconda.\nHi, I had this error message when I try to initiate Kkma ()\n NameError: global name jpype is not defined\n, on the line82 of _kkma.py, where the init function checks jpype.isJVMStarted ()\nIt doesn t throw any error when I manually import jpype in the interpreter. But It fails to import jpype in the _kkma.py, which was confirmed by adding an error message in the _italic_ except statement at the beginning of _kkma.py. I also tried to fix it by adding the path of jpype.egg before it imports jpype, still doesn t work. It may be my problem, not konlpy s, but do you have any idea \nCheers,\nKeunwoo\n",
    "summary_bilingual_indexes": [],
    "description_bilingual_indexes": []
  },
  "67": {
    "summary": "Process finished with exit code-1073741819 (0xC0000005) shutdown occurs",
    "description": " python\nfrom konlpy.tag import Twitter\ntwitter = Twitter (jvmpath=None)\nPrint (twitter.morphs (for multiple bids instead of u separate bids))\n \nI gave a simple example, it doesn't work properly, and Process finished with exit code-1073741819 (0xC0000005) ends up like this. Do you know why?\n",
    "summary_bilingual_indexes": [
      0
    ],
    "description_bilingual_indexes": [
      3,
      5
    ]
  },
  "69": {
    "summary": "add installation guide for centos6.4",
    "description": "I added installation guide for Centos6.4\n",
    "summary_bilingual_indexes": [],
    "description_bilingual_indexes": []
  },
  "73": {
    "summary": " Kkma ().nouns raises jpype._jexception.java.lang.OutOfMemoryErrorPyRaisable on a weird sentence",
    "description": " \nfrom konlpy.tag import Kkma\nText=. Ouch. Me. Zayazo. It's not what d said today, it's not that. Qiuji. Goose, I want to eat it. In the dream, the hermit (Nenechikin) Moral integrity\nnouns = Kkma ().nouns (text)\n \nWhen you execute the above text using the Kkma (). Nouns (text) expression, you will make full use of CPU and memory resources until an error occurs. After a few minutes, the jpype._jexception.java.lang.OutOfMemoryErrorPyRaisable error terminates.\nThere is nothing wrong with other NLP.\n",
    "summary_bilingual_indexes": [],
    "description_bilingual_indexes": [
      2,
      5,
      6
    ]
  },
  "76": {
    "summary": "A problem with the Java runtime not found when running on Mac (Yosemite 10.10.4)",
    "description": "When you install konlpy on Mac and call kkma.nouns (), a prompt window prompts you to install Java 6 with the following error message:\n \nNo Java runtime present, requesting install.\n \n img width= 532 alt= screen shot 2015-09-06 at 1 56 13 am 81662794-543a-11e5-96f5-4dcfcc9f3fc1.png \nCurrently, Java 7 is installed on the system.\n \n java -version \njava version 1.7.0_51 \nJava (TM) SE Runtime Environment (build 1.7.0_51-b13) \nJava HotSpot (TM) 64-Bit Server VM (build 24.51-b03, mixed mode) \n \nNot only JRE, but also JDK.\n \n javac -version\njavac 1.7.0_51\n \n",
    "summary_bilingual_indexes": [
      0
    ],
    "description_bilingual_indexes": [
      0,
      5,
      12
    ]
  },
  "86": {
    "summary": "Simplify, replace method to using equals",
    "description": "When comparing String, we will use = = to call equals.\nChange the for statement to use the foreach statement.\nKonlpy requires JDK 1.7 or later to be installed, so change new ArrayList String () to new ArrayList ().\nFor list.toArray (new String [0]), if element exists in the list, the size of the array will be smaller than the list and the array will always be regenerated. Change the list.toArray (new String [list.size ()]) array to create and pass at the list size.\nWhen you bypass the for statement, the syntax for adding element to the list.add (morphemes [j]) list is changed to Collections.addAll (list,morphemes) and the for statement is removed.\n",
    "summary_bilingual_indexes": [],
    "description_bilingual_indexes": [
      0,
      1,
      2,
      3,
      4
    ]
  },
  "101": {
    "summary": "removing sudo check python3 on mecab install script",
    "description": "with sudo , installing on virtual environment fails.\n",
    "summary_bilingual_indexes": [],
    "description_bilingual_indexes": []
  },
  "126": {
    "summary": "Update reference link",
    "description": "# 124 fixed links related to references.",
    "summary_bilingual_indexes": [],
    "description_bilingual_indexes": [
      0
    ]
  },
  "135": {
    "summary": "Add join parameter",
    "description": "This pull request is about issue #75 .\nDeveloped parts are as follows.\n- Development target\n - _hannanum\n - Add join parameter at parse function (default : False)\n - Add join parameter at pos function (default: False)\n - _kkma\n - Add join parameter at pos function (default: False)\n - _komoran\n - Add join parameter at parse function (default : False)\n - Add join parameter at _parse function (default : False)\n - Add join parameter at pos function (default: False)\n - _mecab\n - Add join parameter at parse function (default : False)\n - Add join parameter at split function (default : False)\n - Add join parameter at pos function (default: False)\n - _twitter\n - Add join parameter at pos function (default: False)\n- Test target\n - Cover pos functions of all the development targets.\n- Documentation\n - Add join parameter description at pos functinos of all the development targets.\n Thanks ",
    "summary_bilingual_indexes": [],
    "description_bilingual_indexes": []
  },
  "158": {
    "summary": "install automake with dependency, check sudo",
    "description": "I don't know if it's just me.\nWhen automake was installed directly in Ubuntu version 16.04, autoconf dependency could not be installed properly and was modified to install as a package manager.\nIn addition, if the 93aff9e6e0bde2de77a3e897c18a664193f43c70 submission is not a virtual environment, the sudo is modified as a permission issue.",
    "summary_bilingual_indexes": [],
    "description_bilingual_indexes": [
      0,
      1,
      2
    ]
  },
  "161": {
    "summary": "Edit directory explicitly: mecab-ko-dic",
    "description": "zsh does not understand cd automake-* and outputs cd: string not in pwd: automake-1.11 \n [image]/18069263/30518866-1f0c21ba-9bc4-11e7-97a1-e5056f2a055e.png\n cd automake-1.11 works\n [image]/18069263/30518872-4f9b83ac-9bc4-11e7-8755-002068f2e5c7.png\n",
    "summary_bilingual_indexes": [],
    "description_bilingual_indexes": []
  },
  "179": {
    "summary": "Correct utils.pprint stream=sys.stderr as an option",
    "description": "In PrettyPrint, the original stream is optional, and konlpy does not allow it.\nBecause there is no, so it is simply mended.\nPprint (Hello) # traditional way\nPprint (Hello, stream=sys.stdout) # New must be marked with stdout\nPprint (Hello, stream=sys.stderr) # send print to the new stderr\nCompatible with backward, compatible with existing versions.\nThank you.",
    "summary_bilingual_indexes": [
      0
    ],
    "description_bilingual_indexes": [
      0,
      1,
      2,
      3,
      4,
      5,
      6
    ]
  },
  "194": {
    "summary": "Remove description.py and change author name",
    "description": "This PR contains the following changes:\n1. The metadata in the package is divided into description.py,__init__.py, so the former is deleted, leaving only the latter.\n2. The distribution version of koshort has been deleted for _ _ version__,.\n3. At this time, when the external import version is python setup.py install through pkg_resources, it is deleted because I feel that it is not the current package version, but is installed with the existing package version. In case I am wrong, please modify it again.\n4. Previously, the author name of the package was Lucy Park and modified to Team KoNLpy. I hope to put aside my authorship and become a project that the team and the community can participate in and contribute to.",
    "summary_bilingual_indexes": [],
    "description_bilingual_indexes": [
      0,
      1,
      2,
      3,
      4
    ]
  },
  "198": {
    "summary": " Update Komoran 2.4 - 3",
    "description": "-the updated version is Komoran 2.4-Komoran 3.0.\n-added the ability to register user dictionaries in the form of text files in Komoran.",
    "summary_bilingual_indexes": [],
    "description_bilingual_indexes": [
      0,
      1
    ]
  },
  "199": {
    "summary": "JVM page memory limit",
    "description": "-when using jpype to drive JVM, if you do not set the maximum value of heap memory, the memory in use of KoNLpy will continue to increase.\n-if the maximum is not set, set 32 gb (based on 64-bit) and 1 gb (32-bit) as the default values.\n-it is estimated that gc will not work properly before running out of memory, resulting in unnecessary memory accumulation.\n-when you set the argument of heap memory on the _ _ init__ of each Tagger in konlpy.tag, you think you can adjust the memory according to your situation.",
    "summary_bilingual_indexes": [
      0
    ],
    "description_bilingual_indexes": [
      0,
      1,
      2,
      3
    ]
  },
  "200": {
    "summary": "Fix #199",
    "description": "Under the jvm driver, we limit the maximum memory usage to the argument of each tagger.",
    "summary_bilingual_indexes": [],
    "description_bilingual_indexes": [
      0
    ]
  },
  "201": {
    "summary": "Ignore empty sentence",
    "description": "When phrase is divided by sentence, the result of using n) is to create an empty sentence in the last sentence that contains line separator, as follows:\nExample sentence n)-[is an example sentence,]\nIn Komoran, if empty str enters input, null point exception is generated, so if the sentence is empty, the part that ignores it is added.\n",
    "summary_bilingual_indexes": [],
    "description_bilingual_indexes": [
      0,
      1,
      2
    ]
  },
  "211": {
    "summary": "Koshort ♥ KoNLPy",
    "description": "# [Koshort] KoNLPy #202\nChange\n* change the version from 0.5.1 to 0.5.2.\n* koshort utilities and data related functions have been added to konlpy.utils and konlpy.data.\n* the constants module that holds the koshort constant has been migrated to konlpy.constants.\n* with stream subpackage, you can now stream Chinese websites to konlpy.\n* when installing the konlpy software package, this pull-request can stream the website through command-line commands such as stream_twitter, stream_naver, stream_daum, stream_google and stream_dkinside.\n* lxml, beautifulsoup and other dependency are generated.\n* python2.7 is supported, but the previous koshort package does not support ()\n* the unittest of koshort has been transferred to konlpy.",
    "summary_bilingual_indexes": [],
    "description_bilingual_indexes": [
      1,
      2,
      3,
      4,
      5,
      6,
      7,
      8,
      9
    ]
  },
  "214": {
    "summary": "update latest versions for mecab.sh",
    "description": "update latest mecab-0.996-ko and mecab-ko-dic",
    "summary_bilingual_indexes": [],
    "description_bilingual_indexes": []
  }
}