{
  "1": {
    "summary": "[Support Carthage]",
    "description": "[Support Carthage]",
    "summary_bilingual_indexes": [],
    "description_bilingual_indexes": []
  },
  "7": {
    "summary": "Update podspec",
    "description": "Add missing resources bundle to podspec file.",
    "summary_bilingual_indexes": [],
    "description_bilingual_indexes": []
  },
  "8": {
    "summary": "fix typo",
    "description": "",
    "summary_bilingual_indexes": [],
    "description_bilingual_indexes": []
  },
  "12": {
    "summary": "NSMutableArray is changed to strong and typos are corrected.",
    "description": "",
    "summary_bilingual_indexes": [
      0
    ],
    "description_bilingual_indexes": []
  },
  "33": {
    "summary": "[Fix] BUG when both controllers need to hold",
    "description": "",
    "summary_bilingual_indexes": [
      0
    ],
    "description_bilingual_indexes": []
  },
  "34": {
    "summary": "Fix incorrect property naming",
    "description": "Should be Attributes not Attributeds ",
    "summary_bilingual_indexes": [],
    "description_bilingual_indexes": []
  },
  "47": {
    "summary": "Master",
    "description": "",
    "summary_bilingual_indexes": [],
    "description_bilingual_indexes": []
  },
  "50": {
    "summary": "add paging effect",
    "description": "better user experience",
    "summary_bilingual_indexes": [],
    "description_bilingual_indexes": []
  },
  "53": {
    "summary": "fixed typo error",
    "description": "use _livePhoto",
    "summary_bilingual_indexes": [],
    "description_bilingual_indexes": []
  },
  "58": {
    "summary": "Four small improvements to UIImage (QMUI) classification",
    "description": "1. Fix the problem that a CGImageRef instance is not released in the [UIImage (QMUI) qmui_grayImage] method.\n2. Fix the problem of incorrect transparency adjustment in the [UIImage (QMUI) qmui_imageWithAlpha:] method when the original image does not have an alpha channel.\n3.Improvement+[UIImage (QMUI)\nThe qmui_imageWithColor:size:cornerRadius:] method enables it to generate a solid color image without an alpha channel when the rounded corners are 0 and the color is opaque.",
    "summary_bilingual_indexes": [
      0
    ],
    "description_bilingual_indexes": [
      0,
      1,
      2,
      3
    ]
  },
  "81": {
    "summary": "Master",
    "description": "Set separatorColor only when separatorLayer is successfully created.",
    "summary_bilingual_indexes": [],
    "description_bilingual_indexes": [
      0
    ]
  },
  "127": {
    "summary": "fix QMUIButton s bug when It s load from a nib file.",
    "description": "During initialization, if contentEdgeInsets has a value, contentEdgeInsets should no longer be forced to be set.",
    "summary_bilingual_indexes": [],
    "description_bilingual_indexes": [
      0
    ]
  },
  "139": {
    "summary": "Add Nullability to QMUITips",
    "description": "To ensure that it can be used in Swift, nil can be passed in Detail and Nullability is added.",
    "summary_bilingual_indexes": [
      0
    ],
    "description_bilingual_indexes": [
      0
    ]
  },
  "144": {
    "summary": "Fix the crash that may occur when imageData is empty",
    "description": "The imageData here may be empty, so it needs to be protected.",
    "summary_bilingual_indexes": [
      0
    ],
    "description_bilingual_indexes": [
      0
    ]
  },
  "191": {
    "summary": "Albums imported through iTunes cannot be seen in the album list",
    "description": "Please fill in the operating environment\n- [x] Device iPhone iPad Simulator\n- [x] System iOS 10.x\n- [x] Xcode version 8.x\n- [x] QMUI iOS version 1.xx\nPlease describe the specific problem\nRelevant screenshots of breakpoint stacks and console logs\n",
    "summary_bilingual_indexes": [
      0
    ],
    "description_bilingual_indexes": [
      0,
      1,
      2,
      3,
      4,
      5,
      6
    ]
  },
  "197": {
    "summary": "Enable QMUIAssetsManager to use the local path of the image to save to the system album",
    "description": "1. Some RAW image formats, such as Sony&#39;s ARW format, cannot be converted to UIImage, but they can be converted to NSData and saved to the system album, so a saving method by using the image path is added.\n2. Fix some typos.",
    "summary_bilingual_indexes": [
      0
    ],
    "description_bilingual_indexes": [
      0,
      1
    ]
  },
  "222": {
    "summary": "Fix the problem that the proxy callback will be called multiple times, and modify the callback timing of AlertAction",
    "description": "Fixed the problem that the proxy callback would be called multiple times, and modified the callback timing of AlertAction to after the AlertController disappears.",
    "summary_bilingual_indexes": [
      0
    ],
    "description_bilingual_indexes": [
      0
    ]
  },
  "228": {
    "summary": "Fixed When using xib storyboard, the size of buttons and labels displays errors.",
    "description": "When using xib storyboard, if you use button and label to only constrain x, y, then the system will use\nintrinsicContentSize: The size returned by the method. And QMUIButton and QMUILabel\nIf you use your own method to calculate the size, we should also override the system&#39;s intrinsicContentSize to maintain the consistency of the calculation method.",
    "summary_bilingual_indexes": [
      0
    ],
    "description_bilingual_indexes": [
      0,
      1,
      2
    ]
  },
  "230": {
    "summary": "UIView convertRect:fromView: conversion error may occur under iOS 8",
    "description": "Please fill in the operating environment\n- [x] Device emulator\n- [x] System iOS 8.x\n- [x] Xcode version 9.x\n- [x] QMUI iOS version 2.0.0\nPlease describe the specific problem\niPad landscape screen, the test code is as follows\n Objective-C\n// Obviously navigationBar.x is 0, but after conversion, we get 1408\nCGRect navigationBarFrameInView = [self.view convertRect:self.navigationController.navigationBar.frame fromView:self.navigationController.navigationBar.superview] \n ",
    "summary_bilingual_indexes": [
      0
    ],
    "description_bilingual_indexes": [
      0,
      1,
      2,
      3,
      4,
      5,
      6,
      8
    ]
  },
  "261": {
    "summary": "QMUINavigationController pushes at the same time as present. After dismissing, the original push interface cannot be seen, and future pushes cannot respond.",
    "description": "Please fill in the operating environment\n- [x] Device emulator\n- [x] System iOS 11.2\n- [x] Xcode version 9.2\n- [x] QMUI iOS version 2.2.2\nPlease describe the specific problem\n Objective-C\n// 1. First present a vc\nUIViewController *vc = [[UIViewController alloc] init] \n[self presentViewController:vc animated:YES completion:NULL] \n// 2. Push a vc at the same time\nUIViewController *vc2 = [[UIViewController alloc] init] \n[self.navigationController pushViewController:vc2 animated:YES] \n// After n amount of time...\n// 3. Dismiss the vc present in 1\nvc dismissX \n// 4. Push again and you will find that you cannot push.\nUIViewController *vc3 = [[UIViewController alloc] init] \n[self.navigationController pushViewController:vc3 animated:YES] \n \nCause Analysis\nIn QMUINavigationController, in order to protect the crash that is easily caused by &quot;starting the next push operation before the last push animation has ended&quot;, the attribute isViewControllerTransiting protection is added. It will be set to YES when pushing. After the push ends, navigationController:didShowViewController: will be restored to NO, as long as isViewControllerTransiting is YES, it will not respond to any push or pop operations.\nIn the above scenario, because QMUINavigationController is covered by presentedViewController, the push will not go to navigationController:didShowViewController:, so the isViewControllerTransiting property is not reset correctly, which affects subsequent push operations.\n",
    "summary_bilingual_indexes": [
      0
    ],
    "description_bilingual_indexes": [
      0,
      1,
      2,
      3,
      4,
      5,
      7,
      10,
      13,
      14,
      16,
      20,
      21,
      22
    ]
  },
  "263": {
    "summary": "The width of the QMUICellHeightCache control passed to cell sizeThatFits: is wrong in the iPhone X horizontal and vertical screens.",
    "description": "Please fill in the operating environment\n- [x] Device emulator\n- [x] System iOS 11.2\n- [x] Xcode version 9.2\n- [x] QMUI iOS version 2.2.2\nPlease describe the specific problem\nWhen the screen is rotated horizontally and vertically under iPhone When calculating the cell height, qmui_safeAreaDidChange does not correctly determine whether the value of safeAreaInsets has changed in the horizontal direction. As a result, reloadData is not called at certain times, and the cell height calculation is inaccurate.\n",
    "summary_bilingual_indexes": [
      0
    ],
    "description_bilingual_indexes": [
      0,
      1,
      2,
      3,
      4,
      5,
      6
    ]
  },
  "264": {
    "summary": "QMUIConfigurationTemplate does not guarantee execution timing",
    "description": "Please fill in the operating environment\n- [x] Device emulator\n- [x] System iOS 11.2\n- [x] Xcode version 9.2\n- [x] QMUI iOS version 2.2.2\nPlease describe the specific problem\nWhen some QMUI controls use the values of the configuration table, the configuration table has not yet been initialized, resulting in UI errors for the control.\nAccording to the documentation, the current time to use the configuration table of QMUI is in application:didFinishLaunchingWithOptions: of the project, but the appearance of many QMUI controls uses the value of the configuration table in + initialize. At this time, the configuration table has not been set up, resulting in The value of is wrong.",
    "summary_bilingual_indexes": [
      0
    ],
    "description_bilingual_indexes": [
      0,
      1,
      2,
      3,
      4,
      5,
      6,
      7
    ]
  },
  "268": {
    "summary": "After turning on the QMUINavigationControllerDelegate customNavigationBarTransition function, vc.qmui_navigationBarMaxYInViewCoordinator is 0 when popping, causing the layout to jump.",
    "description": "Please fill in the operating environment\n- [x] Device emulator\n- [x] System iOS 11.2\n- [x] Xcode version 9.2\n- [x] QMUI iOS version 2.2.2\nPlease describe the specific problem\n1. When laying out in the viewDidLayoutSubviews method of a certain vc, use self.qmui_navigationBarMaxYInViewCoordinator to get the position of the navigation bar and lay it out relative to it.\n2. Enable related methods in QMUINavigationControllerDelegate to optimize the navigationBar effect during pop, such as shouldCustomNavigationBarTransitionWhenPopDisappearing.\n3. Pop out the vc.\n4. You will find that the layout jumps upward.\nRelated screenshots\n [image]/1190261/34640299-014c6270-f32b-11e7-80d7-057c7f38ba67.png\n [image]/1190261/34640304-119a2d4c-f32b-11e7-9a8e-93ec70facadc.png\n",
    "summary_bilingual_indexes": [
      0
    ],
    "description_bilingual_indexes": [
      0,
      1,
      2,
      3,
      4,
      5,
      6,
      7,
      8,
      9,
      10
    ]
  },
  "270": {
    "summary": "In the interface created by QMUIDialogTextFieldViewController, the cancel and confirm buttons are not visible.",
    "description": "Please fill in the operating environment\n- [x] Device iPhone iPad Simulator\n- [x] System iOS 11.x\n- [x] Xcode version 9.2\n- [x] QMUI iOS version 2.2.2\nPlease describe the specific problem\nUsing QMUIDialogTextFieldViewController, the created interface, cancel and confirm buttons are not visible.\n - (void)showQMUIDialogTextFieldView {\n QMUIDialogTextFieldViewController *dialogViewController = [[QMUIDialogTextFieldViewController alloc] init] \ndialogViewController.title = Please enter your nickname\n dialogViewController.textField.delegate = self \n [simulator screen shot - iphone x - 2018-01-08 at 20 33 34671169-709a8230-f4b4-11e7-94eb-0cff2cfd6333.png\ndialogViewController.textField.placeholder = Nickname\n dialogViewController.textField.maximumTextLength = 16 \n [dialogViewController addCancelButtonWithText: 取消 block:nil] \n self.currentTextFieldDialogViewController = dialogViewController \n [dialogViewController addSubmitButtonWithText: 确定 block: (QMUIDialogViewController *dialogViewController) {\n [dialogViewController hide] \n }] \n [dialogViewController show] \n} \nRelevant screenshots of breakpoint stacks and console logs\nSee screenshot\n",
    "summary_bilingual_indexes": [
      0
    ],
    "description_bilingual_indexes": [
      0,
      1,
      2,
      3,
      4,
      5,
      6,
      9,
      12,
      14,
      16,
      21,
      22
    ]
  },
  "321": {
    "summary": "Fixed bug for QMUIMultipleDelegates",
    "description": "When the responsive object in delegates may be released when the -methodSignatureForSelector: method is executed, nil will be returned, which will cause the program to crash.",
    "summary_bilingual_indexes": [],
    "description_bilingual_indexes": [
      0
    ]
  },
  "389": {
    "summary": "Nullability and Objective-C",
    "description": "Add some nonnull and nullable for better compatibility with Swift",
    "summary_bilingual_indexes": [],
    "description_bilingual_indexes": [
      0
    ]
  },
  "432": {
    "summary": "[fix] Determine whether the indexPath in scrollToRowAtIndexPath is legal",
    "description": "No judgment is made when the section is an empty row\n img width= 494 alt= 2018-11-14 4 36 54 48470966-cf117400-e82d-11e8-812c-3574b7cc8a22.png \n",
    "summary_bilingual_indexes": [
      0
    ],
    "description_bilingual_indexes": [
      0
    ]
  },
  "436": {
    "summary": "[fix] Determine whether the indexPath in scrollToRowAtIndexPath is legal",
    "description": "When indexPath.row==NSNotFound, the current tableview can scroll regardless of whether it has rows or not.",
    "summary_bilingual_indexes": [
      0
    ],
    "description_bilingual_indexes": [
      0
    ]
  },
  "453": {
    "summary": "Update README.md",
    "description": "",
    "summary_bilingual_indexes": [],
    "description_bilingual_indexes": []
  },
  "465": {
    "summary": "[fix] NSNotFound logical judgment rolls back to the wrong version",
    "description": "When indexPath.row == NSNotFound, there is no need to take numberOfRowsInSection for judgment.",
    "summary_bilingual_indexes": [
      0
    ],
    "description_bilingual_indexes": [
      0
    ]
  },
  "468": {
    "summary": "fix: request image for asset memory leaks",
    "description": "fix the issue 376] (url)\nIf the image is too big and use the requestImageForAsset function will lead to memory leaks.\n requestImageDataForAsset function will fix this issue. and it default uses the PHImageManagerMaximumSize and PHImageContentModeDefault compared with the requestImageForAsset .\nAlready tested by Xcode instrument leaks .\n",
    "summary_bilingual_indexes": [],
    "description_bilingual_indexes": []
  },
  "470": {
    "summary": "fix request image for asset memory leaks",
    "description": "",
    "summary_bilingual_indexes": [],
    "description_bilingual_indexes": []
  }
}