{
  "1": {
    "summary": "WEIXIN UI ",
    "description": "= =..issue first blood.\n",
    "summary_bilingual_indexes": [],
    "description_bilingual_indexes": [
      0
    ]
  },
  "2": {
    "summary": "The &quot;WeChat JSAPI&quot; wiki is out of date, such as addContact adding friends is disabled",
    "description": "The wiki article &quot;[WeChat JSAPI]/weui/weui/wiki/ E5 BE AE E4 BF A1JSAPI&quot; is out of date.\nFor example, adding friends through WeixinJSBridge.invoke (addContact,...) is disabled.\n ref: 66fb98d5261259cb083a9f475382a237.html \n",
    "summary_bilingual_indexes": [
      0
    ],
    "description_bilingual_indexes": [
      0,
      1
    ]
  },
  "3": {
    "summary": "React-weui",
    "description": "Is there a timetable for React-weui?\n",
    "summary_bilingual_indexes": [],
    "description_bilingual_indexes": [
      0
    ]
  },
  "4": {
    "summary": "Are there any plans to support AngularJS?",
    "description": "",
    "summary_bilingual_indexes": [
      0
    ],
    "description_bilingual_indexes": []
  },
  "5": {
    "summary": "Are there any plans to provide a scss version?",
    "description": "",
    "summary_bilingual_indexes": [
      0
    ],
    "description_bilingual_indexes": []
  },
  "6": {
    "summary": "May I ask what problem the hack in the following code is intended to solve?",
    "description": ".weui_btn_area.weui_btn_area_inline .weui_btn {\n ...\n display: inline-block 9 \n width: 48 9 \n margin-left: 1 9 \n margin-right: 1 9 \n}\n",
    "summary_bilingual_indexes": [
      0
    ],
    "description_bilingual_indexes": []
  },
  "7": {
    "summary": "Can a conversation UI be added?",
    "description": "Conversation list UI, similar to the UI of the web version of WeChat, but that style is relatively old.\n",
    "summary_bilingual_indexes": [
      0
    ],
    "description_bilingual_indexes": [
      0
    ]
  },
  "9": {
    "summary": "WeUI new component requirements",
    "description": "The components currently sorted out by WeUI include\n- button\n- cell\n- dialog\n- toast\n- article\n- icon\nThe usage scenario is the mobile terminal, within WeChat.\nWe know that a complete set of Wap-side UI libraries must have more than the above components, so we hope to enrich WeUI&#39;s component library with the help of the open source community.\nWhen developing web applications within WeChat, you can provide suggestions on which components you would like to use. Thank you.\nCurrently, we would like to thank the students for proposing &quot;Picture List&quot; #8, which will be added to our development plan.\n",
    "summary_bilingual_indexes": [
      0
    ],
    "description_bilingual_indexes": [
      0,
      7,
      8,
      9,
      10
    ]
  },
  "11": {
    "summary": "add travis-ci update README.md",
    "description": "add travis-ci update README.md\n",
    "summary_bilingual_indexes": [],
    "description_bilingual_indexes": []
  },
  "12": {
    "summary": "don t copy example.less to example",
    "description": "",
    "summary_bilingual_indexes": [],
    "description_bilingual_indexes": []
  },
  "17": {
    "summary": "fix lack of margin-top when cells have no title",
    "description": "",
    "summary_bilingual_indexes": [
      0
    ],
    "description_bilingual_indexes": []
  },
  "18": {
    "summary": "optimization bug fix",
    "description": "",
    "summary_bilingual_indexes": [],
    "description_bilingual_indexes": []
  },
  "24": {
    "summary": "fix bugs on button.weui_btn_plain_primary",
    "description": "fix When applying .weui_btn_plain_primary to the button label, the background color will be filled with gray, and due to the style priority issue, the border on the button will be set to 0.\n",
    "summary_bilingual_indexes": [],
    "description_bilingual_indexes": [
      0
    ]
  },
  "26": {
    "summary": "Router in wechat webview",
    "description": "Hey, nice work guys.\nI noticed that you used history.pushState () to implement simple routing. I tested it in WeChat webview. There is a strange problem. Using Back above WeChat webview has completely different effects than using &quot;swipe left from the edge of the screen to return&quot;.\nWhen using Webview Back, all routing is normal\nBut when swiping left through the edge of the screen to return, the routing seems to have failed and the entire webview is exited directly.\nI found that all web apps that use pushState to implement routing have this problem.\nBut using the original locatin.hash hashchange for routing does not have this problem...\nBut they do all give history.length +1...\nIs it because WeChat webview has done some processing or is the performance of pushState different on iOS WebView? Safari does not have this problem.\n",
    "summary_bilingual_indexes": [],
    "description_bilingual_indexes": [
      1,
      2,
      3,
      4,
      5,
      6,
      7
    ]
  },
  "30": {
    "summary": "fix spacing between buttons 10px - 15px",
    "description": "fix spacing between buttons 10px - 15px\n",
    "summary_bilingual_indexes": [
      0
    ],
    "description_bilingual_indexes": [
      0
    ]
  },
  "32": {
    "summary": "remove example comment",
    "description": "remove example comment\n",
    "summary_bilingual_indexes": [],
    "description_bilingual_indexes": []
  },
  "41": {
    "summary": "Add npm start to solve the problem of pushState WeChat iOS being unable to slide back from the left edge of the screen",
    "description": "",
    "summary_bilingual_indexes": [
      0
    ],
    "description_bilingual_indexes": []
  },
  "42": {
    "summary": "fix typo",
    "description": "",
    "summary_bilingual_indexes": [],
    "description_bilingual_indexes": []
  },
  "44": {
    "summary": "example.less use autoprefixer and minify build backdrop-filter",
    "description": "",
    "summary_bilingual_indexes": [],
    "description_bilingual_indexes": []
  },
  "45": {
    "summary": "update snapshot optimize backdrop filter",
    "description": "",
    "summary_bilingual_indexes": [],
    "description_bilingual_indexes": []
  },
  "49": {
    "summary": "add weui_icon_info_circle icon",
    "description": "",
    "summary_bilingual_indexes": [],
    "description_bilingual_indexes": []
  },
  "51": {
    "summary": "add weui_switch",
    "description": "add weui_switch\n",
    "summary_bilingual_indexes": [],
    "description_bilingual_indexes": []
  },
  "53": {
    "summary": "update cell snapshot",
    "description": "",
    "summary_bilingual_indexes": [],
    "description_bilingual_indexes": []
  },
  "54": {
    "summary": "add weui_progress widget",
    "description": "",
    "summary_bilingual_indexes": [],
    "description_bilingual_indexes": []
  },
  "56": {
    "summary": "bugfix",
    "description": "1. set cell title font-size to 14px\n2. remove iOS9 backdrop-filter \n3. change weui_progress cancel icon size to 22px\n",
    "summary_bilingual_indexes": [],
    "description_bilingual_indexes": []
  },
  "57": {
    "summary": "add actionsheet",
    "description": "",
    "summary_bilingual_indexes": [],
    "description_bilingual_indexes": []
  },
  "58": {
    "summary": "fix mask",
    "description": "",
    "summary_bilingual_indexes": [],
    "description_bilingual_indexes": []
  },
  "59": {
    "summary": "Modify style to relative path",
    "description": "Replace directory with\n",
    "summary_bilingual_indexes": [
      0
    ],
    "description_bilingual_indexes": [
      0
    ]
  },
  "60": {
    "summary": "input[type=date] is invalid under ios WeChat",
    "description": "After setting the Input type to date in the ios WeChat browser, I cannot click and enter...\nNo problem in Android device, no problem in chrome using device mode\n \n div div \n div class= weui_cells weui_cells_form \n div class= weui_cell \n div class= weui_cell_hd \n label label \n div \n div class= weui_cell_bd weui_cell_primary \n input type= date class= weui_input \n div \n div \n /div \n div class= weui_btn_area \n button class= weui_btn weui_btn_primary button \n /div \n \nDeviceiphone 5s\nSystem ios 8.1.3\nScreenshot below\n [699982646500440699]/assets/1651946/10813372/ab2d91c2-7e59-11e5-9f4a-e5c47a7a79ed.jpg\n",
    "summary_bilingual_indexes": [
      0
    ],
    "description_bilingual_indexes": [
      0,
      1,
      18,
      19,
      20
    ]
  },
  "62": {
    "summary": "#60 Fix the bug that input[type=date] fails under iOS",
    "description": "",
    "summary_bilingual_indexes": [
      0
    ],
    "description_bilingual_indexes": []
  },
  "65": {
    "summary": "use local zepto",
    "description": "",
    "summary_bilingual_indexes": [],
    "description_bilingual_indexes": []
  },
  "67": {
    "summary": "add actionSheet README,add actionSheet icon",
    "description": "",
    "summary_bilingual_indexes": [],
    "description_bilingual_indexes": []
  },
  "70": {
    "summary": "unite widget name",
    "description": "",
    "summary_bilingual_indexes": [],
    "description_bilingual_indexes": []
  },
  "74": {
    "summary": "fix weui_input line-height",
    "description": "",
    "summary_bilingual_indexes": [],
    "description_bilingual_indexes": []
  },
  "75": {
    "summary": "change ActionSheet position to fixed",
    "description": "",
    "summary_bilingual_indexes": [],
    "description_bilingual_indexes": []
  },
  "78": {
    "summary": "Style optimization",
    "description": "1. Delete the weui_vimg_wrp extension class and use weui_cells_form as the parent class to achieve the same effect.\n2. Add weui_btn_area and margin-top: 20px\n3. Add weui_btn_area and margin-bottom\n4. Delete the hack written by weui_btn_area_inline for WinPhone7\n5. Add weui_cells_tips\n6. Modify the border-color of weui_cell\n7. Modify the padding-right of weui_cell_hd of weui_cells_form to 0.3em\n8. Modify the font-size of weui_cells to 17px\n9. Modify the margin of weui_cells_title\n10. Add weui_cell_switch to control the height of the cell in weui_switch and keep it at 44px\n11. Modify the spacing of weui_msg\n",
    "summary_bilingual_indexes": [
      0
    ],
    "description_bilingual_indexes": [
      0,
      1,
      2,
      3,
      4,
      5,
      6,
      7,
      8,
      9,
      10
    ]
  },
  "82": {
    "summary": "Unify code style and improve readability",
    "description": "1. Use uppercase letters for color variables\n2. Each style occupies one line\n3. weui_step_list.less\n",
    "summary_bilingual_indexes": [
      0
    ],
    "description_bilingual_indexes": [
      0,
      1
    ]
  },
  "83": {
    "summary": "optimize gulpfile.js",
    "description": "",
    "summary_bilingual_indexes": [],
    "description_bilingual_indexes": []
  },
  "84": {
    "summary": "Use weuiCellHeight variable to control height",
    "description": "",
    "summary_bilingual_indexes": [
      0
    ],
    "description_bilingual_indexes": []
  },
  "86": {
    "summary": "Xiaomi Android 4.1.2 Toast is invalid",
    "description": "weui_icon_toast icon does not appear\n",
    "summary_bilingual_indexes": [
      0
    ],
    "description_bilingual_indexes": [
      0
    ]
  },
  "88": {
    "summary": "rename weui_progress_cancel to weui_progress_opr ",
    "description": "rename weui_progress_cancel to weui_progress_opr \n",
    "summary_bilingual_indexes": [],
    "description_bilingual_indexes": []
  },
  "90": {
    "summary": "#86 Fix the bug that the font icon cannot be displayed on some Android models",
    "description": "",
    "summary_bilingual_indexes": [
      0
    ],
    "description_bilingual_indexes": []
  },
  "93": {
    "summary": "update dialog snapshot",
    "description": "",
    "summary_bilingual_indexes": [],
    "description_bilingual_indexes": []
  },
  "94": {
    "summary": "update dialog1 snapshot",
    "description": "",
    "summary_bilingual_indexes": [],
    "description_bilingual_indexes": []
  },
  "95": {
    "summary": "add 3rd extension",
    "description": "",
    "summary_bilingual_indexes": [],
    "description_bilingual_indexes": []
  },
  "98": {
    "summary": "rename variable name",
    "description": "",
    "summary_bilingual_indexes": [],
    "description_bilingual_indexes": []
  },
  "99": {
    "summary": " table-cell to flex ",
    "description": "- The cell component table-cell layout is changed to flex layout\n- For the .setLine method defined in setOnepx.less, use .setTopLine, .setLeftLine and other methods instead\n- The button in weui_dialog_confirm is changed from float to flex\n",
    "summary_bilingual_indexes": [],
    "description_bilingual_indexes": [
      0,
      1,
      2
    ]
  },
  "103": {
    "summary": "Use the dialpad",
    "description": "Let the input box that requires input of numbers automatically evoke the nine-square grid of numbers on the dialing keyboard to improve the input experience.\n",
    "summary_bilingual_indexes": [],
    "description_bilingual_indexes": [
      0
    ]
  },
  "105": {
    "summary": "update README for weui usage after bower or npm installation",
    "description": "",
    "summary_bilingual_indexes": [],
    "description_bilingual_indexes": []
  },
  "111": {
    "summary": "optimize package.json add header to output css",
    "description": "",
    "summary_bilingual_indexes": [],
    "description_bilingual_indexes": []
  },
  "115": {
    "summary": "weui_cells_access ft gap",
    "description": "",
    "summary_bilingual_indexes": [],
    "description_bilingual_indexes": []
  },
  "118": {
    "summary": "It is recommended to press the background color and use lighten darken",
    "description": "It is recommended to press the background color and use lighten darken\n",
    "summary_bilingual_indexes": [
      0
    ],
    "description_bilingual_indexes": [
      0
    ]
  },
  "119": {
    "summary": "#118 add weui_dialog button s active color",
    "description": "",
    "summary_bilingual_indexes": [],
    "description_bilingual_indexes": []
  },
  "120": {
    "summary": "remove no use class name weui_cells_split ",
    "description": "",
    "summary_bilingual_indexes": [],
    "description_bilingual_indexes": []
  },
  "121": {
    "summary": "fix weui_button mini line-height",
    "description": "",
    "summary_bilingual_indexes": [],
    "description_bilingual_indexes": []
  },
  "122": {
    "summary": "Add link for Rails gems",
    "description": "",
    "summary_bilingual_indexes": [],
    "description_bilingual_indexes": []
  },
  "123": {
    "summary": "fix textarea does not change color under weui_cell_warn",
    "description": "",
    "summary_bilingual_indexes": [
      0
    ],
    "description_bilingual_indexes": []
  },
  "124": {
    "summary": "add weui-sketch link",
    "description": "",
    "summary_bilingual_indexes": [],
    "description_bilingual_indexes": []
  },
  "126": {
    "summary": "Update README.md",
    "description": "The rails extension address of &quot;Third Party Extension&quot; has been changed to the author&#39;s Github address instead of rubygem address to facilitate developers to read relevant documents.\n",
    "summary_bilingual_indexes": [],
    "description_bilingual_indexes": [
      0
    ]
  },
  "127": {
    "summary": "add weui_textarea_counter",
    "description": "",
    "summary_bilingual_indexes": [],
    "description_bilingual_indexes": []
  },
  "130": {
    "summary": "weui_dialog align",
    "description": "",
    "summary_bilingual_indexes": [],
    "description_bilingual_indexes": []
  },
  "131": {
    "summary": "add weui_icon_search ",
    "description": "",
    "summary_bilingual_indexes": [],
    "description_bilingual_indexes": []
  },
  "132": {
    "summary": "resize icon_nav_msg.png",
    "description": "",
    "summary_bilingual_indexes": [],
    "description_bilingual_indexes": []
  },
  "134": {
    "summary": "After the cell links to another web page, there will be a black line on the cell after rewinding.",
    "description": "After the cell links to another web page, there will be a black line on the cell after rewinding.\n",
    "summary_bilingual_indexes": [
      0
    ],
    "description_bilingual_indexes": [
      0
    ]
  },
  "137": {
    "summary": "#134 Fixed the bug of jumping to a new page on the iOS platform and having a black border in the Cell when returning.",
    "description": "",
    "summary_bilingual_indexes": [
      0
    ],
    "description_bilingual_indexes": []
  },
  "139": {
    "summary": "update example.js ",
    "description": "",
    "summary_bilingual_indexes": [],
    "description_bilingual_indexes": []
  },
  "141": {
    "summary": "Split demo code",
    "description": "",
    "summary_bilingual_indexes": [
      0
    ],
    "description_bilingual_indexes": []
  },
  "143": {
    "summary": "No used cell style for example home page",
    "description": "",
    "summary_bilingual_indexes": [],
    "description_bilingual_indexes": []
  },
  "144": {
    "summary": "deprecated gulp-minify-css, use gulp-cssnano instead",
    "description": "",
    "summary_bilingual_indexes": [],
    "description_bilingual_indexes": []
  },
  "146": {
    "summary": "add weui-practice link",
    "description": "",
    "summary_bilingual_indexes": [],
    "description_bilingual_indexes": []
  },
  "147": {
    "summary": "add jquery-weui link",
    "description": "",
    "summary_bilingual_indexes": [],
    "description_bilingual_indexes": []
  },
  "149": {
    "summary": "Weiui&#39;s bower plug-in cannot be recognized by wiredep and cannot be inserted into index.html",
    "description": "I configured weui in bower.json. After other bowers are installed, wiredep will automatically insert css into the specified index.html, but it will not work after weui is installed.\n",
    "summary_bilingual_indexes": [
      0
    ],
    "description_bilingual_indexes": [
      0
    ]
  },
  "150": {
    "summary": "#149 add bower.json file",
    "description": "",
    "summary_bilingual_indexes": [],
    "description_bilingual_indexes": []
  },
  "152": {
    "summary": "Merge branch develop ",
    "description": "",
    "summary_bilingual_indexes": [],
    "description_bilingual_indexes": []
  },
  "156": {
    "summary": "Fix the bug in Dialog where buttons trigger events multiple times",
    "description": "In the current situation, if the Dialog is opened multiple times, the button will be bound to the event multiple times.\n",
    "summary_bilingual_indexes": [
      0
    ],
    "description_bilingual_indexes": [
      0
    ]
  },
  "165": {
    "summary": "update README.md add snapshot",
    "description": "",
    "summary_bilingual_indexes": [],
    "description_bilingual_indexes": []
  },
  "166": {
    "summary": "fix source map problem",
    "description": "Under the current settings, the source map does not work properly due to autoprefixer.\n",
    "summary_bilingual_indexes": [],
    "description_bilingual_indexes": [
      0
    ]
  },
  "169": {
    "summary": "add CHANGELOG.md update README.md",
    "description": "",
    "summary_bilingual_indexes": [],
    "description_bilingual_indexes": []
  },
  "172": {
    "summary": "update radio icon position, remove unused property, update source map",
    "description": "1. The radio icon is not completely centered\nReferring to the checkbox solution, the icon is set to block, but there is a problem of placing the block element in the inline element.\n2. Delete -webkit-display and -webkit-flex and leave them to autoprefixer.\n3. Use the gulp-postcss + autoprefixer officially provided by postcss instead of gulp-autoprefixer to handle the source map problem.\n",
    "summary_bilingual_indexes": [],
    "description_bilingual_indexes": [
      0,
      1,
      2,
      3
    ]
  },
  "174": {
    "summary": "update desc",
    "description": "",
    "summary_bilingual_indexes": [],
    "description_bilingual_indexes": []
  },
  "179": {
    "summary": "Remove the click shadow of the input textareat label[for] of weui_cells_form",
    "description": "",
    "summary_bilingual_indexes": [
      0
    ],
    "description_bilingual_indexes": []
  },
  "180": {
    "summary": "add weui_icon_clear ",
    "description": "",
    "summary_bilingual_indexes": [],
    "description_bilingual_indexes": []
  },
  "183": {
    "summary": "input type form tel to number",
    "description": "",
    "summary_bilingual_indexes": [],
    "description_bilingual_indexes": []
  },
  "185": {
    "summary": "update README.md",
    "description": "",
    "summary_bilingual_indexes": [],
    "description_bilingual_indexes": []
  },
  "193": {
    "summary": "The file resource referenced in font-face is incorrect",
    "description": "By decoding the truetype font file in weui.css, we found that the file binary is as follows\n [image]/assets/716935/12673486/058b8c5e-c6b8-11e5-8306-5726a21fe825.png\nThe first four characters are wOFF\nAccording to woff woff-spec-latest.html\n WOFFHeader\n UInt32 signature 0x774F4646 wOFF \nThe support for woff files is iOS 5.1+ Android 4.4+\nThis is also the reason why the previous icon cannot be displayed on Android *.\nThe introduced truetype font file needs to be replaced with the correct content.\nAfter PS processing, you can delete the imported woff and svg files to reduce the size of the css file.\n",
    "summary_bilingual_indexes": [
      0
    ],
    "description_bilingual_indexes": [
      0,
      2,
      3,
      6,
      7,
      8,
      9
    ]
  },
  "195": {
    "summary": "The showActionSheet method in the example will bind events multiple times",
    "description": " \n #showActionSheet : {\n click: function () {\n 。。。\n mask.show ().addClass ( weui_fade_toggle ).click (function () {\n hideActionSheet (weuiActionsheet, mask) \n }) \n ( #actionsheet_cancel ).click (function () {\n hideActionSheet (weuiActionsheet, mask) \n }) \n 。。。\n }\n }\n \nThe two .click (function () {} here should be changed to\n.one ( click ,function (){}\n",
    "summary_bilingual_indexes": [
      0
    ],
    "description_bilingual_indexes": [
      14
    ]
  },
  "196": {
    "summary": "init tabbar",
    "description": "",
    "summary_bilingual_indexes": [],
    "description_bilingual_indexes": []
  },
  "205": {
    "summary": "navbar",
    "description": "",
    "summary_bilingual_indexes": [],
    "description_bilingual_indexes": []
  },
  "208": {
    "summary": "When iPhone 6 uses cell demo to switch pages to the left, the text content on the previous page jitters and is not smooth.",
    "description": "",
    "summary_bilingual_indexes": [
      0
    ],
    "description_bilingual_indexes": []
  },
  "211": {
    "summary": "add weui card",
    "description": "",
    "summary_bilingual_indexes": [],
    "description_bilingual_indexes": []
  },
  "214": {
    "summary": "move weui_tabbar padding to weui_tabbar_item",
    "description": "",
    "summary_bilingual_indexes": [],
    "description_bilingual_indexes": []
  },
  "217": {
    "summary": "Fix the problem of confusing location.hash in demo browsing history",
    "description": "The demo page does not handle the browsing history well. For example, after refreshing the browser on the page and clicking back, you will not be able to return to the home page. This submission fixes this problem.\n",
    "summary_bilingual_indexes": [
      0
    ],
    "description_bilingual_indexes": [
      0
    ]
  },
  "218": {
    "summary": "Why does modifying HTML using gulp not update automatically?",
    "description": "RT\nOther JS and LESS can be updated automatically\nModifying HTML requires restarting GULP.\nThanks\n",
    "summary_bilingual_indexes": [
      0
    ],
    "description_bilingual_indexes": [
      1,
      2,
      3
    ]
  },
  "228": {
    "summary": " .weui_tab_bd add -webkit-overflow-scrolling property",
    "description": "",
    "summary_bilingual_indexes": [],
    "description_bilingual_indexes": []
  },
  "232": {
    "summary": "add searchbar",
    "description": "Add search bar component\n",
    "summary_bilingual_indexes": [],
    "description_bilingual_indexes": [
      0
    ]
  },
  "233": {
    "summary": "rename tab bar s active class name",
    "description": "",
    "summary_bilingual_indexes": [],
    "description_bilingual_indexes": []
  },
  "235": {
    "summary": "add weui card skin",
    "description": "",
    "summary_bilingual_indexes": [],
    "description_bilingual_indexes": []
  },
  "237": {
    "summary": "add widget icon",
    "description": "",
    "summary_bilingual_indexes": [],
    "description_bilingual_indexes": []
  },
  "242": {
    "summary": "fix setRightLine problem",
    "description": "Adjust transform-origin in setRightLine so that it behaves consistent with others. It is no longer necessary to use right:-1px when using\nhack。\n",
    "summary_bilingual_indexes": [],
    "description_bilingual_indexes": [
      0
    ]
  },
  "243": {
    "summary": "add third-party extension: vux",
    "description": "",
    "summary_bilingual_indexes": [],
    "description_bilingual_indexes": []
  },
  "244": {
    "summary": "When the parent setting height: 100 is used, a scroll bar will appear when weui_cells_title is used.",
    "description": "This problem occurs in the example page tab. It is recommended to change the margin-top in weui_cells_title to padding-top.\n",
    "summary_bilingual_indexes": [
      0
    ],
    "description_bilingual_indexes": [
      0
    ]
  },
  "245": {
    "summary": "#244 Fix the bug of scroll bar in tab demo page",
    "description": "",
    "summary_bilingual_indexes": [
      0
    ],
    "description_bilingual_indexes": []
  },
  "254": {
    "summary": "Avoid using overwrite mixin name as SASS not support.",
    "description": "So I hope official weui can sync with SASS version [PR 10. (if possible)\n",
    "summary_bilingual_indexes": [],
    "description_bilingual_indexes": []
  },
  "259": {
    "summary": "fix flexbox layout problem",
    "description": "fix #258\n",
    "summary_bilingual_indexes": [],
    "description_bilingual_indexes": []
  },
  "263": {
    "summary": "add CONTRIBUTING.md",
    "description": "",
    "summary_bilingual_indexes": [],
    "description_bilingual_indexes": []
  },
  "265": {
    "summary": "fix lang",
    "description": "Adjust the lang attribute of html to prevent translation options from appearing in some browsers.\n [1 e1edbcf0-e64b-11e5-8d17-efad80ad18c1.jpg\nFor example, QQ browser on iOS\n",
    "summary_bilingual_indexes": [],
    "description_bilingual_indexes": [
      0,
      2
    ]
  },
  "273": {
    "summary": "add dialog content word wrap",
    "description": "",
    "summary_bilingual_indexes": [],
    "description_bilingual_indexes": []
  },
  "290": {
    "summary": "disable cssnano zindex",
    "description": "",
    "summary_bilingual_indexes": [],
    "description_bilingual_indexes": []
  },
  "295": {
    "summary": "There is not much difference in the switching color of navbar. Can you adjust the color difference slightly?",
    "description": "The color difference between navbar switching is too small and can barely be seen on an Apple machine. People with weak color discrimination may not be able to see the difference.\n",
    "summary_bilingual_indexes": [
      0
    ],
    "description_bilingual_indexes": [
      0
    ]
  },
  "298": {
    "summary": "improve navbar touched behavior on ios",
    "description": "#247 improve navbar touched behavior on ios\n",
    "summary_bilingual_indexes": [],
    "description_bilingual_indexes": []
  },
  "299": {
    "summary": "#295 fixed navbar active background-color",
    "description": "",
    "summary_bilingual_indexes": [],
    "description_bilingual_indexes": []
  },
  "301": {
    "summary": "Enhanced iOS experiance for switch",
    "description": "Modified style and animation for switch, with a bounce effect and color change animation.\n",
    "summary_bilingual_indexes": [],
    "description_bilingual_indexes": []
  },
  "304": {
    "summary": "fixed search bar border-top border-bottom position bug",
    "description": "",
    "summary_bilingual_indexes": [],
    "description_bilingual_indexes": []
  },
  "307": {
    "summary": "v0.4.1",
    "description": "",
    "summary_bilingual_indexes": [],
    "description_bilingual_indexes": []
  },
  "328": {
    "summary": "standard weui select gap",
    "description": "",
    "summary_bilingual_indexes": [],
    "description_bilingual_indexes": []
  },
  "330": {
    "summary": "Optimize demo",
    "description": "Add click event interaction for the navbar and tabbar labels in the tab to facilitate viewing the actual effect.\n",
    "summary_bilingual_indexes": [
      0
    ],
    "description_bilingual_indexes": [
      0
    ]
  },
  "333": {
    "summary": "Fix the bug that actionsheet mask does not trigger animation",
    "description": "Because the display attribute is not a granular attribute, when an event changes the display attribute, the transition will not be triggered. The solution is to forcibly trigger a page reflow (reflow) after switching the display attribute.\nSo use focus () to trigger a reflow after switching the display.\n",
    "summary_bilingual_indexes": [
      0
    ],
    "description_bilingual_indexes": [
      0,
      1
    ]
  },
  "339": {
    "summary": "add article img",
    "description": "",
    "summary_bilingual_indexes": [],
    "description_bilingual_indexes": []
  },
  "341": {
    "summary": "word wrap weui label",
    "description": "",
    "summary_bilingual_indexes": [],
    "description_bilingual_indexes": []
  },
  "342": {
    "summary": "v0.4.2",
    "description": "",
    "summary_bilingual_indexes": [],
    "description_bilingual_indexes": []
  },
  "345": {
    "summary": "On the dialog page, the style problem occurs when clicking the OK button",
    "description": "On the dialog page, click the OK button on the PC and hold the mouse down.\nRounded corners become right angles.\nI don&#39;t know if it was intentional or not.\n",
    "summary_bilingual_indexes": [
      0
    ],
    "description_bilingual_indexes": [
      0,
      1,
      2
    ]
  },
  "346": {
    "summary": "#345 improve dialog btn active style",
    "description": "",
    "summary_bilingual_indexes": [],
    "description_bilingual_indexes": []
  },
  "360": {
    "summary": "add class weui_tab_bd_item_active",
    "description": "add class weui_tab_bd_item_active\n",
    "summary_bilingual_indexes": [],
    "description_bilingual_indexes": []
  },
  "362": {
    "summary": "show toptips to demo",
    "description": "",
    "summary_bilingual_indexes": [],
    "description_bilingual_indexes": []
  },
  "365": {
    "summary": "Solve the problem of line wrapping of the cancel button in the search box",
    "description": "Make the search cancel button not wrap, and the input box adapts to the length of the button.\n",
    "summary_bilingual_indexes": [
      0
    ],
    "description_bilingual_indexes": [
      0
    ]
  },
  "376": {
    "summary": "If there are only one or two nine-square grid, there will be an extra line next to it.",
    "description": " [qq 55f20496-232b-11e6-9ff8-ed147724f0ac.png\n",
    "summary_bilingual_indexes": [
      0
    ],
    "description_bilingual_indexes": []
  },
  "388": {
    "summary": "The image upload component cannot select the image",
    "description": " \nThere is a bug in the image upload component under Android, and images cannot be selected.\n \n [qq 5e17fffa-3180-11e6-92a9-27b20470f1a3.jpg\nWhen selecting 1 picture, the phone screen turns white and the picture cannot be selected.\n [823833729354064362]/assets/1116346/16000731/98b74378-3180-11e6-8b05-6d50f673199b.jpg\nBut when selecting 2 galleries, everything works fine. The same situation occurs using the upload component on [weui.io] (url). The mobile phone is Honor 6, the system model is shown in the picture below\n [85127381064647280]/assets/1116346/16000763/e0c26cd8-3180-11e6-94fc-054202cfbf7f.jpg\nWeChat version 6.3.18\n",
    "summary_bilingual_indexes": [
      0
    ],
    "description_bilingual_indexes": [
      1,
      4,
      6,
      8
    ]
  },
  "401": {
    "summary": "Release new version 0.4.3",
    "description": "/kevyu/weui-sass/pull/20\nThe sass version introduces all variables can be override. The official version has not been updated for a month. Can you send a version number so that the sass version can also be released?\n",
    "summary_bilingual_indexes": [
      0
    ],
    "description_bilingual_indexes": [
      1
    ]
  },
  "402": {
    "summary": "bugfix",
    "description": "",
    "summary_bilingual_indexes": [],
    "description_bilingual_indexes": []
  },
  "403": {
    "summary": "#401 Specify autoprefixer browser scope",
    "description": "",
    "summary_bilingual_indexes": [
      0
    ],
    "description_bilingual_indexes": []
  },
  "404": {
    "summary": "#376 Fix grids top line bug with less than 2 item",
    "description": "",
    "summary_bilingual_indexes": [],
    "description_bilingual_indexes": []
  },
  "405": {
    "summary": "disable autoprefixer transform for cssnano",
    "description": "cssnano will remove unnecessary prefixers by default.\nWhen autoprefixer is used and the browser is specified, it needs to be disabled to prevent inconsistency with the expected browser.\n",
    "summary_bilingual_indexes": [],
    "description_bilingual_indexes": [
      0,
      1
    ]
  },
  "406": {
    "summary": "#401 update demo router",
    "description": "",
    "summary_bilingual_indexes": [],
    "description_bilingual_indexes": []
  },
  "407": {
    "summary": "vertical mediabox appmsg thumb",
    "description": "#354\n",
    "summary_bilingual_indexes": [],
    "description_bilingual_indexes": []
  },
  "415": {
    "summary": "standard weui zindex",
    "description": "#373\n",
    "summary_bilingual_indexes": [],
    "description_bilingual_indexes": []
  },
  "418": {
    "summary": "Version v0.4.3 is released.",
    "description": "Minor version 0.4.3 has been released. Please see CHANGELOG.md for message modifications.\n",
    "summary_bilingual_indexes": [
      0
    ],
    "description_bilingual_indexes": [
      0
    ]
  },
  "459": {
    "summary": "Guess should be weui-select ",
    "description": "",
    "summary_bilingual_indexes": [],
    "description_bilingual_indexes": []
  },
  "465": {
    "summary": "fix button style problem under preview",
    "description": "fix button style problem under preview\n",
    "summary_bilingual_indexes": [
      0
    ],
    "description_bilingual_indexes": [
      0
    ]
  },
  "481": {
    "summary": "Small refactoring",
    "description": "When all the changes in port 1.0.1 were made to weui-sass, bugs were discovered, at least I think. .\n",
    "summary_bilingual_indexes": [],
    "description_bilingual_indexes": [
      0
    ]
  },
  "483": {
    "summary": "UI bug found when using grids",
    "description": "[I use the weui-grids class, which is the example given above. If there are Chinese commas in the text in the cells, there will be problems with the connection between each cell]\n [qq 34bf8462-8bd4-11e6-931c-1cbc442f5433.png\n",
    "summary_bilingual_indexes": [
      0
    ],
    "description_bilingual_indexes": [
      0
    ]
  },
  "514": {
    "summary": "Build parameter alias",
    "description": "Add the full name of the build parameter name alias\n",
    "summary_bilingual_indexes": [
      0
    ],
    "description_bilingual_indexes": [
      0
    ]
  },
  "527": {
    "summary": "Replace loading svg with clean compressed data URI",
    "description": "length: 2738 - 1898",
    "summary_bilingual_indexes": [],
    "description_bilingual_indexes": []
  },
  "559": {
    "summary": "Looking forward to developing operation components such as deletion when sliding to the left, etc.",
    "description": "Whether it is mobile QQ or WeChat, you can almost slide left to delete, etc. This has been mentioned in several previous issues. I hope everyone who supports this function will like it and support it.",
    "summary_bilingual_indexes": [
      0
    ],
    "description_bilingual_indexes": [
      0
    ]
  },
  "579": {
    "summary": "weui.css weui-icon-safe_success class does not correspond to the content",
    "description": "/weui/weui/blob/master/dist/style/weui.css\nThe two contents seem to be written backwards. success should be 05\n/*Line 58*/\n.weui-icon-safe_success:before {\n content: EA04 \n}\n/* \n.weui-icon-safe_warn:before {\n content: EA05 \n}\n/*Line 158*/\n.weui-icon-safe-success {\n color: #09BB07 \n}\n.weui-icon-safe-warn {\n color: #FFBE00 \n}\n",
    "summary_bilingual_indexes": [
      0
    ],
    "description_bilingual_indexes": [
      1,
      2,
      10
    ]
  },
  "598": {
    "summary": "Input example code reports error",
    "description": "Hello, it seems that the end-tag of input is missing. input type= radio class= weui-check name= radio1 can be compiled successfully after adding &#39; &#39;. Is the example code wrong?",
    "summary_bilingual_indexes": [
      0
    ],
    "description_bilingual_indexes": [
      0
    ]
  },
  "602": {
    "summary": "Semantic details of form-preview",
    "description": "After means after, it is generally used to put the bottom border.\n less\n.weui-form-preview__ft{\n :after {\n .setTopLine ( ) \n }\n}\n \nshould be changed to\n less\n.weui-form-preview__ft{\n :before {\n .setTopLine ( ) \n }\n}\n ",
    "summary_bilingual_indexes": [
      0
    ],
    "description_bilingual_indexes": [
      0,
      8
    ]
  },
  "606": {
    "summary": "Search box style issue after adjusting font size",
    "description": "After adjusting the font size, the icon of the search box is not centered",
    "summary_bilingual_indexes": [
      0
    ],
    "description_bilingual_indexes": [
      0
    ]
  },
  "614": {
    "summary": "Translate README",
    "description": "Close #613.\nMy Chinese is not so good. Please feel free to comment if the translation is wrong.",
    "summary_bilingual_indexes": [],
    "description_bilingual_indexes": []
  },
  "617": {
    "summary": "actionSheet and picker adjustments",
    "description": "",
    "summary_bilingual_indexes": [
      0
    ],
    "description_bilingual_indexes": []
  },
  "640": {
    "summary": "Add license notices",
    "description": "",
    "summary_bilingual_indexes": [],
    "description_bilingual_indexes": []
  },
  "642": {
    "summary": "Fix url after the transfer to Tencent Group",
    "description": "",
    "summary_bilingual_indexes": [],
    "description_bilingual_indexes": []
  },
  "682": {
    "summary": "media query iphone x",
    "description": "",
    "summary_bilingual_indexes": [],
    "description_bilingual_indexes": []
  },
  "683": {
    "summary": "Add WeUI for work .",
    "description": "",
    "summary_bilingual_indexes": [],
    "description_bilingual_indexes": []
  },
  "686": {
    "summary": "iphone media query",
    "description": "",
    "summary_bilingual_indexes": [],
    "description_bilingual_indexes": []
  }
}