{
  "12": {
    "summary": "remove rocksdb filefolder, and reference it as a submodule",
    "description": "- remove rocksdb filefolder, and reference it as a submodule\n- add some test for upgrade and downgrade",
    "summary_bilingual_indexes": [],
    "description_bilingual_indexes": []
  },
  "15": {
    "summary": "*: fix accordingly as rpc_address s c interfaces are removed in rdsn",
    "description": "",
    "summary_bilingual_indexes": [],
    "description_bilingual_indexes": []
  },
  "16": {
    "summary": "pegasus_server_impl: some update according to rdsn s changes",
    "description": "[relevant rdsn 11",
    "summary_bilingual_indexes": [],
    "description_bilingual_indexes": []
  },
  "17": {
    "summary": "shell: add clear app envs command",
    "description": "",
    "summary_bilingual_indexes": [],
    "description_bilingual_indexes": []
  },
  "18": {
    "summary": "pegasus_server_impl: support update_app_envs improve rocksdb default…",
    "description": "… options add pegasus_set_usage_scenario.sh",
    "summary_bilingual_indexes": [],
    "description_bilingual_indexes": []
  },
  "19": {
    "summary": "shell: fix error message print format update rdsn",
    "description": "",
    "summary_bilingual_indexes": [],
    "description_bilingual_indexes": []
  },
  "20": {
    "summary": "add pegasus_offline_node_list.sh update rdsn",
    "description": "",
    "summary_bilingual_indexes": [],
    "description_bilingual_indexes": []
  },
  "22": {
    "summary": "fix pegasus_server_impl start bug update rdsn",
    "description": "",
    "summary_bilingual_indexes": [],
    "description_bilingual_indexes": []
  },
  "23": {
    "summary": "update rocksdb: add log for lsm_state after refitlevel",
    "description": "",
    "summary_bilingual_indexes": [],
    "description_bilingual_indexes": []
  },
  "24": {
    "summary": "update rdsn: refactor tls memory allocator",
    "description": "",
    "summary_bilingual_indexes": [],
    "description_bilingual_indexes": []
  },
  "25": {
    "summary": "pegasus_server_impl: add opts for manual compact",
    "description": "",
    "summary_bilingual_indexes": [],
    "description_bilingual_indexes": []
  },
  "27": {
    "summary": "pegasus_server_impl: print reply.to_address in log",
    "description": "",
    "summary_bilingual_indexes": [],
    "description_bilingual_indexes": []
  },
  "28": {
    "summary": "client server: fix as storage rpc code definition are modified in rdsn",
    "description": "1. modify rpc code of rrdb with define_storage_write (read)_rpc_code \n2. reset client s rpc_response s thread pool code\n3. remove all write codes and options\n",
    "summary_bilingual_indexes": [],
    "description_bilingual_indexes": []
  },
  "30": {
    "summary": "sync_checkpoint/async_checkpoint do not return ERR_NO_NEED_OPERATE",
    "description": "",
    "summary_bilingual_indexes": [],
    "description_bilingual_indexes": []
  },
  "31": {
    "summary": "pegasus_server_impl: replace max_background_jobs with max_background_…",
    "description": "…flushes/max_background_compactions",
    "summary_bilingual_indexes": [],
    "description_bilingual_indexes": []
  },
  "32": {
    "summary": "revert config-server.ini",
    "description": "",
    "summary_bilingual_indexes": [],
    "description_bilingual_indexes": []
  },
  "33": {
    "summary": "update rdsn set default value of checkpoint_reserve_time_seconds to 0",
    "description": "",
    "summary_bilingual_indexes": [],
    "description_bilingual_indexes": []
  },
  "34": {
    "summary": "rdsn: adapt to update of rdsn (#35)",
    "description": "refer to 35",
    "summary_bilingual_indexes": [],
    "description_bilingual_indexes": []
  },
  "37": {
    "summary": "pegasus/*: refactor as task tracker is removed from clientlet",
    "description": "",
    "summary_bilingual_indexes": [],
    "description_bilingual_indexes": []
  },
  "38": {
    "summary": "update rdsn shell: improve print info of listing app healthy stat",
    "description": "",
    "summary_bilingual_indexes": [],
    "description_bilingual_indexes": []
  },
  "39": {
    "summary": "server: refactor pegasus server write procedure",
    "description": "This is a tough PR.\nFormerly pegasus has a 250 LOC function called on_batched_writes_requests which handles all types of write operations, including PUT, MULTI_PUT, DEL, MULTI_DEL. It s very very, extremely ugly and difficult to read. Moreover consider adding DUPLICATE operation, it will be a nightmare for maintenance if we don t make refactoring right now.\nIn this PR we divided the implementation into multiple code blocks:\n- pegasus_server_writes: pegasus_server_impl proxies write requests from pegasus_server_impl::on_batched_write_requests to pegasus_server_writes::on_batched_write_requests . It reduces the complexity of pegasus_server_impl, makes the whole write procedure more clearer to read. It constructs the context for writes from raw messages (dsn_message_t), dispatches the writes to pegasus_write_service , replies for every request.\n- pegasus_write_service: The main interface for handling writes. Since many trivial stuffs have been resolved in pegasus_server_writes, we are able to concentrate on writes in this class. See the comments for details.\nUnit Test: Previously to test server write handling, we had to start an onebox and use pegasus client to send write RPC, and verify by GET (see functional_test). But that’s integration test. Difficult to run, and hard to debug and maintain. From now we have unit test. See .\npegasus_value_schema: What is changed:\n1. Provide more comments. Since this file is the key for a newbie of this project to understand how key-values are stored, it’s important for enough description.\n2. No longer use be32toh series of functions. Instead, we implemented an endian conversion utility, which is more readable, and easier to use.\n",
    "summary_bilingual_indexes": [],
    "description_bilingual_indexes": []
  },
  "40": {
    "summary": "scripts: fix bug of checking app healthy",
    "description": "",
    "summary_bilingual_indexes": [],
    "description_bilingual_indexes": []
  },
  "42": {
    "summary": "Manual compact: automatically execute manual compact by set envs.",
    "description": "",
    "summary_bilingual_indexes": [],
    "description_bilingual_indexes": []
  },
  "43": {
    "summary": "all: fix as task s c interface is removed in rdsn",
    "description": "",
    "summary_bilingual_indexes": [],
    "description_bilingual_indexes": []
  },
  "44": {
    "summary": "*: fix configuration as it is refactored in rdsn",
    "description": "",
    "summary_bilingual_indexes": [],
    "description_bilingual_indexes": []
  },
  "45": {
    "summary": "compile: rename dsn_layer2_state_type1 to dsn_replica_server",
    "description": "",
    "summary_bilingual_indexes": [],
    "description_bilingual_indexes": []
  },
  "46": {
    "summary": "pegasus_server: fix build problem",
    "description": "",
    "summary_bilingual_indexes": [],
    "description_bilingual_indexes": []
  },
  "47": {
    "summary": "collector: fix bug in info_collector",
    "description": "",
    "summary_bilingual_indexes": [],
    "description_bilingual_indexes": []
  },
  "48": {
    "summary": "manual compact: update shell tool",
    "description": "",
    "summary_bilingual_indexes": [],
    "description_bilingual_indexes": []
  },
  "49": {
    "summary": "pegasus_server: update rdsn to fix replica close problem add cancel_…",
    "description": "…background_work method",
    "summary_bilingual_indexes": [],
    "description_bilingual_indexes": []
  },
  "50": {
    "summary": "kill_test: add partition killer",
    "description": "",
    "summary_bilingual_indexes": [],
    "description_bilingual_indexes": []
  },
  "51": {
    "summary": "shell: add get_app_envs ls apps do not print envs",
    "description": "",
    "summary_bilingual_indexes": [],
    "description_bilingual_indexes": []
  },
  "52": {
    "summary": "script: not pack pegasus_rproxy in pack_server.sh",
    "description": "",
    "summary_bilingual_indexes": [],
    "description_bilingual_indexes": []
  },
  "53": {
    "summary": "*: update rdsn fix pack scripts fix server configs improve shell he…",
    "description": "…lp format",
    "summary_bilingual_indexes": [],
    "description_bilingual_indexes": []
  },
  "54": {
    "summary": "manual compact: fix target_level judgment",
    "description": "",
    "summary_bilingual_indexes": [],
    "description_bilingual_indexes": []
  },
  "55": {
    "summary": "storage engine: add bloom filter configuration",
    "description": "",
    "summary_bilingual_indexes": [],
    "description_bilingual_indexes": []
  },
  "56": {
    "summary": " *: update rdsn add pegasus_event_listener add some counters fix run.sh",
    "description": "",
    "summary_bilingual_indexes": [],
    "description_bilingual_indexes": []
  },
  "57": {
    "summary": "travis: add .travis.yml",
    "description": "",
    "summary_bilingual_indexes": [],
    "description_bilingual_indexes": []
  },
  "61": {
    "summary": "storage engine: add block cache configuration",
    "description": "",
    "summary_bilingual_indexes": [],
    "description_bilingual_indexes": []
  },
  "62": {
    "summary": "pegasus_server: improve rocksdb options under PREFER_WRITE usage scen…",
    "description": "…ario to avoid flush and compaction peek",
    "summary_bilingual_indexes": [],
    "description_bilingual_indexes": []
  },
  "64": {
    "summary": "update rdsn: revert gc shared log to depend on last_durable_decree",
    "description": "",
    "summary_bilingual_indexes": [],
    "description_bilingual_indexes": []
  },
  "66": {
    "summary": "replication: fix brief_stat_mapper add manual_compact.disabled env to disable and cancel manual compaction improve pegasus_manual_compact.sh",
    "description": "# Introduced\n* Online encountered this requirement when starting manual compact, finding that the resources are tight at this time, in order not to affect the business reading and writing, it is necessary to terminate manual compact operation. Previously disabled cannot cancel tasks that have been placed in the queue but have not yet started execution. Now the manual_compact.disabled environment variable is added, manual compact tasks check this variable before they are ready to start execution after the queue is over, and if it is still set to true, the operation will not be executed. This is equivalent to cancel the queue but not start execution.\n* Added -w option to the once type in pegasus_manual_compact.sh, just waiting for completion, without setting a new once time point.\n* Some reworked pegasus_manual_compact.sh",
    "summary_bilingual_indexes": [],
    "description_bilingual_indexes": [
      0,
      1,
      2,
      3
    ]
  },
  "68": {
    "summary": "script: improve build script to add --clear_thirdparty option update…",
    "description": "… rdsn",
    "summary_bilingual_indexes": [],
    "description_bilingual_indexes": []
  },
  "69": {
    "summary": "doc: improve README",
    "description": "",
    "summary_bilingual_indexes": [],
    "description_bilingual_indexes": []
  },
  "70": {
    "summary": "collector: do not send email when email address is not provided star…",
    "description": "…t collector in onebox\n1. Start the collector when you start onebox, so you can test the collector to see if it works at the same time.\n2. Do not send an alert email if no email address is specified in the configuration.\nIf the cluster does not create a detect table, the collector will keep trying to connect the detect table, but will not core it out.\n4. When writing the summary results of detects into the detectsheet, wait 1 minute to write again if the write fails. Set the number of repeats to 3000, which can last for more than 2 days. Set the time long enough to avoid loss of the summary results as the detectsheet is also not available.\n5. Modify the configuration of onebox and product to support collector start-up.\n",
    "summary_bilingual_indexes": [],
    "description_bilingual_indexes": [
      1,
      2,
      3,
      4,
      5
    ]
  },
  "71": {
    "summary": "scripts: fix pegasus_manual_compact.sh add PID in tmp file name for all scripts",
    "description": "",
    "summary_bilingual_indexes": [],
    "description_bilingual_indexes": []
  },
  "72": {
    "summary": "scripts: not start collector in onebox by default not exit -1 but ex…",
    "description": "…it 0 when test fail update rdsn",
    "summary_bilingual_indexes": [],
    "description_bilingual_indexes": []
  },
  "73": {
    "summary": "update rdsn: bug fix of json encode logging when clea…",
    "description": "…r app envs change backup policy path on zookeeper",
    "summary_bilingual_indexes": [],
    "description_bilingual_indexes": []
  },
  "74": {
    "summary": "Geo: geo library support",
    "description": "- add geo library, support distance APIs\n- integrate the library into redis proxy",
    "summary_bilingual_indexes": [],
    "description_bilingual_indexes": []
  },
  "75": {
    "summary": "server shell: update sst size after manual compaction add --run_seconds for shell count_data fix pegasus_manual_compact.sh fix shell config conflict problem update rdsn",
    "description": "",
    "summary_bilingual_indexes": [],
    "description_bilingual_indexes": []
  },
  "78": {
    "summary": "update rdsn: fix compile_thrift.py",
    "description": "",
    "summary_bilingual_indexes": [],
    "description_bilingual_indexes": []
  },
  "80": {
    "summary": "pegasus_server: fix ttl bug",
    "description": "",
    "summary_bilingual_indexes": [],
    "description_bilingual_indexes": []
  },
  "81": {
    "summary": "*: fix clang build errors accordingly update rdsn",
    "description": "",
    "summary_bilingual_indexes": [],
    "description_bilingual_indexes": []
  },
  "82": {
    "summary": "bugfix: fix invalid use of std::move on std::string",
    "description": "Fixed bug 79\nThe main cause of the bug is that the move operation of higher versions of gcc, such as gcc 7.2.0 for std::string, is optimized to no longer move the data block to which data () is pointing, but instead directly copy the data to release the original data block. Thus, after move, the data block to which data () is pointing may have been released and can no longer be used.",
    "summary_bilingual_indexes": [],
    "description_bilingual_indexes": [
      0,
      1
    ]
  },
  "83": {
    "summary": "*: fix compile error of -Wuninitialized add --compiler option for build add --wait_healthy option for start_onebox speed up build time update rdsn",
    "description": "",
    "summary_bilingual_indexes": [],
    "description_bilingual_indexes": []
  },
  "85": {
    "summary": "scripts: build rocksdb support ccache fix run.sh fix CMakeLists.txt",
    "description": "",
    "summary_bilingual_indexes": [],
    "description_bilingual_indexes": []
  },
  "87": {
    "summary": "*: some code refactors update rdsn",
    "description": "",
    "summary_bilingual_indexes": [],
    "description_bilingual_indexes": []
  },
  "88": {
    "summary": "shell: replace readline with linenoise",
    "description": "Since gnu readline is GPL licensed, it s conflicted with us apache license. In this PR we replace readline with linenoise, which is a lightweight line-edit lib identical with readline but has a much smaller code base. Futhermore we implemented history, completion, commands hint using linenoise.",
    "summary_bilingual_indexes": [],
    "description_bilingual_indexes": []
  },
  "89": {
    "summary": "scripts: fix pack scripts to handle copy failure",
    "description": "",
    "summary_bilingual_indexes": [],
    "description_bilingual_indexes": []
  },
  "94": {
    "summary": "Bump version to 1.10.SNAPSHOT",
    "description": "",
    "summary_bilingual_indexes": [],
    "description_bilingual_indexes": []
  },
  "97": {
    "summary": "scripts: add falcon screen create and update tools",
    "description": "",
    "summary_bilingual_indexes": [],
    "description_bilingual_indexes": []
  },
  "99": {
    "summary": "pegasus_server: fix scan filter bug add unit test change scan defau…",
    "description": "…lt batch size\nto fix #98 ",
    "summary_bilingual_indexes": [],
    "description_bilingual_indexes": []
  },
  "100": {
    "summary": "collector: fix info collector",
    "description": "to fix #95",
    "summary_bilingual_indexes": [],
    "description_bilingual_indexes": []
  },
  "101": {
    "summary": "scripts: make shell and pegasus_falcon_screen.sh support minos 2.0",
    "description": "",
    "summary_bilingual_indexes": [],
    "description_bilingual_indexes": []
  },
  "103": {
    "summary": "update rdsn: fix asio_rpc_session bug which may cause double free",
    "description": "",
    "summary_bilingual_indexes": [],
    "description_bilingual_indexes": []
  },
  "104": {
    "summary": "redis_proxy: when parse message error, don t throw exception",
    "description": "",
    "summary_bilingual_indexes": [],
    "description_bilingual_indexes": []
  },
  "105": {
    "summary": "redis_proxy: several bug fix some refactor",
    "description": "1. fix the thread safety problem when socket is closed\n2. when parse error, close the socket instead of abort\n3. make the proxy_session redis_parser s semantic more clear\n4. make some rpc codes inline by declare it in source code",
    "summary_bilingual_indexes": [],
    "description_bilingual_indexes": []
  },
  "107": {
    "summary": "server: refine write process",
    "description": "- bugfix: multi_put and multi_remove won t return error for invalid user argument\n- batch_write and batch_remove will return error when rocksdb::WriteBatch failed. We used to assume it always returns OK.\n- add logging on batch write error.",
    "summary_bilingual_indexes": [],
    "description_bilingual_indexes": []
  },
  "108": {
    "summary": "pegasus_server: refactor perf counter",
    "description": "refactor accordingly as perf counter is modified in rdsn",
    "summary_bilingual_indexes": [],
    "description_bilingual_indexes": []
  },
  "110": {
    "summary": "pegasus_server: refine write process",
    "description": "",
    "summary_bilingual_indexes": [],
    "description_bilingual_indexes": []
  },
  "112": {
    "summary": "*: support incr",
    "description": "",
    "summary_bilingual_indexes": [],
    "description_bilingual_indexes": []
  },
  "114": {
    "summary": "*: use buf2bool in string_conv.h instead of which in pegasus_…",
    "description": "…utils.h",
    "summary_bilingual_indexes": [],
    "description_bilingual_indexes": []
  },
  "115": {
    "summary": "scripts: add pegasus_replica_thread.sh",
    "description": "This script is primarily used to calculate the distribution of threads of the replica of a table at each node of the thread.\nThe result of executing the script is a form that looks like this.\nNote that each row, each node, is the number of replicas assigned to this thread.\n \n pegasus_replica_thread.sh 10.118.48.29:41601,10.118.48.28:41601 wifi_position 24\nUID: 10000\nPID: 42104\ncluster: 10.118.48.29:41601,10.118.48.28:41601\napp_name: wifi_position\nthread_num: 24\nStart time: Wed Jul 11 17:41:09 CST 2018\nnode thread_id 0 1 2 3 4 5 6 7 8 9 10 11 12 13 14 15 16 17 18 19 20 21 22 23 #replica max #max\n10.142.10.53:41801 3 3 2 7 4 2 3 7 2 4 2 3 3 6 4 2 1 3 2 4 0 4 1 5 24 7 2\n10.142.10.54:41801 3 3 2 4 1 3 1 6 4 7 3 2 4 3 2 5 4 7 2 2 1 2 3 3 24 7 2\n10.142.5.23:41801 4 3 4 1 5 2 3 2 3 2 2 5 6 3 5 3 5 3 3 3 4 0 3 3 24 6 1\n10.142.5.24:41801 3 1 6 0 2 4 5 1 5 3 3 3 3 4 4 1 4 5 3 5 5 1 3 3 24 6 1\n10.142.5.25:41801 2 4 5 4 4 3 2 3 3 3 1 4 3 2 3 5 4 4 4 2 2 5 1 4 24 5 3\n10.142.5.26:41801 4 6 1 7 5 3 1 3 1 3 3 5 1 3 1 5 1 2 1 5 3 4 4 4 24 7 1\n10.142.5.27:41801 5 4 3 1 6 3 4 2 3 2 5 2 3 3 2 1 3 1 5 2 5 5 5 1 24 6 1\n10.142.5.28:41801 0 4 1 5 0 5 2 2 1 5 6 3 1 4 3 6 2 4 5 4 3 4 2 5 24 6 2\n10.142.5.29:41801 3 2 2 4 3 3 6 3 5 2 4 2 5 2 5 4 6 2 4 1 2 4 2 1 24 6 2\n10.142.5.30:41801 3 0 4 0 3 5 6 4 6 2 4 4 4 3 4 1 3 2 4 2 5 1 6 1 24 6 3\n 7 \nNotes:\n max : maximum replica count dispatching on single thread\n #max : thread count dispatching maximum replicas\nFinish time: Wed Jul 11 17:41:09 CST 2018\nStatistics done, elasped time is 0 seconds.\n \nIt can be seen that on 10.142.10.53:41801 thread_id=3 needs to process 7 replica write requests, but thread_id=20 handles 0 replica units.\nWe want this distribution to be as balanced as possible, to avoid too many replicas on one thread, because the tasks on a single thread are executed in series, and if there are too many replicas on a single thread, it becomes a bottleneck.\nThe above factors are taken into account when load balancing, see 124 .",
    "summary_bilingual_indexes": [],
    "description_bilingual_indexes": [
      0,
      1,
      2,
      29,
      30,
      31
    ]
  },
  "116": {
    "summary": "*: refactor accordingly as clientlet is removed in rdsn",
    "description": "",
    "summary_bilingual_indexes": [],
    "description_bilingual_indexes": []
  },
  "117": {
    "summary": "server: add fault injection in write path",
    "description": "See issue #109 ",
    "summary_bilingual_indexes": [],
    "description_bilingual_indexes": []
  },
  "120": {
    "summary": "link s2geometry as static library",
    "description": "",
    "summary_bilingual_indexes": [],
    "description_bilingual_indexes": []
  },
  "121": {
    "summary": "README: add wechat channel",
    "description": "",
    "summary_bilingual_indexes": [],
    "description_bilingual_indexes": []
  },
  "122": {
    "summary": "server: support check_and_set",
    "description": "",
    "summary_bilingual_indexes": [],
    "description_bilingual_indexes": []
  },
  "123": {
    "summary": "bench test: move pegasus bench test from rocksdb to pegasus",
    "description": "- move pegasus bench test from rocksdb to pegasus\n- remove rocksdb tests which are duplicate with rocksdb s bench tests",
    "summary_bilingual_indexes": [],
    "description_bilingual_indexes": []
  },
  "125": {
    "summary": "pegasus_counter_updater: move some features to rDSN",
    "description": "1. perf_counter_utils have been moved to rdsn\n2. brief_stat is seperated into another module, coz other executables like redis parser can t use this command\n3. refactor the perf counter report method by logging and falcon using the new perf_counters api",
    "summary_bilingual_indexes": [],
    "description_bilingual_indexes": []
  },
  "126": {
    "summary": "*: linkage modification as replication.clientlib has renamed to replication_common",
    "description": "",
    "summary_bilingual_indexes": [],
    "description_bilingual_indexes": []
  },
  "127": {
    "summary": "update rdsn for bugfix: fix buf2double bug",
    "description": "refer to 138",
    "summary_bilingual_indexes": [],
    "description_bilingual_indexes": []
  },
  "128": {
    "summary": "server: fix unpassed unit test bug of CI",
    "description": "",
    "summary_bilingual_indexes": [],
    "description_bilingual_indexes": []
  },
  "130": {
    "summary": "update rdsn rocksdb",
    "description": "",
    "summary_bilingual_indexes": [],
    "description_bilingual_indexes": []
  },
  "132": {
    "summary": "reporter: link counter reporter as a static library",
    "description": "",
    "summary_bilingual_indexes": [],
    "description_bilingual_indexes": []
  },
  "133": {
    "summary": "pack tools: remove not exist file copy",
    "description": "",
    "summary_bilingual_indexes": [],
    "description_bilingual_indexes": []
  },
  "134": {
    "summary": "rocksdb:add make_option to disable jemalloc",
    "description": "",
    "summary_bilingual_indexes": [],
    "description_bilingual_indexes": []
  },
  "135": {
    "summary": "config: fix config for CHECK_AND_SET",
    "description": "",
    "summary_bilingual_indexes": [],
    "description_bilingual_indexes": []
  },
  "137": {
    "summary": "Bump version to 1.11.SNAPSHOT",
    "description": "",
    "summary_bilingual_indexes": [],
    "description_bilingual_indexes": []
  },
  "138": {
    "summary": "docker: add dockerfile for onebox",
    "description": "refer to #140 ",
    "summary_bilingual_indexes": [],
    "description_bilingual_indexes": []
  },
  "143": {
    "summary": "Compile error fix",
    "description": "",
    "summary_bilingual_indexes": [],
    "description_bilingual_indexes": []
  },
  "146": {
    "summary": "rproxy: add decrby",
    "description": "",
    "summary_bilingual_indexes": [],
    "description_bilingual_indexes": []
  },
  "150": {
    "summary": "Wiki: add images",
    "description": "",
    "summary_bilingual_indexes": [],
    "description_bilingual_indexes": []
  },
  "152": {
    "summary": "compile: compile rocksdb by cmake",
    "description": "- How to compile the unified Pegasus project\n- Using cmake to make compilation easier and more manageable",
    "summary_bilingual_indexes": [],
    "description_bilingual_indexes": [
      0,
      1
    ]
  },
  "154": {
    "summary": "doc: add Pegasus_Intro_2018_07.pptx",
    "description": "",
    "summary_bilingual_indexes": [],
    "description_bilingual_indexes": []
  },
  "155": {
    "summary": "use type to check command",
    "description": "Under some compile environments, nc -help null null will return 1 even if the nc command exists. POSIX does say, “If a command is not found, the exit status shall be 127.” So we should not use if [ = 0 ] to judge whether it has nc command. \nBecause the script uses bash, POSIX rules don t really matter anymore and both type and hash become perfectly safe to use. Here we choose type.",
    "summary_bilingual_indexes": [],
    "description_bilingual_indexes": []
  },
  "157": {
    "summary": "shell: get cluster name when start shell",
    "description": "refer to 149",
    "summary_bilingual_indexes": [],
    "description_bilingual_indexes": []
  },
  "158": {
    "summary": "scan: decrease the probility of context id conflict, and add more comments",
    "description": "refer to #156 ",
    "summary_bilingual_indexes": [],
    "description_bilingual_indexes": []
  },
  "160": {
    "summary": "server: ensure checkpoints are deleted earilier than rdb when clean app",
    "description": "",
    "summary_bilingual_indexes": [],
    "description_bilingual_indexes": []
  },
  "161": {
    "summary": "server: add check_and_mutate () interface and implementation",
    "description": "refer to #159 ",
    "summary_bilingual_indexes": [],
    "description_bilingual_indexes": []
  },
  "163": {
    "summary": "build: fix rocksdb build",
    "description": "1. should add -CMAKE_BUILD_TYPE=debug to CMAKE_OPTIONS too.\n2. when there is an existing makefile, we shoudn t run cmake again. otherwise the build process may fail.",
    "summary_bilingual_indexes": [],
    "description_bilingual_indexes": []
  },
  "164": {
    "summary": "shell: improve app_stat print format",
    "description": "",
    "summary_bilingual_indexes": [],
    "description_bilingual_indexes": []
  },
  "167": {
    "summary": " scripts: improve pegasus_rolling_update.sh fix shell",
    "description": "",
    "summary_bilingual_indexes": [],
    "description_bilingual_indexes": []
  },
  "168": {
    "summary": "rpc message: remove dsn_message_t",
    "description": "",
    "summary_bilingual_indexes": [],
    "description_bilingual_indexes": []
  },
  "169": {
    "summary": "update rdsn: extend app_info to add drop_seconds",
    "description": "",
    "summary_bilingual_indexes": [],
    "description_bilingual_indexes": []
  },
  "171": {
    "summary": "server: fix compile on gcc 7",
    "description": "",
    "summary_bilingual_indexes": [],
    "description_bilingual_indexes": []
  },
  "172": {
    "summary": "doc: fix typos and grammar",
    "description": "",
    "summary_bilingual_indexes": [],
    "description_bilingual_indexes": []
  },
  "174": {
    "summary": "geo: fix unable to rewrite error geo encoded data bug",
    "description": "geo del API will return error when operate on an exist data which is not encoded by a predefined rule， it s a bug",
    "summary_bilingual_indexes": [],
    "description_bilingual_indexes": []
  },
  "175": {
    "summary": "shell: add ddd_diagnose command",
    "description": "refer to 80",
    "summary_bilingual_indexes": [],
    "description_bilingual_indexes": []
  },
  "176": {
    "summary": "Bump version to 1.12.SNAPSHOT",
    "description": "",
    "summary_bilingual_indexes": [],
    "description_bilingual_indexes": []
  },
  "177": {
    "summary": " client: remove dsn::apps::mutate in client.h",
    "description": "",
    "summary_bilingual_indexes": [],
    "description_bilingual_indexes": []
  },
  "178": {
    "summary": "server: incr support reset ttl",
    "description": "",
    "summary_bilingual_indexes": [],
    "description_bilingual_indexes": []
  },
  "179": {
    "summary": "update rdsn: adapt to refactoring of cli in rdsn",
    "description": "",
    "summary_bilingual_indexes": [],
    "description_bilingual_indexes": []
  },
  "182": {
    "summary": "scripts: build without building rdsn tests",
    "description": "By taking --notest added in 152 we are able to skip building rdsn tests when compiling pegasus and reduce compilation time greatly.\nsee #180",
    "summary_bilingual_indexes": [],
    "description_bilingual_indexes": []
  },
  "183": {
    "summary": "submodule: use new random APIs of rdsn",
    "description": "refer to 163",
    "summary_bilingual_indexes": [],
    "description_bilingual_indexes": []
  },
  "185": {
    "summary": "submodule: update rdsn to master version",
    "description": "",
    "summary_bilingual_indexes": [],
    "description_bilingual_indexes": []
  },
  "188": {
    "summary": "scripts: add shell option --disable_gperf and install tests in bin",
    "description": "",
    "summary_bilingual_indexes": [],
    "description_bilingual_indexes": []
  },
  "190": {
    "summary": "scripts: install upgrade_test in DSN_ROOT",
    "description": "",
    "summary_bilingual_indexes": [],
    "description_bilingual_indexes": []
  },
  "191": {
    "summary": "scripts: improve pegasus_stat_available.sh",
    "description": "to stat more than one month, for example, three months of one season.",
    "summary_bilingual_indexes": [],
    "description_bilingual_indexes": []
  },
  "193": {
    "summary": "fixed some small errors",
    "description": "",
    "summary_bilingual_indexes": [],
    "description_bilingual_indexes": []
  },
  "194": {
    "summary": "submodule/rdsn: fix pegasus compilation failure",
    "description": "",
    "summary_bilingual_indexes": [],
    "description_bilingual_indexes": []
  },
  "195": {
    "summary": "thirdparty: fix build failure on boost-1.68 enviroment",
    "description": " \nIn file included from asio.hpp:118:0,\n from pegasus_counter_reporter.h:11,\n from info_collector_app.cpp:6:\n/home/wutao1/work/boost_1_68_0/output/include/boost/asio/signal_set.hpp:114:58: error: macro signal_set requires 4 arguments, but only 1 given\n explicit signal_set (boost::asio::io_context io_context)\n \n/home/wutao1/work/boost_1_68_0/output/include/boost/asio/signal_set.hpp:132:70: error: macro signal_set requires 4 arguments, but only 2 given\n signal_set (boost::asio::io_context io_context, int signal_number_1)\n \n/home/wutao1/work/boost_1_68_0/output/include/boost/asio/signal_set.hpp:157:26: error: macro signal_set requires 4 arguments, but only 3 given\n int signal_number_2)\n \n/home/wutao1/work/boost_1_68_0/output/include/boost/asio/signal_set.hpp:205:15: error: macro signal_set requires 4 arguments, but only 1 given\n signal_set ()\n ",
    "summary_bilingual_indexes": [],
    "description_bilingual_indexes": []
  },
  "196": {
    "summary": "shell: support change cluster",
    "description": "This PR I introduce a new command called cc [cluster_name] , which can change the current working cluster. This command is useful when we open pegasus shell in gotty, for example when we run gotty -w run.sh shell , we are not able to re-specify the cluster:\n \ntask_spec.cpp:94:register_task_code ():overwrite default thread pool for task RPC_CM_QUERY_PARTITION_CONFIG_BY_INDEX from THREAD_POOL_DEFAULT to THREAD_POOL_META_SERVER\ntask_spec.cpp:94:register_task_code ():overwrite default thread pool for task RPC_CM_QUERY_PARTITION_CONFIG_BY_INDEX_ACK from THREAD_POOL_DEFAULT to THREAD_POOL_META_SERVER\ntask_spec.cpp:94:register_task_code ():overwrite default thread pool for task RPC_CM_QUERY_PARTITION_CONFIG_BY_INDEX from THREAD_POOL_META_SERVER to THREAD_POOL_DEFAULT\ntask_spec.cpp:94:register_task_code ():overwrite default thread pool for task RPC_CM_QUERY_PARTITION_CONFIG_BY_INDEX_ACK from THREAD_POOL_META_SERVER to THREAD_POOL_DEFAULT\nPegasus Shell 1.12.SNAPSHOT\nType help for more information.\nType Ctrl-D or Ctrl-C to exit the shell.\nservice_api_c.cpp:314:run ():dsn_runtime_init_time_ms = 1540480394003 (2018-10-25 23:13:14.003)\nThe config file is: config-shell.ini.35339\nThe cluster name is: onebox\nThe cluster meta list is: 127.0.0.1:34601,127.0.0.1:34602,127.0.0.1:34603\n cc c3srv-ad\nThe cluster name is: c3srv-ad\nThe cluster meta list is: XXXX:37601,XXXX:37601\n nodes -d\naddress status replica_count primary_count secondary_count\nXX.XXX.XX.XXX:37801 ALIVE 114 38 76\n cc hytst-staging2\nThe cluster name is: hytst-staging2\nThe cluster meta list is: XXXX:38601,XXXX:38601\n nodes -d\naddress status replica_count primary_count secondary_count\nXX.XXX.XX.XXX:38801 ALIVE 375 150 225\n \n [image]/6970676/47511303-7d1fa300-d8ac-11e8-8180-76932f4b7de5.png\n",
    "summary_bilingual_indexes": [],
    "description_bilingual_indexes": []
  },
  "197": {
    "summary": "submodule/rdsn: update rdsn to rdsn-185",
    "description": "",
    "summary_bilingual_indexes": [],
    "description_bilingual_indexes": []
  },
  "200": {
    "summary": "restore_app: update rdsn",
    "description": "#199 ",
    "summary_bilingual_indexes": [],
    "description_bilingual_indexes": []
  },
  "201": {
    "summary": "restore_app: update rdsn",
    "description": "update rdsn",
    "summary_bilingual_indexes": [],
    "description_bilingual_indexes": []
  },
  "202": {
    "summary": "server: support default TTL for a table",
    "description": "/XiaoMi/pegasus/issues/198",
    "summary_bilingual_indexes": [],
    "description_bilingual_indexes": []
  },
  "203": {
    "summary": "doc: add Pegasus_Intro_2018_10.pptx",
    "description": "",
    "summary_bilingual_indexes": [],
    "description_bilingual_indexes": []
  },
  "205": {
    "summary": " idl: fix recompile_thrift.sh script: add format_files.sh",
    "description": "",
    "summary_bilingual_indexes": [],
    "description_bilingual_indexes": []
  },
  "206": {
    "summary": "server: support default TTL for a table",
    "description": "#198 ",
    "summary_bilingual_indexes": [],
    "description_bilingual_indexes": []
  },
  "208": {
    "summary": "test: fix scan test cases skiped bug in CI",
    "description": "",
    "summary_bilingual_indexes": [],
    "description_bilingual_indexes": []
  },
  "209": {
    "summary": "scripts: fix format_files.sh to ignore rdsn module",
    "description": "",
    "summary_bilingual_indexes": [],
    "description_bilingual_indexes": []
  },
  "210": {
    "summary": "scripts: fix get_ _lib funcs in pack_common.sh",
    "description": "add 64-bit check when getting stdcpp or system lib\nonly allows one lib to be found",
    "summary_bilingual_indexes": [],
    "description_bilingual_indexes": []
  },
  "211": {
    "summary": "monitor: add more metrics in falcon",
    "description": "",
    "summary_bilingual_indexes": [],
    "description_bilingual_indexes": []
  },
  "212": {
    "summary": "monitor: expose rocksdb statistics to pegasus",
    "description": "/XiaoMi/pegasus/issues/184",
    "summary_bilingual_indexes": [],
    "description_bilingual_indexes": []
  },
  "213": {
    "summary": "shell: add a tool to help matrix data output",
    "description": "add a class table_printer to help matrix data output, it s more convenient to add column name, row name and their data, the output data will align itself. ",
    "summary_bilingual_indexes": [],
    "description_bilingual_indexes": []
  },
  "214": {
    "summary": "docker: support ubuntu 16.04",
    "description": "",
    "summary_bilingual_indexes": [],
    "description_bilingual_indexes": []
  },
  "215": {
    "summary": "server: fix iterate_count of multi_get",
    "description": "",
    "summary_bilingual_indexes": [],
    "description_bilingual_indexes": []
  },
  "216": {
    "summary": "shell: use rocksdb s histogram for shell key-value size statistics",
    "description": "we can see more value size statistics now.\nthe value size statistics part of output of shell command count_data -z will look like:\n \nINFO: split[0]: 103800 rows\nINFO: split[1]: 68900 rows\nINFO: split[2]: 75700 rows\nINFO: split[3]: 55200 rows\nCount partially, total 303600 rows.\n[hash_key_size]\n max = 32\n med = 32.00\n avg = 32.00\n min = 32\n P99 = 32.00\n P95 = 32.00\n P90 = 32.00\n[sort_key_size]\n max = 13\n med = 13.00\n avg = 13.00\n min = 13\n P99 = 13.00\n P95 = 13.00\n P90 = 13.00\n[value_size]\n max = 155004\n med = 1714.41\n avg = 3233.96\n min = 999\n P99 = 21555.07\n P95 = 11357.16\n P90 = 7609.97\n[row_size]\n max = 155049\n med = 1726.63\n avg = 3278.96\n min = 1044\n P99 = 21584.27\n P95 = 11409.80\n P90 = 7662.66\n \n",
    "summary_bilingual_indexes": [],
    "description_bilingual_indexes": []
  },
  "217": {
    "summary": "rocksdb: add compression type zstd and lz4",
    "description": "In brief, if have lots of free CPU, ZSTD is a good chooice otherwise, LZ4 is recommended.\nCompressor name Ratio s) s)\n-- -- -- --\nzstd 1.3.4 -1 2.877 470 1380\nzlib 1.2.11 -1 2.743 110 400\nbrotli 1.0.2 -0 2.701 410 430\nquicklz 1.5.0 -1 2.238 550 710\nlzo1x 2.09 -1 2.108 650 830\nlz4 1.8.1 2.101 750 3700\nsnappy 1.1.4 2.091 530 1800\nlzf 3.6 -1 2.077 400 860\n [1]/528445/49912828-60741480-fec6-11e8-8ff7-6b415e669067.png\nRocksDB gives some suggestion Compression:\n Use options.compression to specify the compression to use. By default it is Snappy. We believe LZ4 is almost always better than Snappy. We leave Snappy as default to avoid unexpected compatibility problems to previous users. Snappy is lightweight compression so it usually strikes a good balance between space and CPU usage.\n If you want to further reduce the in-memory and have some free CPU to use, you can try to set a heavy-weight compression in the latter by setting options.bottommost_compression. The bottommost level will be compressed using this compression style. Usually the bottommost level contains majority of the data, so users get almost optimal space setting, without paying CPU for compress all the data ever flowing to any level. We recommend ZSTD. If it is not available, Zlib is the second choice.\n If you want have a lot of free CPU and want to reduce not just space but write amplification too, try to set options.compression to heavy weight compression type. We recommend ZSTD. Use Zlib if it is not available.\nas we can see from the above table, lz4 is a compression algorithm with more moderate ratio and speed than zstd, so we also take it into consideration.\nIn this PR we disabled rocksdb s link with bzip2 (because we never use this lib for compression before), and add links with zstd and lz4. This two libs will be packed up using run.sh pack_server and run.sh pack_tools .\n",
    "summary_bilingual_indexes": [],
    "description_bilingual_indexes": []
  },
  "218": {
    "summary": "misc: update rdsn update config update falcon_screen.json",
    "description": "",
    "summary_bilingual_indexes": [],
    "description_bilingual_indexes": []
  },
  "222": {
    "summary": "shell: fix a command bug",
    "description": "",
    "summary_bilingual_indexes": [],
    "description_bilingual_indexes": []
  },
  "223": {
    "summary": "shell: support get count of different hash keys in command count_data",
    "description": "refer to #220",
    "summary_bilingual_indexes": [],
    "description_bilingual_indexes": []
  },
  "230": {
    "summary": "server: support table level write throttling",
    "description": "refer to 204",
    "summary_bilingual_indexes": [],
    "description_bilingual_indexes": []
  },
  "231": {
    "summary": "doc: fix grammar and update copyright year",
    "description": "",
    "summary_bilingual_indexes": [],
    "description_bilingual_indexes": []
  },
  "232": {
    "summary": "scripts: fix pack_common.sh",
    "description": "if ztsd is installed by yourself, then you can not get lib by ldconfig.",
    "summary_bilingual_indexes": [],
    "description_bilingual_indexes": []
  },
  "234": {
    "summary": "bugfix: use std::abs explicit to avoid reference to cstdlib abs, which will c…",
    "description": "use std::abs explicit to avoid reference to cstdlib abs, which will convert double to int",
    "summary_bilingual_indexes": [],
    "description_bilingual_indexes": []
  },
  "240": {
    "summary": "scripts: add option to skip building thirdparties change default compression to lz4",
    "description": "",
    "summary_bilingual_indexes": [],
    "description_bilingual_indexes": []
  },
  "241": {
    "summary": "server: fix invalid access to block_cache nullptr if disabled",
    "description": "",
    "summary_bilingual_indexes": [],
    "description_bilingual_indexes": []
  },
  "242": {
    "summary": "refactor as uri resolver is removed",
    "description": "",
    "summary_bilingual_indexes": [],
    "description_bilingual_indexes": []
  },
  "243": {
    "summary": "rocksdb: compression types are configurable for each level separately",
    "description": "issue: 236\n_ Table level configuration not supported\nThe dynamic changes are not supported.",
    "summary_bilingual_indexes": [],
    "description_bilingual_indexes": [
      1,
      2
    ]
  },
  "244": {
    "summary": "scripts: check health status for all clusters",
    "description": "- pegasus_check_clusters.py: Check the cluster status to see if it is loaded unbalanced, if there are unhealthy nodes.\nIf there is no imbalance in the following c3srv-xchat, the output is empty.\n \n c3srv-ada\naddress status replica_count primary_count secondary_count \n :47801 ALIVE 86 48 38 \n :47801 ALIVE 86 48 38 \n :47801 ALIVE 93 13 80 \n :47801 ALIVE 69 12 57 \n :47801 ALIVE 87 16 70 \ntotal_node_count : 5\nalive_node_count : 5\nunalive_node_count : 0\ncluster is write unhealthy, write_unhealthy_app_count = 1\ncluster is read unhealthy, read_unhealthy_app_count = 1\n \n c3srv-xchat\n \n c3srv-lbs\n \n \n- pegasus_check_ports.py: Check the cluster port status, see if there are any conflicts, give a recommended port value, see how many meta processes are on the machine\n \ncluster c4srv-msg: 36600 [ # .bj]\ncluster c4srv-adc: 53600 [ # .bj]\ncluster c4srv-adb: 45600 [ # .bj]\ncluster c4srv-feedprofile: 59600 [yyyyyyyyy # yyyyyyyyyyyy.bj]\nport number conflicted: 53600 c4srv-feedhistory [ # .bj]\nrecommended port number for [ # .bj] is: 54600\n[ # .bj] has in total 3 clusters on it\nrecommended port number for [yyyyyyyyy # yyyyyyyyyyyy.bj] is: 60600\n[yyyyyyyyy # yyyyyyyyyyyy.bj] has in total 1 clusters on it\n \n",
    "summary_bilingual_indexes": [],
    "description_bilingual_indexes": [
      0,
      1,
      21
    ]
  },
  "245": {
    "summary": "update rdsn: return forward address in configuration_query_by_index_r…",
    "description": "…esponse",
    "summary_bilingual_indexes": [],
    "description_bilingual_indexes": []
  },
  "246": {
    "summary": "monitor: add hit rate metric to falcon",
    "description": "* add hit rate metric to falcon\n* fix hit rate report bug",
    "summary_bilingual_indexes": [],
    "description_bilingual_indexes": []
  },
  "247": {
    "summary": "fd: fix failure detection bug",
    "description": "issue #239 and issue #189 \n- fix failure detection bug\n- expand fd lease time\n- expand rolling update interval",
    "summary_bilingual_indexes": [],
    "description_bilingual_indexes": []
  },
  "248": {
    "summary": "server: improve logging for abnormal multi_get",
    "description": "",
    "summary_bilingual_indexes": [],
    "description_bilingual_indexes": []
  },
  "250": {
    "summary": "server: improve manual compact to support max_concurrent_running_coun…",
    "description": "…t limit",
    "summary_bilingual_indexes": [],
    "description_bilingual_indexes": []
  },
  "252": {
    "summary": "server: support app env rocksdb.checkpoint.reserve_min_count and rock…",
    "description": "…sdb.checkpoint.reserve_time_seconds\nfor the reason, please refer to E8 B5 84 E6 BA 90 E7 AE A1 E7 90 86",
    "summary_bilingual_indexes": [],
    "description_bilingual_indexes": []
  },
  "253": {
    "summary": "pegasus-server: remove old checkpoints after manual compact to releas…",
    "description": "…e storage",
    "summary_bilingual_indexes": [],
    "description_bilingual_indexes": []
  },
  "257": {
    "summary": "scripts: fix pack_common.sh to enable copy dir",
    "description": "because we need copy dir py_utils .\n* add -r option to copy dir.\n* add -L option to dereference symbolic link.",
    "summary_bilingual_indexes": [],
    "description_bilingual_indexes": []
  }
}