{
  "aa247c10c93bca03bb27b5371ac6801ce4ae72e4": {
    "message": " Bump up to v5.0.0 #45 #46",
    "diff": "[CHANGELOG.md]\n+# 2019-06-26 v5.0.0\n+* ✨ 独自のアイコングリフを導入\n+* NerdFontのMaterial Design Iconsを導入しました #45 #46\n+* 大文字シータ と小文字シータ を判読しやすいようにしました\n[cica.py]\n+FAMILY = Cica "
  },
  "2ad052e5ee12a11af2bdbb1da9b9eaa6052a3cbc": {
    "message": "Merge pull request #46 from iss45\nNerdフォント更新、グリフ追加、調整 v5対応",
    "diff": "[Makefile]\n+build:\n[cica.py]\n+import glob\n+from datetime import datetime\n+VERSION = 5.0.0 \n+FAMILY = Cica5 \n+def log (_str):\n+ now = datetime.now ().strftime ( Y- m- d H: M: S )\n+ print (now + + _str)\n+ if g.encoding 0x0300 or g.encoding 0x036f or g.encoding == 0x0398:\n+ if g.encoding 0x0370 or g.encoding 0x03ff or g.encoding == 0x0398:\n+ _g.transform (psMat.translate (0, 5))\n+ _f.transform (psMat.translate (0, 212))\n+ 0x2561, 0x2562, 0x2563, 0x256e, 0x256f, 0x2574, 0x2578,\n+ 0xf2510, 0xf2518, 0xf2524, 0xf2555, 0xf2556, 0xf2557, 0xf255b, 0xf255c, 0xf255d,\n+ 0xff2561, 0xf2562, 0xf2563, 0xf256e, 0xf256f, 0xf2574, 0xf2578\n+ 0x255e, 0x255f, 0x2560, 0x256d, 0x2570, 0x2576, 0x257a,\n+ 0xf250c, 0xf2514, 0xf251c, 0xf2552, 0xf2553, 0xf2554, 0xf2558, 0xf2559, 0xf255a,\n+ 0xf255e, 0xf255f, 0xf2560, 0xf256d, 0xf2570, 0xf2576, 0xf257a\n+ if g.encoding 0x2500:\n+ continue\n+ if g.encoding 0x256c and g.encoding 0xf2500:\n+def fix_overflow (glyph):\n+ 上が820を超えている、または下が-204を超えているグリフを\n+ 1024x1024の枠にはまるように修正する\n+ ※全角のグリフのみに実施する\n+ if glyph.width 1024:\n+ return glyph\n+ if glyph.isWorthOutputting:\n+ bb = glyph.boundingBox ()\n+ height = bb[3] - bb[1]\n+ if height 1024:\n+ # resize\n+ scale = 1024 height\n+ glyph.transform (psMat.scale (scale, scale))\n+ bb = glyph.boundingBox ()\n+ bottom = bb[1]\n+ top = bb[3]\n+ if bottom -204:\n+ glyph.transform (psMat.translate (0, -204 - bottom))\n+ elif top 820:\n+ glyph.transform (psMat.translate (0, 820 - top))\n+ return glyph\n+def import_svg (font):\n+ オリジナルのsvgグリフをインポートする\n+ files = *.svg )\n+ for f in files:\n+ filename, _ = os.path.splitext (os.path.basename (f))\n+ g = font.createChar (int (filename, 16))\n+ g.width = 1024\n+ g.vwidth = 1024\n+ g.clear ()\n+ g.importOutlines (f)\n+ g = fix_overflow (g)\n+ return font\n+ log ( remove_glyph_from_hack () )\n+ nerd = nerd.sfd )\n+ log ( transform Hack )\n+ log ( transform Mgen+ )\n+ log ( modify border glyphs )\n+ if g.encoding = 0x2500 and g.encoding = 0x257f:\n+ # 全角の罫線を0xf0000以降に退避\n+ cica.selection.select (g.encoding)\n+ cica.copy ()\n+ cica.selection.select (g.encoding + 0xf0000)\n+ cica.paste ()\n+ log ( modify nerd glyphs )\n+ if g.encoding 0xe0a0 or g.encoding 0xfd46:\n+ if g.encoding = 0xf500:\n+ # Material Design IconsはNerd Fontsに従うとアラビア文字等を壊して\n+ # しまうので、0xf0000〜に配置する\n+ cica.selection.select (g.encoding + 0xf0000)\n+ cica.paste ()\n+ else:\n+ cica.selection.select (g.encoding)\n+ cica.paste ()\n+ log ( modify icons_for_devs glyphs )\n+ log ( fix_overflow () )\n+ for g in cica.glyphs ():\n+ g = fix_overflow (g)\n+ log ( import_svg () )\n+ cica = import_svg (cica)\n+ log ( Started: + _f[ filename ])\n+ log ( Finished: + _f[ filename ])\n+ log ( )\n+ log ( Started: + _f[ filename ])\n+ log ( Finished: + _f[ filename ])\n+ log ( )"
  },
  "f5ad16286942ef6eea6b77750a18843d0aec7312": {
    "message": "Merge pull request #44 from fetch-fonts-on-docker-build\nfetch fonts on docker build",
    "diff": "[Dockerfile]\n+ENV HACK_VERSION v3.003\n+ENV MGENPLUS_VERSION 20150602\n+ENV NOTO_EMOJI_VERSION master\n+ENV DEJAVU_VERSION 2.37\n+ENV ICONSFORDEVS_VERSION master\n+ software-properties-common fontforge unar git curl \n+ mkdir work\n+WORKDIR work\n+COPY sourceFonts sourceFonts\n+RUN curl -L Hack- HACK_VERSION-ttf.zip -o hack.zip \n+ unar hack.zip -o hack cp * \n+ curl -L rounded-mgenplus- MGENPLUS_VERSION.7z -o rounded-mgenplus.7z \n+ unar rounded-mgenplus.7z -o tmp \n+ cp rounded-mgenplus-1m-regular.ttf \n+ cp rounded-mgenplus-1m-bold.ttf \n+ curl -L NotoEmoji-Regular.ttf -o NotoEmoji-Regular.ttf \n+ curl -L dejavu-fonts-ttf- DEJAVU_VERSION.zip -o dejavu.zip \n+ unar dejavu.zip -o tmp \n+ cp DejaVuSansMono.ttf \n+ cp DejaVuSansMono-Bold.ttf \n+ curl -L iconsfordevs.ttf -o iconsfordevs.ttf\n+COPY cica.py cica.py\n+COPY LICENSE.txt LICENSE.txt\n+COPY COPYRIGHT.txt COPYRIGHT.txt"
  },
  "79cdb01363f803615267f584fcf7725d8a56d376": {
    "message": " Bump up to v4.1.3 #41 #43",
    "diff": "[CHANGELOG.md]\n+# 2019-05-27 v4.1.3\n+* 三点リーダーを半角に変更しました #41 #43\n+# 2019-04-02 v4.1.2\n+* U+32FFに 令和 (㋿) を追加しました #42\n+# 2018-09-17 v4.1.0, v4.1.1\n+* Icons for Devsを追加しました #37\n+# 2018-09-15 v4.0.0\n+* UbuntuMonoをHackに変更しました\n+* ライセンスの競合を無くし、 SIL Open Font License 1.1 になりました\n+* 以前のバージョンはライセンスに問題があったので非公開にしました\n[cica.py]\n+VERSION = 4.1.3 "
  },
  "c71fd73b0285add54520d42f1d09f7c6be99fa85": {
    "message": "Merge pull request #43 from iss41\n3点リーダー対応 #41",
    "diff": "[cica.py]\n+ Rounded Mgen+を採用したいグリフをHackから削除\n+ # TODO: 矢印を全角のままにしたパターンも生成したい\n+ cica = modify_ellipsis (cica)\n+def modify_ellipsis (_f):\n+ 3点リーダーを半角にする\n+ DejaVuSansMono の U+22EF (⋯) をU+2026 (…)、U+22EE (⋮)、U+22F0 (⋰)、U+22F1 (⋱)\n+ にコピーした上で回転させて生成\n+ 三点リーダの文字幅について Issue #41 Cica 41\n+ _f.selection.select (0x22ef)\n+ _f.copy ()\n+ _f.selection.select (0x2026)\n+ _f.paste ()\n+ _f.selection.select (0x22ee)\n+ _f.paste ()\n+ _f.selection.select (0x22f0)\n+ _f.paste ()\n+ _f.selection.select (0x22f1)\n+ _f.paste ()\n+ for g in _f.glyphs ( encoding ):\n+ if g.encoding 0x22ee:\n+ continue\n+ elif g.encoding 0x22f1:\n+ break\n+ elif g.encoding == 0x22ee:\n+ bb = g.boundingBox ()\n+ cx = (bb[2] + bb[0]) 2\n+ cy = (bb[3] + bb[1]) 2\n+ trcen = psMat.translate (-cx, -cy)\n+ rotcen = psMat.compose (trcen, psMat.compose (psMat.rotate (math.radians (90)), psMat.inverse (trcen)))\n+ g.transform (rotcen)\n+ elif g.encoding == 0x22f0:\n+ bb = g.boundingBox ()\n+ cx = (bb[2] + bb[0]) 2\n+ cy = (bb[3] + bb[1]) 2\n+ trcen = psMat.translate (-cx, -cy)\n+ rotcen = psMat.compose (trcen, psMat.compose (psMat.rotate (math.radians (45)), psMat.inverse (trcen)))\n+ g.transform (rotcen)\n+ elif g.encoding == 0x22f1:\n+ bb = g.boundingBox ()\n+ cx = (bb[2] + bb[0]) 2\n+ cy = (bb[3] + bb[1]) 2\n+ trcen = psMat.translate (-cx, -cy)\n+ rotcen = psMat.compose (trcen, psMat.compose (psMat.rotate (math.radians (-45)), psMat.inverse (trcen)))\n+ g.transform (rotcen)\n+ return _f"
  },
  "6992b23979fe310c3bc5f3422b5bd6566c43fbbd": {
    "message": "3点リーダー対応 #41",
    "diff": "[cica.py]\n+ Rounded Mgen+を採用したいグリフをHackから削除\n+ # TODO: 矢印を全角のままにしたパターンも生成したい\n+ cica = modify_ellipsis (cica)\n+def modify_ellipsis (_f):\n+ 3点リーダーを半角にする\n+ DejaVuSansMono の U+22EF (⋯) をU+2026 (…)、U+22EE (⋮)、U+22F0 (⋰)、U+22F1 (⋱)\n+ にコピーした上で回転させて生成\n+ 三点リーダの文字幅について Issue #41 Cica 41\n+ _f.selection.select (0x22ef)\n+ _f.copy ()\n+ _f.selection.select (0x2026)\n+ _f.paste ()\n+ _f.selection.select (0x22ee)\n+ _f.paste ()\n+ _f.selection.select (0x22f0)\n+ _f.paste ()\n+ _f.selection.select (0x22f1)\n+ _f.paste ()\n+ for g in _f.glyphs ( encoding ):\n+ if g.encoding 0x22ee:\n+ continue\n+ elif g.encoding 0x22f1:\n+ break\n+ elif g.encoding == 0x22ee:\n+ bb = g.boundingBox ()\n+ cx = (bb[2] + bb[0]) 2\n+ cy = (bb[3] + bb[1]) 2\n+ trcen = psMat.translate (-cx, -cy)\n+ rotcen = psMat.compose (trcen, psMat.compose (psMat.rotate (math.radians (90)), psMat.inverse (trcen)))\n+ g.transform (rotcen)\n+ elif g.encoding == 0x22f0:\n+ bb = g.boundingBox ()\n+ cx = (bb[2] + bb[0]) 2\n+ cy = (bb[3] + bb[1]) 2\n+ trcen = psMat.translate (-cx, -cy)\n+ rotcen = psMat.compose (trcen, psMat.compose (psMat.rotate (math.radians (45)), psMat.inverse (trcen)))\n+ g.transform (rotcen)\n+ elif g.encoding == 0x22f1:\n+ bb = g.boundingBox ()\n+ cx = (bb[2] + bb[0]) 2\n+ cy = (bb[3] + bb[1]) 2\n+ trcen = psMat.translate (-cx, -cy)\n+ rotcen = psMat.compose (trcen, psMat.compose (psMat.rotate (math.radians (-45)), psMat.inverse (trcen)))\n+ g.transform (rotcen)\n+ return _f"
  },
  "7bab36400418f5519c61047d93988a52716d5374": {
    "message": "✨ U+32FFに令和追加 #42",
    "diff": "[cica.py]\n+VERSION = 4.1.2 \n+def reiwa (_f, _weight):\n+ reiwa = reiwa.sfd )\n+ if _weight == Bold :\n+ reiwa.close ()\n+ reiwa = reiwa-Bold.sfd )\n+ for g in reiwa.glyphs ():\n+ if g.isWorthOutputting:\n+ reiwa.selection.select (0x00)\n+ reiwa.copy ()\n+ _f.selection.select (0x32ff)\n+ _f.paste ()\n+ reiwa.close ()\n+ return _f\n+ cica = reiwa (cica, _f.get ( weight_name ))"
  },
  "1c5eded325a1e6658ed1bbbee4a9225eb1006739": {
    "message": "Icons for Devsのとじ忘れ修正 #39",
    "diff": "[README.md]\n+ Dockerを使う場合\n+※Regular以外のttfファイルがおかしくなる現象が発生しています #39\n+ 手動でやる場合\n+2018-08-27時点、Ubuntu 16.04 にて\n+ sh\n+sudo apt-get update\n+sudo apt-get -y install apt-file\n+sudo apt-file update\n+sudo apt-file search add-apt-repository\n+sudo apt-get -y install software-properties-common\n+sudo apt-get -y install fontforge unar\n+git clone Cica.git\n+cd Cica\n+curl -L Hack-v3.003-ttf.zip -o hack.zip\n+unar hack.zip\n+cp * \n+rm hack.zip\n+rm -r ttf\n+curl -LO rounded-mgenplus-20150602.7z\n+unar rounded-mgenplus-20150602.7z\n+cp rounded-mgenplus-1m-regular.ttf sourceFonts\n+cp rounded-mgenplus-1m-bold.ttf sourceFonts\n+curl -L NotoEmoji-Regular.ttf -o NotoEmoji-Regular.ttf\n+curl -LO dejavu-fonts-ttf-2.37.zip\n+unar dejavu-fonts-ttf-2.37.zip\n+mv DejaVuSansMono.ttf \n+mv DejaVuSansMono-Bold.ttf \n+curl -L iconsfordevs.ttf -o iconsfordevs.ttf\n+fontforge -lang=py -script cica.py\n+[fontforge のバージョンが古いと正常に動作しません 6\n+ fontforge --version\n+Copyright (c) 2000-2012 by George Williams.\n+ Executable based on sources from 14:57 GMT 31-Jul-2012-ML.\n+ Library based on sources from 14:57 GMT 31-Jul-2012.\n+fontforge 20120731\n+libfontforge 20120731-ML\n[cica.py]\n+VERSION = 4.1.1 \n+ icons_for_devs.close ()"
  },
  "aa652ac4d1074f1f67e06aa5991f4d238fab28ab": {
    "message": "Merge pull request #38 from fix-docker-entrypoint\nDockerによるビルドの設定でUbuntu MonoではなくHackを使うように修正",
    "diff": ""
  },
  "ac115dad547963a176101b101b6ec176c238ddeb": {
    "message": " Bump to v4.1.0 #37\nMerge branch iconsfordevs ",
    "diff": "[LICENSE.txt]\n+ - Icons for Devs : iconsfordevs\n[README.md]\n+ - [Icons for iconsfordevs\n+* * Icons for Devs\n+ Q A\n+ 矢印記号、半角なの... \n+ソースコード中で矢印記号はそう使わないと判断して半角幅にしました。\n+とはいえMarkdown中では使うこともあると思うのですが、その場合\n+あいまい文字が半角の環境で見切れてしまうので、それであれば\n+多少不格好でも判読できたほうが良いという判断です。\n+尚、絵文字の矢印を使うという手もあります U+F060 - U+F063 \n+ NerdTree、CtrlPでVueのアイコンが出ない\n+Vueのアイコンを追加しました v4.1.0 \n+.vimrcで以下を追加すると表示できます。 要 -devicons: Adds file type icons to popular Vim plugins: NERDTree, -airline, Powerline, Unite, -startify and vim-devicons \n+ vim\n+let g:WebDevIconsUnicodeDecorateFileNodesExtensionSymbols = {}\n+let g:WebDevIconsUnicodeDecorateFileNodesExtensionSymbols[ vue ] = \n+ アイコン入力方法 : [Ctrl+V] [u] e905 \n+let g:NERDTreeExtensionHighlightColor = {}\n+let g:NERDTreeExtensionHighlightColor[ vue ] = 42B983 \n+- Icons for Devs : iconsfordevs: Icons for Devs - An iconic font made for iconsfordevs\n[cica.py]\n+VERSION = 4.1.0 \n+def modify_iconsfordevs (_g):\n+ _g.transform (psMat.compose (psMat.scale (2), psMat.translate (0, -126)))\n+ _g.width = 1024\n+ _g = align_to_center (_g)\n+ return _g\n+ icons_for_devs = iconsfordevs.ttf )\n+ for g in icons_for_devs.glyphs ():\n+ if g.encoding 0xe900 or g.encoding 0xe950:\n+ continue\n+ g = modify_iconsfordevs (g)\n+ icons_for_devs.selection.select (g.encoding)\n+ icons_for_devs.copy ()\n+ cica.selection.select (g.encoding)\n+ cica.paste ()"
  },
  "768992aa011dfe008f9060d9247cd79052c76d7d": {
    "message": " Bump to 4.0.0 #36",
    "diff": "[COPYRIGHT.txt]\n[cica.py]\n+FAMILY = Cica "
  },
  "481a78cebe978c8228d9d129aa06c8b6741cc247": {
    "message": "UbuntuをHackに変更し、ライセンスをSIL OFLに #36",
    "diff": "[LICENSE.txt]\n+- The Cica generate script is licensed under the MIT License.\n+- And Cica Font Software is licensed under the SIL Open Font License v1.1.\n+- Source font softwares are licensed under the\n+ - SIL Open Font License, Version 1.1\n+ - Hack : \n+ - Rounded Mgen+ : \n+ - MIT Licenses\n+ - Cica Generate Script : Cica\n+ - DevIcons : devicons\n+ - Powerline Extra Symbols : powerline-extra-symbols\n+ - Font Awesome : Font-Awesome\n+ - Font Awesome Extension : font-awesome-extension\n+ - Octicons : octicons\n+ - IEC Power Symbols : \n+ - Powerline Symbols : powerline\n+ - Seti-UI + Custom : seti-ui\n+ - Apache License 2.0 - LICENSE-2.0.html\n+ - Noto Emoji : noto-emoji\n+ - Free license\n+ - DejaVu Sans Mono : \n+ SIL Open Font License\n+Version 1.1 - 26 February 2007\n+PREAMBLE\n+The goals of the Open Font License (OFL) are to stimulate worldwide\n+development of collaborative font projects, to support the font creation\n+efforts of academic and linguistic communities, and to provide a free and\n+open framework in which fonts may be shared and improved in partnership\n+with others.\n+The OFL allows the licensed fonts to be used, studied, modified and\n+redistributed freely as long as they are not sold by themselves. The\n+fonts, including any derivative works, can be bundled, embedded,\n+redistributed or sold with any software provided that any reserved\n+names are not used by derivative works. The fonts and derivatives,\n+however, cannot be released under any other type of license. The\n+requirement for fonts to remain under this license does not apply\n+to any document created using the fonts or their derivatives.\n+DEFINITIONS\n+ Font Software refers to the set of files released by the Copyright\n+Holder (s) under this license and clearly marked as such. This may\n+include source files, build scripts and documentation.\n+ Reserved Font Name refers to any names specified as such after the\n+copyright statement (s).\n+ Original Version refers to the collection of Font Software components as\n+distributed by the Copyright Holder (s).\n+ Modified Version refers to any derivative made by adding to, deleting,\n+or substituting — in part or in whole — any of the components of the\n+Original Version, by changing formats or by porting the Font Software to a\n+new environment.\n+ Author refers to any designer, engineer, programmer, technical\n+writer or other person who contributed to the Font Software.\n+PERMISSION CONDITIONS\n+Permission is hereby granted, free of charge, to any person obtaining\n+a copy of the Font Software, to use, study, copy, merge, embed, modify,\n+redistribute, and sell modified and unmodified copies of the Font\n+Software, subject to the following conditions:\n+1) Neither the Font Software nor any of its individual components,\n+in Original or Modified Versions, may be sold by itself.\n+2) Original or Modified Versions of the Font Software may be bundled,\n+redistributed or sold with any software, provided that each copy\n+contains the above copyright notice and this license. These can be\n+included either as stand-alone text files, human-readable headers or\n+in the appropriate machine-readable metadata fields within text or\n+binary files as long as those fields can be easily viewed by the user.\n+3) No Modified Version of the Font Software may use the Reserved Font\n+Name (s) unless explicit written permission is granted by the corresponding\n+Copyright Holder. This restriction only applies to the primary font name as\n+presented to the users.\n+4) The name (s) of the Copyright Holder (s) or the Author (s) of the Font\n+Software shall not be used to promote, endorse or advertise any\n+Modified Version, except to acknowledge the contribution (s) of the\n+Copyright Holder (s) and the Author (s) or with their explicit written\n+permission.\n+5) The Font Software, modified or unmodified, in part or in whole,\n+must be distributed entirely under this license, and must not be\n+distributed under any other license. The requirement for fonts to\n+remain under this license does not apply to any document created\n+using the Font Software.\n+TERMINATION\n+This license becomes null and void if any of the above conditions are\n+not met.\n+DISCLAIMER\n+THE FONT SOFTWARE IS PROVIDED AS IS , WITHOUT WARRANTY OF ANY KIND,\n+EXPRESS OR IMPLIED, INCLUDING BUT NOT LIMITED TO ANY WARRANTIES OF\n+MERCHANTABILITY, FITNESS FOR A PARTICULAR PURPOSE AND NONINFRINGEMENT\n+OF COPYRIGHT, PATENT, TRADEMARK, OR OTHER RIGHT. IN NO EVENT SHALL THE\n+COPYRIGHT HOLDER BE LIABLE FOR ANY CLAIM, DAMAGES OR OTHER LIABILITY,\n+INCLUDING ANY GENERAL, SPECIAL, INDIRECT, INCIDENTAL, OR CONSEQUENTIAL\n+DAMAGES, WHETHER IN AN ACTION OF CONTRACT, TORT OR OTHERWISE, ARISING\n+FROM, OUT OF THE USE OR INABILITY TO USE THE FONT SOFTWARE OR FROM\n+OTHER DEALINGS IN THE FONT SOFTWARE.\n+ MIT License\n+Copyright (c) 2018 Takahiro Minami\n+Permission is hereby granted, free of charge, to any person obtaining a copy\n+of this software and associated documentation files (the Software ), to deal\n+in the Software without restriction, including without limitation the rights\n+to use, copy, modify, merge, publish, distribute, sublicense, or sell\n+copies of the Software, and to permit persons to whom the Software is\n+furnished to do so, subject to the following conditions:\n+The above copyright notice and this permission notice shall be included in\n+all copies or substantial portions of the Software.\n+THE SOFTWARE IS PROVIDED AS IS , WITHOUT WARRANTY OF ANY KIND, EXPRESS OR\n+IMPLIED, INCLUDING BUT NOT LIMITED TO THE WARRANTIES OF MERCHANTABILITY,\n+FITNESS FOR A PARTICULAR PURPOSE AND NONINFRINGEMENT. IN NO EVENT SHALL THE\n+AUTHORS OR COPYRIGHT HOLDERS BE LIABLE FOR ANY CLAIM, DAMAGES OR OTHER\n+LIABILITY, WHETHER IN AN ACTION OF CONTRACT, TORT OR OTHERWISE, ARISING FROM,\n+OUT OF OR IN CONNECTION WITH THE SOFTWARE OR THE USE OR OTHER DEALINGS IN\n+THE SOFTWARE.\n+ BITSTREAM VERA LICENSE\n+Copyright (c) 2003 by Bitstream, Inc. All Rights Reserved. Bitstream Vera is a\n+trademark of Bitstream, Inc.\n+Permission is hereby granted, free of charge, to any person obtaining a copy\n+of the fonts accompanying this license ( Fonts ) and associated documentation\n+files (the Font Software ), to reproduce and distribute the Font Software,\n+including without limitation the rights to use, copy, merge, publish,\n+distribute, or sell copies of the Font Software, and to permit persons\n+to whom the Font Software is furnished to do so, subject to the following conditions:\n+The above copyright and trademark notices and this permission notice shall be\n+included in all copies of one or more of the Font Software typefaces.\n+The Font Software may be modified, altered, or added to, and in particular\n+the designs of glyphs or characters in the Fonts may be modified and additional\n+glyphs or characters may be added to the Fonts, only if the fonts are renamed\n+to names not containing either the words Bitstream or the word Vera .\n+This License becomes null and void to the extent applicable to Fonts or Font\n+Software that has been modified and is distributed under the Bitstream Vera \n+names.\n+The Font Software may be sold as part of a larger software package but no copy\n+of one or more of the Font Software typefaces may be sold by itself.\n+THE FONT SOFTWARE IS PROVIDED AS IS , WITHOUT WARRANTY OF ANY KIND, EXPRESS\n+OR IMPLIED, INCLUDING BUT NOT LIMITED TO ANY WARRANTIES OF MERCHANTABILITY,\n+FITNESS FOR A PARTICULAR PURPOSE AND NONINFRINGEMENT OF COPYRIGHT, PATENT,\n+TRADEMARK, OR OTHER RIGHT. IN NO EVENT SHALL BITSTREAM OR THE GNOME FOUNDATION\n+BE LIABLE FOR ANY CLAIM, DAMAGES OR OTHER LIABILITY, INCLUDING ANY GENERAL,\n+SPECIAL, INDIRECT, INCIDENTAL, OR CONSEQUENTIAL DAMAGES, WHETHER IN AN ACTION\n+OF CONTRACT, TORT OR OTHERWISE, ARISING FROM, OUT OF THE USE OR INABILITY TO\n+USE THE FONT SOFTWARE OR FROM OTHER DEALINGS IN THE FONT SOFTWARE.\n+Except as contained in this notice, the names of Gnome, the Gnome Foundation,\n+and Bitstream Inc., shall not be used in advertising or otherwise to promote\n+the sale, use or other dealings in this Font Software without prior written\n+authorization from the Gnome Foundation or Bitstream Inc., respectively. For\n+further information, contact: fonts at gnome dot org.\n[README.md]\n+ : : : : \n+ MacVim Cica v3との違い \n+ macvim.png) [ [v3 and cicachange.gif) \n+ Julia Ready GVim on Windows \n+ [ [Julia on julia.png) [ [GVim on gvim.png) \n+* 以下のフォントを合成後に調整した、プログラミング向けの等幅日本語フォントです。\n+ - 英数字、記号類に \n+* * Hack\n+curl -L Hack-v3.003-ttf.zip -o hack.zip\n+unar hack.zip\n+cp * \n+rm hack.zip\n+rm -r ttf\n+- Hack : [Hack A typeface designed for source \n+- Rounded Mgen+ : [自家製フォント工房]\n[cica.py]\n+VERSION = 4.0.0 \n+FAMILY = CicaDev \n+ hack : Hack-Regular.ttf ,\n+ hack_weight_reduce : 0,\n+ hack : Hack-Regular.ttf ,\n+ hack_weight_reduce : 0,\n+ hack : Hack-Bold.ttf ,\n+ hack_weight_reduce : 0,\n+ hack : Hack-Bold.ttf ,\n+ hack_weight_reduce : 0,\n+def remove_glyph_from_hack (_font):\n+ u Rounded Mgen+を採用したいグリフをHackから削除\n+ if not s f.get ( hack )):\n+def zero (_f):\n+ _f.selection.select (0x4f)\n+ _f.copy ()\n+ _f.selection.select (0x30)\n+ _f.paste ()\n+ _f.selection.select (0xb7)\n+ _f.copy ()\n+ _f.selection.select (0x30)\n+ _f.pasteInto ()\n+ for g in _f.selection.byGlyphs:\n+ g = align_to_center (g)\n+ return _f\n+def modify_WM (_f):\n+ _f.selection.select (0x57)\n+ _f.transform (psMat.scale (0.95, 1.0))\n+ _f.copy ()\n+ _f.selection.select (0x4d)\n+ _f.paste ()\n+ _f.transform (psMat.compose (psMat.rotate (math.radians (180)), psMat.translate (0, 627)))\n+ for g in _f.selection.byGlyphs:\n+ g = align_to_center (g)\n+ return _f\n+def modify_m (_f, _weight):\n+ m = m-Regular.sfd )\n+ if _weight == Bold :\n+ m.close ()\n+ m = m-Bold.sfd )\n+ m.selection.select (0x6d)\n+ m.copy ()\n+ _f.selection.select (0x6d)\n+ _f.paste ()\n+ for g in m.glyphs ():\n+ if g.encoding == 0x6d:\n+ anchorPoints = g.anchorPoints\n+ for g in _f.glyphs ():\n+ if g.encoding == 0x6d:\n+ g.anchorPoints = anchorPoints\n+ return _f\n+ hack = s _f.get ( hack ))\n+ hack = remove_glyph_from_hack (hack)\n+ for g in hack.glyphs ():\n+ g.transform ( (0.42,0,0,0.42,0,0))\n+ if _f.get ( hack_weight_reduce ) = 0:\n+ # g.changeWeight (_f.get ( hack_weight_reduce ), auto , 0, 0, auto )\n+ g.stroke ( circular , _f.get ( hack_weight_reduce ), butt , round , removeexternal )\n+ hack = modify_m (hack, _f.get ( weight_name ))\n+ for g in hack.glyphs ():\n+ hack.selection.select (g.encoding)\n+ hack.copy ()\n+ cica = zero (cica)\n+ cica = modify_WM (cica)\n+ hack.close ()\n[cicachange.gif]\n[gvim.png]\n[julia.png]\n[macvim.png]\n[ss1.png]"
  },
  "226767570c86492dd0040444827f99a0439aa501": {
    "message": "絵文字なしバージョン追加 #29",
    "diff": "[cica.py]\n+VERSION = 3.0.0 \n+def build_font (_f, emoji):\n+ if emoji:\n+ cica = add_notoemoji (cica)\n+ if emoji:\n+ fontpath = s _f.get ( filename )\n+ else:\n+ fontpath = s _f.get ( filename )\n+ build_font (_f, True)\n+ build_font (_f, False)"
  },
  "2a8cc900ebc6ac583b8cb01d829af21bb140fe4b": {
    "message": "Merge pull request #30 from width-punct2\nignoring_center に含まれる各文字の幅がわずかに小さい",
    "diff": "[cica.py]\n+ _font.os2_panose = (2, 11, int (weight 100), 9, 2, 2, 3, 2, 2, 7)\n+ full_half_threshold = 700\n+ skew_amount = g.font.ascent * 0.91 * 0.25\n+ g.width = g.width + skew_amount\n+ full_half_threshold += skew_amount\n+ if g.width full_half_threshold:\n+ width = 1024\n+ else:\n+ width = 512\n+ g.transform (psMat.translate ( (width - 2, 0))\n+ g.width = width"
  },
  "c128e210934a440c3d8471b693332d747f64d40b": {
    "message": "Merge pull request #27 from ubuntu-mono-download-url\nUbuntu MonoのダウンロードURLを更新",
    "diff": "[README.md]\n+wget -O ubuntu-font-family-0.83.zip fad7939b-ubuntu-font-family-0.83.zip"
  },
  "c4414480c816c6f88e131622744ed5217011f412": {
    "message": "fix #19",
    "diff": "[cica.py]\n+FAMILY = CicaIss19A \n+ elif _g.encoding = 0xf000 and _g.encoding = 0xf2e0:\n+ _g.transform (psMat.compose (psMat.scale (0.75, 0.75), psMat.translate (0, 55)))\n+ _g.width = 1024\n+ _g = align_to_center (_g)"
  },
  "12ef6180b0f63ce06f9e403a7c68bc3d5efab804": {
    "message": " 上付き、下付き文字対応 #22\nUpdate README.md",
    "diff": "[README.md]\n+ 特徴\n+* 以下のフォントを合成後に調整した、プログラミング向けの等幅日本語フォントです\n+ - 英数字、記号類に [Ubuntu Mono]\n+ - それ以外の文字に [Rounded \n+ - [Nerd nerd-fonts (= Powerlineパッチ、その他適用済、Pomiconsを除く※)\n+ - [Noto \n+* 各種エディタで迷わずに設定できるフォント名にしました (ex. Hoge Font , Hoge_Font or Hoge Font Regular ARGGGG )\n+* tmuxの画面分割に対応しています\n+* 非HiDPI 非Retina のWindowsでも文字が欠けません\n+* * NERDFonts (without Pomicons※)\n+※Nerd Fontsに含まれるPomiconsのグリフは商用利用が出来ないライセンスなのでCicaフォントからは除外しています。\n[cica.py]\n+VERSION = 2.1.0-rc \n+FAMILY = Cica \n+ family : FAMILY,\n+ name : FAMILY + -Regular ,\n+ filename : FAMILY + -Regular.ttf ,\n+ family : FAMILY,\n+ name : FAMILY + -RegularItalic ,\n+ filename : FAMILY + -RegularItalic.ttf ,\n+ family : FAMILY,\n+ name : FAMILY + -Bold ,\n+ filename : FAMILY + -Bold.ttf ,\n+ family : FAMILY,\n+ name : FAMILY + -BoldItalic ,\n+ filename : FAMILY + -BoldItalic.ttf ,\n+ cica = resize_supersub (cica)\n+def resize_supersub (_f):\n+ superscripts = [\n+ { src : 0x0031, dest : 0x00b9}, { src : 0x0032, dest : 0x00b2},\n+ { src : 0x0033, dest : 0x00b3}, { src : 0x0030, dest : 0x2070},\n+ { src : 0x0069, dest : 0x2071}, { src : 0x0034, dest : 0x2074},\n+ { src : 0x0035, dest : 0x2075}, { src : 0x0036, dest : 0x2076},\n+ { src : 0x0037, dest : 0x2077}, { src : 0x0038, dest : 0x2078},\n+ { src : 0x0039, dest : 0x2079}, { src : 0x002b, dest : 0x207a},\n+ { src : 0x002d, dest : 0x207b}, { src : 0x003d, dest : 0x207c},\n+ { src : 0x0028, dest : 0x207d}, { src : 0x0029, dest : 0x207e},\n+ { src : 0x006e, dest : 0x207f},\n+ # ↓上付きの大文字\n+ { src : 0x0041, dest : 0x1d2c}, { src : 0x00c6, dest : 0x1d2d},\n+ { src : 0x0042, dest : 0x1d2e}, { src : 0x0044, dest : 0x1d30},\n+ { src : 0x0045, dest : 0x1d31}, { src : 0x018e, dest : 0x1d32},\n+ { src : 0x0047, dest : 0x1d33}, { src : 0x0048, dest : 0x1d34},\n+ { src : 0x0049, dest : 0x1d35}, { src : 0x004a, dest : 0x1d36},\n+ { src : 0x004b, dest : 0x1d37}, { src : 0x004c, dest : 0x1d38},\n+ { src : 0x004d, dest : 0x1d39}, { src : 0x004e, dest : 0x1d3a},\n+ ↓REVERSED N なのでNを左右反転させる必要あり\n+ { src : 0x004e, dest : 0x1d3b, reversed : True},\n+ { src : 0x004f, dest : 0x1d3c}, { src : 0x0222, dest : 0x1d3d},\n+ { src : 0x0050, dest : 0x1d3e}, { src : 0x0052, dest : 0x1d3f},\n+ { src : 0x0054, dest : 0x1d40}, { src : 0x0055, dest : 0x1d41},\n+ { src : 0x0057, dest : 0x1d42},\n+ # ↓上付きの小文字\n+ { src : 0x0061, dest : 0x1d43}, { src : 0x0250, dest : 0x1d44},\n+ { src : 0x0251, dest : 0x1d45}, { src : 0x1d02, dest : 0x1d46},\n+ { src : 0x0062, dest : 0x1d47}, { src : 0x0064, dest : 0x1d48},\n+ { src : 0x0065, dest : 0x1d49}, { src : 0x0259, dest : 0x1d4a},\n+ { src : 0x025b, dest : 0x1d4b}, { src : 0x025c, dest : 0x1d4c},\n+ { src : 0x0067, dest : 0x1d4d},\n+ ↓TURNED i なので 180度回す必要あり\n+ { src : 0x0069, dest : 0x1d4e, turned : True},\n+ { src : 0x006b, dest : 0x1d4f}, { src : 0x006d, dest : 0x1d50},\n+ { src : 0x014b, dest : 0x1d51}, { src : 0x006f, dest : 0x1d52},\n+ { src : 0x0254, dest : 0x1d53}, { src : 0x1d16, dest : 0x1d54},\n+ { src : 0x1d17, dest : 0x1d55}, { src : 0x0070, dest : 0x1d56},\n+ { src : 0x0074, dest : 0x1d57}, { src : 0x0075, dest : 0x1d58},\n+ { src : 0x1d1d, dest : 0x1d59}, { src : 0x026f, dest : 0x1d5a},\n+ { src : 0x0076, dest : 0x1d5b}, { src : 0x1d25, dest : 0x1d5c},\n+ { src : 0x03b2, dest : 0x1d5d}, { src : 0x03b3, dest : 0x1d5e},\n+ { src : 0x03b4, dest : 0x1d5f}, { src : 0x03c6, dest : 0x1d60},\n+ { src : 0x03c7, dest : 0x1d61},\n+ { src : 0x0056, dest : 0x2c7d}, { src : 0x0068, dest : 0x02b0},\n+ { src : 0x0266, dest : 0x02b1}, { src : 0x006a, dest : 0x02b2},\n+ { src : 0x006c, dest : 0x02e1}, { src : 0x0073, dest : 0x02e2},\n+ { src : 0x0078, dest : 0x02e3}, { src : 0x0072, dest : 0x02b3},\n+ { src : 0x0077, dest : 0x02b7}, { src : 0x0079, dest : 0x02b8},\n+ { src : 0x0063, dest : 0x1d9c}, { src : 0x0066, dest : 0x1da0},\n+ { src : 0x007a, dest : 0x1dbb}, { src : 0x0061, dest : 0x00aa},\n+ { src : 0x0252, dest : 0x1d9b}, { src : 0x0255, dest : 0x1d9d},\n+ { src : 0x00f0, dest : 0x1d9e}, { src : 0x025c, dest : 0x1d9f},\n+ { src : 0x025f, dest : 0x1da1}, { src : 0x0261, dest : 0x1da2},\n+ { src : 0x0265, dest : 0x1da3}, { src : 0x0268, dest : 0x1da4},\n+ { src : 0x0269, dest : 0x1da5}, { src : 0x026a, dest : 0x1da6},\n+ { src : 0x1d7b, dest : 0x1da7}, { src : 0x029d, dest : 0x1da8},\n+ { src : 0x026d, dest : 0x1da9}, { src : 0x1d85, dest : 0x1daa},\n+ { src : 0x029f, dest : 0x1dab}, { src : 0x0271, dest : 0x1dac},\n+ { src : 0x0270, dest : 0x1dad}, { src : 0x0272, dest : 0x1dae},\n+ { src : 0x0273, dest : 0x1daf}, { src : 0x0274, dest : 0x1db0},\n+ { src : 0x0275, dest : 0x1db1}, { src : 0x0278, dest : 0x1db2},\n+ { src : 0x0282, dest : 0x1db3}, { src : 0x0283, dest : 0x1db4},\n+ { src : 0x01ab, dest : 0x1db5}, { src : 0x0289, dest : 0x1db6},\n+ { src : 0x028a, dest : 0x1db7}, { src : 0x1d1c, dest : 0x1db8},\n+ { src : 0x028b, dest : 0x1db9}, { src : 0x028c, dest : 0x1dba},\n+ { src : 0x0290, dest : 0x1dbc}, { src : 0x0291, dest : 0x1dbd},\n+ { src : 0x0292, dest : 0x1dbe}, { src : 0x03b8, dest : 0x1dbf},\n+ ]\n+ subscripts = [\n+ { src : 0x0069, dest : 0x1d62}, { src : 0x0072, dest : 0x1d63},\n+ { src : 0x0075, dest : 0x1d64}, { src : 0x0076, dest : 0x1d65},\n+ { src : 0x03b2, dest : 0x1d66}, { src : 0x03b3, dest : 0x1d67},\n+ { src : 0x03c1, dest : 0x1d68}, { src : 0x03c6, dest : 0x1d69},\n+ { src : 0x03c7, dest : 0x1d6a}, { src : 0x006a, dest : 0x2c7c},\n+ { src : 0x0030, dest : 0x2080}, { src : 0x0031, dest : 0x2081},\n+ { src : 0x0032, dest : 0x2082}, { src : 0x0033, dest : 0x2083},\n+ { src : 0x0034, dest : 0x2084}, { src : 0x0035, dest : 0x2085},\n+ { src : 0x0036, dest : 0x2086}, { src : 0x0037, dest : 0x2087},\n+ { src : 0x0038, dest : 0x2088}, { src : 0x0039, dest : 0x2089},\n+ { src : 0x002b, dest : 0x208a}, { src : 0x002d, dest : 0x208b},\n+ { src : 0x003d, dest : 0x208c}, { src : 0x0028, dest : 0x208d},\n+ { src : 0x0029, dest : 0x208e}, { src : 0x0061, dest : 0x2090},\n+ { src : 0x0065, dest : 0x2091}, { src : 0x006f, dest : 0x2092},\n+ { src : 0x0078, dest : 0x2093}, { src : 0x0259, dest : 0x2094},\n+ { src : 0x0068, dest : 0x2095}, { src : 0x006b, dest : 0x2096},\n+ { src : 0x006c, dest : 0x2097}, { src : 0x006d, dest : 0x2098},\n+ { src : 0x006e, dest : 0x2099}, { src : 0x0070, dest : 0x209a},\n+ { src : 0x0073, dest : 0x209b}, { src : 0x0074, dest : 0x209c}\n+ ]\n+ for g in superscripts:\n+ _f.selection.select (g[ src ])\n+ _f.copy ()\n+ _f.selection.select (g[ dest ])\n+ _f.paste ()\n+ for g in subscripts:\n+ _f.selection.select (g[ src ])\n+ _f.copy ()\n+ _f.selection.select (g[ dest ])\n+ _f.paste ()\n+ for g in _f.glyphs ( encoding ):\n+ if g.encoding 0x2c7d:\n+ continue\n+ elif in_scripts (g.encoding, superscripts):\n+ g.transform (psMat.scale (0.75, 0.75))\n+ bb = g.boundingBox ()\n+ g.transform (psMat.translate (0, 244))\n+ align_to_center (g)\n+ elif in_scripts (g.encoding, subscripts):\n+ g.transform (psMat.scale (0.75, 0.75))\n+ bb = g.boundingBox ()\n+ y = -144\n+ if bb[1] -60: # DESCENT - 144\n+ y = -60\n+ g.transform (psMat.translate (0, y))\n+ align_to_center (g)\n+ return _f\n+def in_scripts (encoding, scripts):\n+ for s in scripts:\n+ if encoding == s[ dest ]:\n+ return True\n+ return False\n+def scripts_from (encoding, scripts):\n+ for s in scripts:\n+ if encoding == s[ dest ]:\n+ return s[ src ]\n+ raise ValueError"
  },
  "9c801eb367ec5e2597c6f854c0676e8a667a8e7b": {
    "message": " fix #20",
    "diff": "[CHANGELOG.md]\n+# 2018-01-04 v2.0.5\n+上半身Gopherを復活させました #20\n[cica.py]\n+VERSION = 2.0.5 \n+ cica = add_gopher (cica)\n+def add_gopher (_f):"
  },
  "c4b0a675dceb6272e55c35795b38f891069a88eb": {
    "message": " fix #18",
    "diff": "[cica.py]\n+def align_to_left (_g):\n+ width = _g.width\n+ _g.left_side_bearing = 0\n+ _g.width = width\n+def align_to_right (_g):\n+ width = _g.width\n+ bb = _g.boundingBox ()\n+ left = width - (bb[2] - bb[0])\n+ _g.left_side_bearing = left\n+ _g.width = width\n+def fix_box_drawings (_f):\n+ left = [\n+ 0x2510, 0x2518, 0x2524, 0x2555, 0x2556, 0x2557, 0x255b, 0x255c, 0x255d,\n+ 0x2561, 0x2562, 0x2563,\n+ ]\n+ right = [\n+ 0x250c, 0x2514, 0x251c, 0x2552, 0x2553, 0x2554, 0x2558, 0x2559, 0x255a,\n+ 0x255e, 0x255f, 0x2560,\n+ ]\n+ for g in _f.glyphs ():\n+ if g.encoding 0x2500 or g.encoding 0x256c:\n+ continue\n+ if g.encoding in left:\n+ align_to_left (g)\n+ elif g.encoding in right:\n+ align_to_right (g)\n+ return _f\n+ if g.encoding = 0x2500 and g.encoding = 0x25af:\n+ g.transform (psMat.compose (psMat.scale (1.024, 1.024), psMat.translate (0, -30)))\n+ g = align_to_center (g)\n+ cica = fix_box_drawings (cica)"
  },
  "c8c08d5abd14073127cb6f058090759eb6991ec1": {
    "message": "fix powerline glyphs #17",
    "diff": "[cica.py]\n+ 0xe0d1, 0xe0d2,\n+ 0xe0bf, 0xe0c2, 0xe0c3, 0xe0c5, 0xe0c7, 0xe0ca, 0xe0ce, 0xe0d4,\n+ # Powerline\n+ _g.width = 1024\n+ if _g.encoding = 0xe0b0 and _g.encoding = 0xe0b7:\n+ _g.transform (psMat.compose (psMat.scale (1.0, 0.982), psMat.translate (0, -1)))\n+ if _g.encoding in align_right:\n+ bb = _g.boundingBox ()\n+ left = 1024 - (bb[2] - bb[0])\n+ _g.left_side_bearing = left\n+ _g.width = 1024\n+ if _g.encoding in align_left:\n+ _g.left_side_bearing = 0\n+ _g.width = 1024\n+ _g.transform (psMat.compose (psMat.scale (0.8, 0.982), psMat.translate (0, -1)))\n+ if _g.encoding == 0xe0ce:\n+ _g.transform (psMat.scale (0.8, 1.0))\n+ bb = _g.boundingBox ()\n+ left = 1024 - (bb[2] - bb[0])\n+ _g.left_side_bearing = left\n+ _g.width = 1024\n+ if _g.encoding == 0xe0cf:\n+ _g.transform (psMat.scale (0.9, 1.0))\n+ _g = align_to_center (_g)\n+ if _g.encoding == 0xe0d0:\n+ _g = align_to_center (_g)\n+ if _g.encoding == 0xe0d1:\n+ _g.transform (psMat.compose (psMat.scale (1.0, 0.982), psMat.translate (0, -1)))\n+ _g.left_side_bearing = 0\n+ _g.width = 1024\n+ if _g.encoding == 0xe0d2 or _g.encoding == 0xe0d4:\n+ _g.transform (psMat.compose (psMat.scale (1.0, 0.982), psMat.translate (0, -1)))\n+ if _g.encoding in align_right:\n+ bb = _g.boundingBox ()\n+ left = 1024 - (bb[2] - bb[0])\n+ _g.left_side_bearing = left\n+ _g.width = 1024\n+ if _g.encoding in align_left:\n+ _g.left_side_bearing = 0\n+ _g.width = 1024"
  },
  "e5c19c39b29364701849e70a22904b52f71077dd": {
    "message": "fix linespace #16",
    "diff": "[cica.py]\n+ASCENT = 820\n+DESCENT = 204\n+ _font.os2_winascent = 0\n+ _font.os2_winascent_add = True\n+ _font.os2_windescent = 0\n+ _font.os2_windescent_add = True\n+ _font.os2_typoascent = -150\n+ _font.os2_typoascent_add = True\n+ _font.os2_typodescent = 100\n+ _font.os2_typodescent_add = True\n+ _font.os2_typolinegap = 0\n+ _font.hhea_ascent = -150\n+ _font.hhea_ascent_add = True\n+ _font.hhea_descent = 100\n+ _font.hhea_descent_add = True"
  },
  "8ea42c65ec577a6532a53edba4933b716f63a27b": {
    "message": "fix #15",
    "diff": "[cica.py]\n+VERSION = 2.0.2 \n+ _font.os2_typodescent = -141\n+ _font.os2_typolinegap = 49\n+ _font.hhea_descent = -DESCENT"
  },
  "9313b116eac9bfd67ef9dec74ba60896ee9d7d95": {
    "message": " Pytnon版スクリプト完成 #12",
    "diff": "[README.md]\n+fontforge -lang=py -script cica.py\n[cica.py]\n+# /usr/bin/env python\n+# -*- coding: utf-8 -*-\n+import fontforge\n+import psMat\n+import os\n+import sys\n+from logging import getLogger, StreamHandler, Formatter, DEBUG\n+logger = getLogger (__name__)\n+handler = StreamHandler ()\n+handler.setLevel (DEBUG)\n+formatter = Formatter ( (asctime)s [ (levelname)s] : (message)s )\n+handler.setFormatter (formatter)\n+logger.setLevel (DEBUG)\n+logger.addHandler (handler)\n+# ASCENT = 850\n+# DESCENT = 174\n+ASCENT = 881\n+DESCENT = 143\n+SOURCE = sourceFonts \n+DIST = dist \n+LICENSE = LICENSE.txt ).read ()\n+COPYRIGHT = COPYRIGHT.txt ).read ()\n+VERSION = 2.0.0-rc1 \n+fonts = [\n+ {\n+ family : CicaTest ,\n+ name : CicaTest-Regular ,\n+ filename : CicaTest-Regular.ttf ,\n+ weight : 400,\n+ weight_name : Regular ,\n+ style_name : Regular ,\n+ ubuntu_mono : UbuntuMono-R.ttf ,\n+ mgen_plus : rounded-mgenplus-1m-regular.ttf ,\n+ ubuntu_weight_reduce : 0,\n+ mgen_weight_add : 0,\n+ italic : False,\n+ }, {\n+ family : CicaTest ,\n+ name : CicaTest-RegularItalic ,\n+ filename : CicaTest-RegularItalic.ttf ,\n+ weight : 400,\n+ weight_name : Regular ,\n+ style_name : Italic ,\n+ ubuntu_mono : UbuntuMono-R.ttf ,\n+ mgen_plus : rounded-mgenplus-1m-regular.ttf ,\n+ ubuntu_weight_reduce : 0,\n+ mgen_weight_add : 0,\n+ italic : True,\n+ }, {\n+ family : CicaTest ,\n+ name : CicaTest-Bold ,\n+ filename : CicaTest-Bold.ttf ,\n+ weight : 700,\n+ weight_name : Bold ,\n+ style_name : Bold ,\n+ ubuntu_mono : UbuntuMono-B.ttf ,\n+ mgen_plus : rounded-mgenplus-1m-bold.ttf ,\n+ ubuntu_weight_reduce : 0,\n+ mgen_weight_add : 0,\n+ italic : False,\n+ }, {\n+ family : CicaTest ,\n+ name : CicaTest-BoldItalic ,\n+ filename : CicaTest-BoldItalic.ttf ,\n+ weight : 700,\n+ weight_name : Bold ,\n+ style_name : BoldItalic ,\n+ ubuntu_mono : UbuntuMono-B.ttf ,\n+ mgen_plus : rounded-mgenplus-1m-bold.ttf ,\n+ ubuntu_weight_reduce : 0,\n+ mgen_weight_add : 0,\n+ italic : True,\n+# }, {\n+# family : CicaTest ,\n+# name : CicaTest-DemiLight ,\n+# filename : CicaTest-DemiLight.ttf ,\n+# weight : 300,\n+# weight_name : DemiLight ,\n+# style_name : DemiLight ,\n+# ubuntu_mono : UbuntuMono-R.ttf ,\n+# mgen_plus : rounded-mgenplus-1m-light.ttf ,\n+# ubuntu_weight_reduce : 10,\n+# mgen_weight_add : 20,\n+# italic : False,\n+# }, {\n+# family : CicaTest ,\n+# name : CicaTest-DemiLightItalic ,\n+# filename : CicaTest-DemiLightItalic.ttf ,\n+# weight : 300,\n+# weight_name : DemiLight ,\n+# style_name : DemiLightItalic ,\n+# ubuntu_mono : UbuntuMono-R.ttf ,\n+# mgen_plus : rounded-mgenplus-1m-light.ttf ,\n+# ubuntu_weight_reduce : 10,\n+# mgen_weight_add : 20,\n+# italic : True,\n+# }, {\n+# family : CicaTest ,\n+# name : CicaTest-Light ,\n+# filename : CicaTest-Light.ttf ,\n+# weight : 200,\n+# weight_name : Light ,\n+# style_name : Light ,\n+# ubuntu_mono : UbuntuMono-R.ttf ,\n+# mgen_plus : rounded-mgenplus-1m-thin.ttf ,\n+# ubuntu_weight_reduce : 20,\n+# mgen_weight_add : 10,\n+# italic : False,\n+# }, {\n+# family : CicaTest ,\n+# name : CicaTest-LightItalic ,\n+# filename : CicaTest-LightItalic.ttf ,\n+# weight : 200,\n+# weight_name : Light ,\n+# style_name : LightItalic ,\n+# ubuntu_mono : UbuntuMono-R.ttf ,\n+# mgen_plus : rounded-mgenplus-1m-thin.ttf ,\n+# ubuntu_weight_reduce : 20,\n+# mgen_weight_add : 10,\n+# italic : True,\n+ }\n+]\n+def log (str):\n+ logger.debug (str)\n+def remove_glyph_from_ubuntu (_font):\n+ u Rounded Mgen+を採用したいグリフをUbuntuMonoから削除\n+ log ( remove_ambiguous () : s _font.fontname)\n+ glyphs = [\n+ 0x2026, # …\n+ ]\n+ for g in glyphs:\n+ _font.selection.select (g)\n+ _font.clear ()\n+ return _font\n+def check_files ():\n+ err = 0\n+ for f in fonts:\n+ if not s f.get ( ubuntu_mono )):\n+ logger.error ( s not exists. f)\n+ err = 1\n+ if not s f.get ( mgen_plus )):\n+ logger.error ( s not exists. f)\n+ err = 1\n+ if not powerline-fontpatcher ):\n+ logger.error ( powerline-fontpatcher not exists. )\n+ err = 1\n+ if err 0:\n+ sys.exit (err)\n+def modify_usfont ():\n+ pass\n+def modify_jpfont ():\n+ pass\n+def set_os2_values (_font, _weight):\n+ _font.os2_weight = _weight\n+ _font.os2_width = 5\n+ _font.os2_fstype = 0\n+ _font.os2_vendor = TMNM \n+ _font.os2_version = 1\n+ _font.os2_winascent = ASCENT\n+ _font.os2_winascent_add = 0\n+ _font.os2_windescent = DESCENT\n+ _font.os2_windescent_add = 0\n+ _font.os2_typoascent = 693\n+ _font.os2_typoascent_add = 0\n+ _font.os2_typodescent = -165\n+ _font.os2_typodescent_add = 0\n+ _font.os2_typolinegap = 0\n+ _font.hhea_ascent = ASCENT\n+ _font.hhea_ascent_add = 0\n+ _font.hhea_descent = DESCENT\n+ _font.hhea_descent_add = 0\n+ _font.hhea_linegap = 0\n+ _font.os2_panose = (2, 11, _weight 100, 9, 2, 2, 3, 2, 2, 7)\n+ return _font\n+def align_to_center (_g):\n+ width = 0\n+ if _g.width 700:\n+ width = 1024\n+ else:\n+ width = 512\n+ _g.width = width\n+ _g.left_side_bearing = _g.right_side_bearing = (_g.left_side_bearing + 2\n+ _g.width = width\n+ return _g\n+def vertical_line_to_broken_bar (_f):\n+ _f.selection.select (0x00a6)\n+ _f.copy ()\n+ _f.selection.select (0x007c)\n+ _f.paste ()\n+ return _f\n+def emdash_to_broken_dash (_f):\n+ _f.selection.select (0x006c)\n+ _f.copy ()\n+ _f.selection.select (0x2014)\n+ _f.pasteInto ()\n+ _f.intersect ()\n+ return _f\n+def mathglyph_to_double (_f):\n+ pass\n+def zenkaku_space (_f):\n+ _f.selection.select (0x2610)\n+ _f.copy ()\n+ _f.selection.select (0x3000)\n+ _f.paste ()\n+ _f.selection.select (0x271a)\n+ _f.copy ()\n+ _f.selection.select (0x3000)\n+ _f.pasteInto ()\n+ _f.intersect ()\n+ for g in _f.selection.byGlyphs:\n+ g = align_to_center (g)\n+ return _f\n+def build_font (_f):\n+ log ( Generating s ... _f.get ( weight_name ))\n+ ubuntu = s _f.get ( ubuntu_mono ))\n+ ubuntu = remove_glyph_from_ubuntu (ubuntu)\n+ cica = s _f.get ( mgen_plus ))\n+ for g in ubuntu.glyphs ():\n+ if _f.get ( ubuntu_weight_reduce ) = 0:\n+ # g.changeWeight (_f.get ( ubuntu_weight_reduce ), auto , 0, 0, auto )\n+ g.stroke ( circular , _f.get ( ubuntu_weight_reduce ), butt , round , removeexternal )\n+ g = align_to_center (g)\n+ alternate_expands = [\n+ 0x306e,\n+ ]\n+ if _f.get ( mgen_weight_add ) = 0:\n+ for g in cica.glyphs ():\n+ # g.changeWeight (_f.get ( mgen_weight_add ), auto , 0, 0, auto )\n+ g.stroke ( caligraphic , _f.get ( mgen_weight_add ), _f.get ( mgen_weight_add ), 45, removeinternal )\n+ # g.stroke ( circular , _f.get ( mgen_weight_add ), butt , round , removeinternal )\n+ ignoring_center = [\n+ 0x3001, 0x3002, 0x3008, 0x3009, 0x300a, 0x300b, 0x300c, 0x300d,\n+ 0x300e, 0x300f, 0x3010, 0x3011, 0x3014, 0x3015, 0x3016, 0x3017,\n+ 0x3018, 0x3019, 0x301a, 0x301b, 0x301d, 0x301e, 0x3099, 0x309a,\n+ 0x309b, 0x309c,\n+ ]\n+ for g in cica.glyphs ():\n+ g.transform ( (0.91,0,0,0.91,0,0))\n+ if _f.get ( italic ):\n+ g.transform (psMat.skew (0.25))\n+ if g.encoding in ignoring_center:\n+ pass\n+ else:\n+ g = align_to_center (g)\n+ for g in ubuntu.glyphs ():\n+ if g.isWorthOutputting:\n+ if _f.get ( italic ):\n+ g.transform (psMat.skew (0.25))\n+ ubuntu.selection.select (g.encoding)\n+ ubuntu.copy ()\n+ cica.selection.select (g.encoding)\n+ cica.paste ()\n+ cica = zenkaku_space (cica)\n+ cica = vertical_line_to_broken_bar (cica)\n+ cica = emdash_to_broken_dash (cica)\n+ cica = add_powerline (cica)\n+ cica.ascent = ASCENT\n+ cica.descent = DESCENT\n+ cica.upos = 45\n+ cica.fontname = CicaTest \n+ cica.familyname = _f.get ( family )\n+ cica.fullname = _f.get ( name )\n+ cica.weight = _f.get ( weight_name )\n+ cica = set_os2_values (cica, _f.get ( weight ))\n+ cica.appendSFNTName (0x411,0, COPYRIGHT)\n+ cica.appendSFNTName (0x411,1, _f.get ( family ))\n+ cica.appendSFNTName (0x411,2, _f.get ( style_name ))\n+ cica.appendSFNTName (0x411,3, )\n+ cica.appendSFNTName (0x411,4, _f.get ( name ))\n+ cica.appendSFNTName (0x411,5, Version + VERSION)\n+ cica.appendSFNTName (0x411,6, _f.get ( family ) + - + _f.get ( weight_name ))\n+ cica.appendSFNTName (0x411,7, )\n+ cica.appendSFNTName (0x411,8, )\n+ cica.appendSFNTName (0x411,9, )\n+ cica.appendSFNTName (0x411,10, )\n+ cica.appendSFNTName (0x411,11, )\n+ cica.appendSFNTName (0x411,12, )\n+ cica.appendSFNTName (0x411,13, )\n+ cica.appendSFNTName (0x411,14, )\n+ cica.appendSFNTName (0x411,15, )\n+ cica.appendSFNTName (0x411,16, _f.get ( family ))\n+ cica.appendSFNTName (0x411,17, _f.get ( style_name ))\n+ cica.appendSFNTName (0x409,0, COPYRIGHT)\n+ cica.appendSFNTName (0x409,1, _f.get ( family ))\n+ cica.appendSFNTName (0x409,2, _f.get ( style_name ))\n+ cica.appendSFNTName (0x409,3, VERSION + + _f.get ( family ) + - + _f.get ( style_name ))\n+ cica.appendSFNTName (0x409,4, _f.get ( name ))\n+ cica.appendSFNTName (0x409,5, Version + VERSION)\n+ cica.appendSFNTName (0x409,6, _f.get ( name ))\n+ cica.appendSFNTName (0x409,7, )\n+ cica.appendSFNTName (0x409,8, )\n+ cica.appendSFNTName (0x409,9, )\n+ cica.appendSFNTName (0x409,10, )\n+ cica.appendSFNTName (0x409,11, )\n+ cica.appendSFNTName (0x409,12, )\n+ cica.appendSFNTName (0x409,13, LICENSE)\n+ cica.appendSFNTName (0x409,14, )\n+ cica.appendSFNTName (0x409,15, )\n+ cica.appendSFNTName (0x409,16, _f.get ( family ))\n+ cica.appendSFNTName (0x409,17, _f.get ( style_name ))\n+ fontpath = s _f.get ( filename )\n+ cica.generate (fontpath)\n+ # CicaE\n+ cicaE = add_notoemoji (cica)\n+ cicaE = add_devicons (cicaE)\n+ cicaE.fontname = cica.fontname.replace ( Cica , CicaE )\n+ cicaE.familyname = cica.familyname.replace ( Cica , CicaE )\n+ cicaE.fullname = cica.fullname.replace ( Cica , CicaE )\n+ cica.appendSFNTName (0x411,0, COPYRIGHT)\n+ cica.appendSFNTName (0x411,1, _f.get ( family ).replace ( Cica , CicaE ))\n+ cica.appendSFNTName (0x411,2, _f.get ( style_name ).replace ( Cica , CicaE ))\n+ cica.appendSFNTName (0x411,3, )\n+ cica.appendSFNTName (0x411,4, _f.get ( name ).replace ( Cica , CicaE ))\n+ cica.appendSFNTName (0x411,5, Version + VERSION)\n+ cica.appendSFNTName (0x411,6, _f.get ( family ).replace ( Cica , CicaE ) + - + _f.get ( weight_name ))\n+ cica.appendSFNTName (0x411,7, )\n+ cica.appendSFNTName (0x411,8, )\n+ cica.appendSFNTName (0x411,9, )\n+ cica.appendSFNTName (0x411,10, )\n+ cica.appendSFNTName (0x411,11, )\n+ cica.appendSFNTName (0x411,12, )\n+ cica.appendSFNTName (0x411,13, )\n+ cica.appendSFNTName (0x411,14, )\n+ cica.appendSFNTName (0x411,15, )\n+ cica.appendSFNTName (0x411,16, _f.get ( family ).replace ( Cica , CicaE ))\n+ cica.appendSFNTName (0x411,17, _f.get ( style_name ))\n+ cica.appendSFNTName (0x409,0, COPYRIGHT)\n+ cica.appendSFNTName (0x409,1, _f.get ( family ).replace ( Cica , CicaE ))\n+ cica.appendSFNTName (0x409,2, _f.get ( style_name ))\n+ cica.appendSFNTName (0x409,3, VERSION + + _f.get ( family ).replace ( Cica , CicaE ) + - + _f.get ( style_name ))\n+ cica.appendSFNTName (0x409,4, _f.get ( name ).replace ( Cica , CicaE ))\n+ cica.appendSFNTName (0x409,5, Version + VERSION)\n+ cica.appendSFNTName (0x409,6, _f.get ( name ).replace ( Cica , CicaE ))\n+ cica.appendSFNTName (0x409,7, )\n+ cica.appendSFNTName (0x409,8, )\n+ cica.appendSFNTName (0x409,9, )\n+ cica.appendSFNTName (0x409,10, )\n+ cica.appendSFNTName (0x409,11, )\n+ cica.appendSFNTName (0x409,12, )\n+ cica.appendSFNTName (0x409,13, LICENSE)\n+ cica.appendSFNTName (0x409,14, )\n+ cica.appendSFNTName (0x409,15, )\n+ cica.appendSFNTName (0x409,16, _f.get ( family ).replace ( Cica , CicaE ))\n+ cica.appendSFNTName (0x409,17, _f.get ( style_name ))\n+ fontpath = s _f.get ( filename ).replace ( Cica , CicaE )\n+ cicaE.generate (fontpath)\n+ cica.close ()\n+ ubuntu.close ()\n+def add_notoemoji (_f):\n+ notoemoji = NotoEmoji-Regular.ttf )\n+ for g in notoemoji.glyphs ():\n+ if g.isWorthOutputting and g.encoding 0x04f9:\n+ g.transform ( (0.42,0,0,0.42,0,0))\n+ g = align_to_center (g)\n+ notoemoji.selection.select (g.encoding)\n+ notoemoji.copy ()\n+ _f.selection.select (g.encoding)\n+ _f.paste ()\n+ notoemoji.close ()\n+ return _f\n+def add_devicons (_f):\n+ devicon = devicon.ttf )\n+ current = 0xE160\n+ for g in devicon.glyphs ():\n+ if g.isWorthOutputting:\n+ g.transform (psMat.compose (psMat.scale (0.8, 0.8), psMat.translate (0, -55)))\n+ g = align_to_center (g)\n+ devicon.selection.select (g.encoding)\n+ devicon.copy ()\n+ _f.selection.select (current)\n+ _f.paste ()\n+ current = current + 1\n+ devicon.close ()\n+ gopher = gopher.sfd )\n+ for g in gopher.glyphs ():\n+ if g.isWorthOutputting:\n+ gopher.selection.select (0x40)\n+ gopher.copy ()\n+ _f.selection.select (0xE160)\n+ _f.paste ()\n+ g.transform (psMat.compose (psMat.scale (-1, 1), psMat.translate (g.width, 0)))\n+ gopher.copy ()\n+ _f.selection.select (0xE161)\n+ _f.paste ()\n+ gopher.close ()\n+ return _f\n+def add_powerline (_f):\n+ powerline = powerline-symbols.sfd )\n+ for g in powerline.glyphs ():\n+ if g.isWorthOutputting:\n+ scale = psMat.scale (0.4, 0.4)\n+ translate = psMat.translate (0, 0)\n+ if g.unicode = 0xe0b2:\n+ translate = psMat.translate (88, 0)\n+ matrix = psMat.compose (scale, translate)\n+ g.transform (matrix)\n+ g.width = 512\n+ powerline.selection.select (g.encoding)\n+ powerline.copy ()\n+ _f.selection.select (int (hex (g.unicode), 0))\n+ _f.paste ()\n+ powerline.close ()\n+ return _f\n+def main ():\n+ print ( )\n+ print ( Generating Cica started. ### )\n+ check_files ()\n+ for _f in fonts:\n+ build_font (_f)\n+ print ( Succeeded ### )\n+if __name__ == __main__ :\n+ main ()"
  },
  "cec03a307b58147996439fbdf3e1a0456b582497": {
    "message": " fixes #11",
    "diff": "[README.md]\n+wget NotoEmoji-Regular.ttf -O NotoEmoji-Regular.ttf"
  },
  "2a48461e1a17cc532ced6b000448f22d9ba0b888": {
    "message": "Merge pull request #8 from mkdir-added\nworkaround: mkdir automatically",
    "diff": ""
  },
  "4d1be6fb67b4f17502b4c006987fe66c745eec1f": {
    "message": "fixes underline position #5\nthanks ",
    "diff": "[modify_underline.py]\n+# /usr/bin/env python2\n+# vim:fileencoding=utf-8:noet\n+import argparse\n+import sys\n+import re\n+import os.path\n+from itertools import chain\n+try:\n+except ImportError:\n+def get_argparser (ArgumentParser=argparse.ArgumentParser):\n+FONT_NAME_RE = re.compile (r ([ -]*) ( : (-.*)) )\n+def patch_one_font (target_font):\n+def patch_fonts (target_files):\n+def main (argv):\n+raise SystemExit (main (sys.argv[1:]))"
  },
  "99f0f413412579d966d8740fb56b777b4bd84b24": {
    "message": "Merge pull request #1 from trap_err\nfix trapping signals",
    "diff": ""
  }
}