{
  "1": {
    "summary": "READMEを整える",
    "description": "Rictyのままになっているので。\n"
  },
  "5": {
    "summary": "下線がずれて表示される",
    "description": " img width= 324 alt= underline 7caf1874-5398-11e6-8532-a90b51d142c7.png \n (PuTTY DirectWrite version)\nUnderline positionの値がおかしいようです。\n-100あたりに手動で修正してやるとうまい具合に表示されました。\n"
  },
  "8": {
    "summary": "workaround: mkdir automatically",
    "description": " git clone したままだとディレクトリがなくて合成スクリプトが中断してしまうので、ディレクトリを自動生成するようにしました。\n"
  },
  "11": {
    "summary": "README.md NotoEmojiの入手について書かれていない",
    "description": "書かれていない\n"
  },
  "12": {
    "summary": "全部Pythonに いつか 書き換える",
    "description": "いつか・・・"
  },
  "15": {
    "summary": "行間に異常あり",
    "description": "WindowsのGVim、MacのMacVimなどでは異常なし\n# IntelliJ IDEA\n Cicaだとカーソル行がおかしくなる\n [untitled 2017-10-11 31413976-bc9b5ca8-ae56-11e7-9dcc-5de0473f79bf.png\n Ubuntu Monoだと正常\n [untitled 2017-10-11 31413948-9f1afe72-ae56-11e7-91f3-d8fa09379a90.png\n"
  },
  "16": {
    "summary": "gjyの下端が切れる",
    "description": "WindowsのcmderとMacのターミナル ( thx )で確認"
  },
  "17": {
    "summary": "Powerlineのグリフに隙間が開く",
    "description": "メラメラ燃えるやつ 0xE0C0 付近、全角幅 にしてたせいで気づかなかったという。。\n 0xE0B0 - 0xE0B7 \n [cica - vim 2017-10-13 31518678-02662e04-afdb-11e7-8b4e-f4d71839bf5b.png\n"
  },
  "18": {
    "summary": "罫線がずれる",
    "description": "[msys2] の msys2-x86_64-20161025.exe で入れたmintty上で CicaTest_iss16-17_02.zip を使ってtmuxでウィンドウ分割を行うと\n┤\nと\n├\nが左右に少しずれています。\n [tmux-keisen-zure1]/19299/31541181-cb1477f8-b048-11e7-8c0c-1f031da27c57.png\n [tmux-keisen-zure2]/19299/31541194-d5c9e5b6-b048-11e7-8c62-ce74d358de9f.png\n┴\n┼\n┬\nは大丈夫です。"
  },
  "19": {
    "summary": "FontAwesomeではみ出ているグリフがある",
    "description": "tmuxのバッテリー表示に使おうとしたところ発覚\n [vim]/468745/31589839-d68b1c6c-b242-11e7-9e9a-2bfef25498f4.png\n"
  },
  "20": {
    "summary": "Cica v2 - GOPHER の復活",
    "description": "[DevIcon から NERDFonts ef07ccef5fef9f80b2e671dd440f0b292cc7e10bされた際に、 上半身Gopher が削除されている問題があります。\n DevIcon と 上半身Gopher は、別物と認識しており、移行の際に削除されるものではないと考ます。\n [2017-11-15_3nw3p]/20859/32806406-bcf70e56-c9cf-11e7-9401-49a6b49ad351.png\n参考:\n* 上半身Gopher U+E160, U+E161 [Home Cica wiki\n"
  },
  "22": {
    "summary": "上付き、下付き文字の大きさを少し大きくする",
    "description": "アイデア元 (ありがとうございます)\n/genkuroki/status/961211685846446080\n確かに小さい。\n [preview 2018-02-10 36053202-1653bf82-0e34-11e8-8b51-07025de6f88b.png\n- U+2070, U+2071 、 U+2074 〜 U+209C および、 U+00B9 (上付きの1) U+00B2, U+00B3 (上付きの2と3 が対象\n以下画像は U+2070 〜 U+2094 \n [cica-regular cica-regular ttf unicodefull 2018-02-10 36052900-eb69ae54-0e32-11e8-92a1-177a61f3aba3.png\nちなみにVimの場合は ambiwidth=double の場合、 などの記号が全角になったり 下付きの0 は半角幅だが 下付きの1 は全角幅になったりする。"
  },
  "27": {
    "summary": "Ubuntu MonoのダウンロードURLを更新",
    "description": ""
  },
  "29": {
    "summary": "Noto Emoji抜きバージョン",
    "description": "参考ご意見 : 1007079705705500672\nWindowsでDirectXが有効な環境で白黒のNoto Emojiが表示されるが、視認性が悪いと感じる。\n気に入ってる人もいると思うのでNoto Emoji抜きバージョンを検討"
  },
  "30": {
    "summary": "ignoring_center に含まれる各文字の幅がわずかに小さい",
    "description": "手元の環境\n* openSUSE Leap 15.0 (非 HiDPI)\n* fonts.conf (fontconfig) で autohint と hinting を false に\n* Emacs 25.3.1\nで表示すると、下図のように句読点やかぎ括弧などの記号の幅が少し狭くなっていてうまく揃いません。\n [Cica-3.0.0]/1675738/41503732-3ab3428a-7216-11e8-88eb-0598b063a0f7.png\n[ align_to_center ]/miiton/Cica/blob/c128e210934a440c3d8471b693332d747f64d40b/cica.py 関数で行われているように幅を設定して、 これをちゃんと揃うように調整してみました。\n [fixed]/1675738/41504213-2c253108-7223-11e8-9cb3-d7bbba962aaa.png\nついでに斜体の場合の位置も少し調整しています。\n"
  },
  "36": {
    "summary": "v4",
    "description": " 概要\n- ライセンスを SIL Open Font License v1.1 にする\n - を に変更する\n - 一部グリフを微調整する\n ライセンスまとめ\n ソースフォント ライセンス 参考リンク \n \n Hack MIT BITSTREAM VERA .md at master LICENSE.md \n Rounded Mgen+ SIL OFL 1.1 [Rounded Mgen+ ラウンデッド ムゲンプラス \n DevIcons MIT devicons: Devicons - An iconic font made for devicons \n Powerline Extra Symbols MIT -symbols: Extra glyphs for your powerline powerline-extra-symbols \n Font Awesome Font Awesome Free (SIL OFL 1.1) .txt at master LICENSE.txt \n Font Awesome Extension MIT -extension: Simple Font Awesome font-awesome-extension \n Octicons MIT octicons: A scalable set of icons handcrafted with 3 by octicons \n IEC Power Symbols MIT Unicode: Proposal to add IEC power symbols to Unicode \n Powerline Symbols Free LICENSE at develop LICENSE \n Noto Emoji Apache License 2.0 -emoji: Noto Emoji noto-emoji \n DejaVu Sans Mono Free [DejaVu Fonts — License.html \n Seti-UI + Custom MIT -ui: A subtle dark colored UI theme for seti-ui \n"
  },
  "37": {
    "summary": "Vueのアイコンが欲しい",
    "description": "Twitter上でご意見を見かけたので\nNerdFontsが組み込んでいる devicons がメンテナンスされていないので、 [Icons for iconsfordevs に置き換えられるか検討する。ライセンスは MIT なので問題ないはず。\n- [x] UnicodeアドレスはDevIconsと同じか - 違うので追加するだけでOK\n- [x] vim-deviconsで追加したアイコン表示できるか - とりあえずプルリクなしでいける [Add support for .vue . Issue #235 235\n- [x] ライセンスは問題ないか - MITライセンス\n 参考\n- 1041279932905578496"
  },
  "38": {
    "summary": "Dockerによるビルドの設定でUbuntu MonoではなくHackを使うように修正",
    "description": "Dockerによるビルド設定で引き続きUbuntu Monoが使われていたのでHackを使うように修正。"
  },
  "39": {
    "summary": "v4.1.0のRegular以外のttfファイルに異常がある",
    "description": "#37 の続き\n []/31730505/45605947-08bb3e00-ba7c-11e8-8cf5-816d4a714fee.png"
  },
  "41": {
    "summary": "三点リーダの文字幅について",
    "description": "すみません、フォントのことは素人でそういうことができるのかわかっていないのですが、三点リーダ群 (U+22EE, U+22EF, U+22F0, U+22F0) の文字幅を半角に指定することは可能でしょうか \n動機としては julia 言語の REPL 上で配列を表示したときの桁をそろえたいというものです。多くの記号が表示できるので重宝しています。ありがとうございます。\n [ss_julia]/480049/52911846-83ff7500-32e4-11e9-92e5-33668650b002.png\n"
  },
  "42": {
    "summary": "新元号対応",
    "description": "令 U+4EE4 と 和 U+548C をぎゅっと絞って U+32FF に\n参考: [The Unicode Blog: New Japanese new-japanese-era.html"
  },
  "43": {
    "summary": "3点リーダー対応 #41",
    "description": "# 概要\nJulia言語をコンソールで操作する際、2次元配列に縦横斜めの3点リーダーが表示されるが、\n幅が全角になっていると表示がずれるため、該当するグリフを半角幅に変更。\n 変更前 変更後 \n : : : : \n []/480049/52911846-83ff7500-32e4-11e9-92e5-33668650b002.png []/468745/58381471-566b4b80-7ff8-11e9-9420-65dee5b9e3a5.png \n# 予想される影響\n* 環境によっては…暗い気持ちを綴ったMarkdownなどに影響がでるかも…しれないですね…"
  },
  "44": {
    "summary": "fetch fonts on docker build",
    "description": "docker-compose build 時に依存フォントをダウンロードし、cica.py などもコピーするようにしました。\nDocker Hub 等に上げた場合、 一般利用者は pull した後、 docker run -v dist cica でビルドだけ出来るようになります。"
  },
  "45": {
    "summary": "Vista.vimで使われているアイコンを表示できない",
    "description": "Vista.vimというプラグインで使われる文字が一部、表示されない、またはNerdTree fontと異なるものが表示されます。\n例:\nuf794: \nuf71b: \nubuntu18.04のgnome-terminal (フォントはCicaに変更済み)上でneovimを動かしています。"
  },
  "46": {
    "summary": "Nerdフォント更新、グリフ追加、調整 v5対応",
    "description": ""
  }
}