{
  "52": {
    "summary": "修复HOTFIX_DEBUG_SYMBOL模式下的mdb文件写入冲突",
    "description": "mdb写入冲突是由于调用HotfixInject时，先读取了mdb文件，但是未释放，在return之前释放掉即可解决此问题。\n另 方便使用者打包起见，建议类似这种地方 #if HOTFIX_ENABLE 可改为 #if HOTFIX_ENABLE UNITY_EDITOR "
  },
  "66": {
    "summary": "fix Unity5.5 runInEditMode",
    "description": "fix Unity5.5 runInEditMode"
  },
  "70": {
    "summary": "过滤枚举的Obsolute字段",
    "description": "编译Android平台的时候会报类似如下编译错误 Editor中可以正常编译 \nAssets/XLua/Gen/EnumWrap.cs (149,106): error CS0117: UnityEngine.RuntimePlatform does not contain a definition for BB10Player \n测试环境 Unity 5.4.3f1\n在代码生成模版里屏蔽掉Obsolute的字段"
  },
  "74": {
    "summary": "一些修复，详见commit message",
    "description": "1.修复某些情况生成代理类的时候，参数名为空导致的编译失败\n2.修复导入一个带有名为Item的自定义属性的类时报错的问题 this[]这种生成的Item属性有参数，靠这个区分 \n"
  },
  "96": {
    "summary": "增加 对部分带泛型约束的方法、扩展方法的支持",
    "description": "相关[issue91]/Tencent/xLua/pull/91\n例子在XLua/Examples/09_GenericMethod下"
  },
  "99": {
    "summary": "修正 带泛型的扩展方法导致生成编译报错的问题",
    "description": "修正 类似NGUITools.AddMissingComponent T (this GameObject) where T:Component导致代码生成编译不过的问题"
  },
  "117": {
    "summary": "增加 DoString/LoadString/LoadFromResource等接口增加对byte[]的重载，直接加载Lua字节码",
    "description": "新增接口LuaEnv.DoBytes用于加载使用 luac 进行预编译过后的Lua字节码 bytecode 。"
  },
  "133": {
    "summary": "fix 132",
    "description": "fix 132"
  },
  "145": {
    "summary": "非UnityEditor环境下使用CSharpCallLua异常",
    "description": ""
  },
  "149": {
    "summary": "Update LuaBase.cs",
    "description": "LuaBase Equals 先判空"
  },
  "153": {
    "summary": "增加UT用例",
    "description": "1、增加构造函数带ref和out修饰符用例\n2、增加可变参数不提供用例\n3、去掉GenCode的2个不过用例"
  },
  "156": {
    "summary": "profiler.report 调用次数变量命名错误",
    "description": "profiler.report 调用次数变量命名错误"
  },
  "165": {
    "summary": "标记过Obsolete的方法不会生成代码，但是反射调用正常。添加了一个调用提示防止打包后出错。",
    "description": ""
  },
  "168": {
    "summary": "允许用户通过ANDROID_NDK环境变量设置NDK路径",
    "description": "允许用户通过ANDROID_NDK环境变量设置NDK路径，例如 \n export android-ndk-r10e\n make_android_lua53.sh\n"
  },
  "169": {
    "summary": "doc格式文档转markdown 初版 ，仅格式转换",
    "description": "doc格式文档转markdown 初版 ，仅格式转换"
  },
  "176": {
    "summary": "add docs",
    "description": "add docs"
  },
  "177": {
    "summary": "修复在Mac下构建Android的LuaJIT版本的错误",
    "description": ""
  },
  "181": {
    "summary": "docs bug fixed",
    "description": "- fixed build warning mail\n- fixed info error"
  },
  "183": {
    "summary": "WSA构建脚本完成之后，自动拷贝dll到plugins目录",
    "description": ""
  },
  "202": {
    "summary": "修正 WWW.threadPriority在WebGL下不可用，加入导出黑名单",
    "description": "测试环境 Unity5.6.1f3"
  },
  "209": {
    "summary": "添加Windows平台下编译android动态链接库的脚本",
    "description": "需要安装Android SDK与NDK r10e"
  },
  "210": {
    "summary": "修正UWP下几处因没有调用Type扩展方法导致build失败的问题",
    "description": ""
  },
  "222": {
    "summary": "修复几个在UWP下编译不过的问题",
    "description": "Changes:\n1. Add IsNestedPublic and IsPublic as extension methods of Type\n2. Using MethodInfo.CreateDelegate instead Delegate.CreateDelegate for UWP"
  },
  "225": {
    "summary": "hotfix添加操作步骤提示",
    "description": "这次是只在OnGUI的后面加了两个TextArea来显示提示文字，不过用VS顺手格式化了一下代码所以对比看着有点乱。"
  },
  "265": {
    "summary": "修正 在LuaEnv释放时，lua_close需要在移除L之后，避免lua_gl得到错误的gl",
    "description": ""
  },
  "288": {
    "summary": "修正 当参数为泛型类型时，如ICollectio D 时，不会生成代码",
    "description": "修正/Tencent/xLua/issues/282 ， 只要参数是泛型类型，且没有指定实例化类型，就不会生成代码"
  },
  "299": {
    "summary": "优化文档和示例代码",
    "description": "优化文档和示例代码"
  },
  "306": {
    "summary": "完善示例程序",
    "description": "添加运行场景，优化注释，调整部分代码\n说明文档中部分引用改为md文件，方便预览"
  },
  "327": {
    "summary": "resave by Unity4.6.7f1",
    "description": ""
  },
  "333": {
    "summary": "[*]fix DirectoryNotFoundException",
    "description": "雄生哥你好,如果在Gen文件夹不存在的情况下,调用了HotfixInject会抛出这个异常."
  },
  "336": {
    "summary": " [*]如果在开启这块代码,运行cast到属性的情况下,对于set方法的权限需要做一下判断.",
    "description": "您好,目前项目中需要用到Cast转换到属性的特性,是否先这样对于属性的set方法权限进行一次判断,然后再set更为合理 "
  },
  "347": {
    "summary": "将LuaEnv中的luaLock修改为非静态成员，避免在多线程多LuaEnv种出现死锁",
    "description": "同时对ObjectTranslatorPool的Add/Find/Remove方法在开启THREAD_SAFE之后进行加锁。\n另外有个问题尚未确认，即 在做了这些修改之后在C#层不会因多线程出现什么问题，但是在长时间的多线程运行模式下Lua虚拟机内部会有几率出现数据错乱。疑似因为原版Lua的native没有实现线程安全 [参考1]/ghost240/p/3526185.html，[参考2]/questions/3010974/purpose-of-lua-lock-and-lua-unlock ，也许需要结合pthread在编译一份native试试看。"
  },
  "349": {
    "summary": "[+]黑名单",
    "description": "添加了在2017版本中报错的一个黑名单,预留了几个宏."
  },
  "388": {
    "summary": "Update perflib.c",
    "description": "去警告 数组类型不可能为空指针"
  },
  "395": {
    "summary": "实现interface的事件跟索引映射",
    "description": ""
  },
  "398": {
    "summary": "Xlua英文文档更正",
    "description": "原文翻译的已经很好，只是按照自己的见解有一点修改，大大加油"
  },
  "399": {
    "summary": "一小点更改",
    "description": "这个翻译真的做的很好，非常棒"
  },
  "400": {
    "summary": "一点修改",
    "description": "整体上没有问题，阅读起来很流畅"
  },
  "415": {
    "summary": "增加 从命令行和编辑器菜单自动构建的例子",
    "description": "测试环境 Unity2017.4.3f1"
  },
  "416": {
    "summary": "修改 兼容5.x版本的打包接口",
    "description": ""
  },
  "417": {
    "summary": "修正 换行符和outputDir的问题",
    "description": ""
  },
  "444": {
    "summary": "消除编译警告 ",
    "description": "把警告视为错误的项目中用的话，会有点小麻烦 "
  },
  "447": {
    "summary": " 修复xlua.private_accessible访问后，同名public的方法无法访问的Bug",
    "description": ""
  },
  "449": {
    "summary": "SINGLE_EVN开启的时候，会有一些冗余变量定义",
    "description": ""
  },
  "454": {
    "summary": "更新手册的api.md",
    "description": "将Asset Doc中的c# api文档进行整理后放置在了这里。\nAsset XLua_API.md\n项目手册 /xLua/public/v1/guide/api.html"
  },
  "456": {
    "summary": "osx平台不再支持32bit版本构建",
    "description": "xcode 10已经不在支持32位macos平台架构，从CMakeFileLists.txt去除该平台"
  },
  "467": {
    "summary": "06 Coroutine示例支持协程等待协程",
    "description": "看似原先的IEnumeratorHolder是为了能被stop而存在的，用StartCoroutine返回的Coroutine也能stop，\n用coroutine做返回值可以实现协程里等待启动的新协程，而IEnumeratorHolder不行"
  },
  "474": {
    "summary": "Windows下构建lib，若使用vs 2015参数执行cmake失败，则继续尝试使用vs 2017",
    "description": ""
  },
  "483": {
    "summary": "精简模式导出代码报错",
    "description": "精简模式导出代码报错"
  },
  "488": {
    "summary": "Windows下构建luac，若使用vs 2015参数执行cmake失败，则继续尝试使用vs 2017",
    "description": ""
  },
  "494": {
    "summary": "Fix warnings when compare array member of struct to NULL.",
    "description": "Should fix #492"
  },
  "507": {
    "summary": "add switch support",
    "description": "HI, 最近在做Switch相关的预研, 给xLua加了一些编译条件. 望采纳 "
  }
}