{
  "1": {
    "summary": "Oh my God, would you consider splitting the source file?",
    "description": "I am tired of reading a document.\n",
    "summary_bilingual_indexes": [
      0
    ],
    "description_bilingual_indexes": [
      0
    ]
  },
  "9": {
    "summary": "It looks like br is going to repeat the output.",
    "description": " js\nvar HelloWorld = Component.defineComponent ({ \n template: div ,\n initData: function () {\n return {\n name: hello world \n } \n }\n}) \nvar foo = new HelloWorld () \nfoo.attach (document.body) \n \n [image]/assets/104052/22020887/77d9846a-dcf5-11e6-98ab-bfdd6c7e8915.png\n",
    "summary_bilingual_indexes": [
      0
    ],
    "description_bilingual_indexes": []
  },
  "10": {
    "summary": "It seems that sometimes Element.bindEvents are called again.",
    "description": "Both Element.prototype._created and Element.prototype.attach call bindEvents logic",
    "summary_bilingual_indexes": [
      0
    ],
    "description_bilingual_indexes": [
      0
    ]
  },
  "11": {
    "summary": "The value bind handler in select's input.attr returns undefined",
    "description": " [image]/assets/104052/22615247/d774c8ec-eacb-11e6-9df2-94ef188c103c.png\n",
    "summary_bilingual_indexes": [
      0
    ],
    "description_bilingual_indexes": []
  },
  "12": {
    "summary": "new Tag",
    "description": "- fix #9 Added self-closing tags list\n- Added svg support\n- Fixing a test issue",
    "summary_bilingual_indexes": [],
    "description_bilingual_indexes": [
      0,
      1,
      2
    ]
  },
  "13": {
    "summary": "example/todos-amd can't run, san-router doesn't contain compiled dist",
    "description": "RT",
    "summary_bilingual_indexes": [
      0
    ],
    "description_bilingual_indexes": []
  },
  "15": {
    "summary": "property addEventListener : object is null or undefined",
    "description": "The following is a list of the most commonly used methods.\n1. Download the git directory for san\nTry running a san slot example in the IE 360 compatible mode, the mode is IE8, as shown below.\n [image]/assets/6822604/23286803/ee0fd750-fa74-11e6-9815-1ece1a20782b.png\n",
    "summary_bilingual_indexes": [],
    "description_bilingual_indexes": [
      0,
      1,
      2
    ]
  },
  "16": {
    "summary": "Multiple sets resulting in view update error",
    "description": "The first one is the\n3.0.3-rc.6\nThe description\nTemplate\n \n span class= page-num san-if= current - 2 totalPage {{ current - 2 span \n span class= page-num san-if= current - 1 totalPage {{ current - 1 span \n span class= page-num san-if= current totalPage {{ current span \n button button \n \nInitial value\n \n{\n totalPage: 5,\n current: 5\n}\n \nThe incident\n js\n{\n changeVal () {\n this.data.set ( current , 19) \n this.data.set ( totalPage , 19) \n }\n}\n \nOperating\nClick on the button\nThe wrong result\nThe empty\nExpecting the results\n \n span 17 /span span 18 /span \n \nLocation of the problem\nIn the first set, two dispose child tasks are generated to remove the 1st and 2nd spans.\nThe second set generates two update child tasks to update the first and second spans.\nThe basic reason is that tasks are executed asynchronously, and the view is inconsistent with the model before the tasks are executed. Both sets have diff views of the underlying state. The second set should calculate diff based on the view after the previous set.\nThe solution\nIf each set is a synchronized total diff, the task queue is empty.\n",
    "summary_bilingual_indexes": [
      0
    ],
    "description_bilingual_indexes": [
      0,
      2,
      3,
      10,
      17,
      26,
      27,
      28,
      29,
      30,
      34,
      35,
      36,
      37,
      38,
      39
    ]
  },
  "18": {
    "summary": "Subcomponent data is more fine-grained when updated",
    "description": " javascript\n san.defineComponent ({\n components: {\n ui-user : UserInfo\n },\n template: div ui-user div \n }) \n \nWhen data.set (md.user.name) is updated, the user component's internal data item info.name is updated, not the entire info.",
    "summary_bilingual_indexes": [
      0
    ],
    "description_bilingual_indexes": [
      8
    ]
  },
  "19": {
    "summary": "When an array item contains a data reference to the array itself, the view of an existing array item is not refreshed when an array operation causes an array change.",
    "description": " \n a title= {{1 + list.length}} san-for= item in a \n \n \ninitData: function () {\n return {\n list: [1,2],\nthis.data.push ( list , 3)\n \n",
    "summary_bilingual_indexes": [
      0
    ],
    "description_bilingual_indexes": []
  },
  "24": {
    "summary": "The problem of assigning multiple attributes in input [type=file] cannot be solved correctly",
    "description": "Problems with implementing a file upload component\nIn file input, a boolean value controls the file's single and multiple selections for not being properly parsed. The code is as follows:\n [image]/assets/8756716/24289517/9ef61fe0-10bc-11e7-93e6-24055f1d125a.png\n",
    "summary_bilingual_indexes": [
      0
    ],
    "description_bilingual_indexes": [
      0,
      1
    ]
  },
  "25": {
    "summary": "support ime composition",
    "description": "fix #6 ",
    "summary_bilingual_indexes": [],
    "description_bilingual_indexes": []
  },
  "26": {
    "summary": "fix param error",
    "description": "Modifying the parameter error",
    "summary_bilingual_indexes": [],
    "description_bilingual_indexes": [
      0
    ]
  },
  "28": {
    "summary": "fix typo error",
    "description": "A newcomer often has problems, but spells it wrong",
    "summary_bilingual_indexes": [],
    "description_bilingual_indexes": [
      0
    ]
  },
  "30": {
    "summary": "Created when components are parent-child relationships Life cycle not as expected",
    "description": "The environment\n- library version 3.0.3\n- Chrome 58 is the browser version\n- system release macOS Sierra 10.12.4\nThe description\nWhen components are in parent-child relationships, the created-child function of the parent component is executed twice, and the created-child function of the sub component is undefined, with the el property of the instance being obtained, and the parent component is inconsistent in the same life cycle.\nThe case\nThe online demonstration\n/Dafrok/pen/oWEZYE\nBusiness logic\nCreate and attach two parent-child components, and output the current instance's el attribute at the control panel during the create cycle.\nExpected output\n \nparent el: div div ​\nchildren el: div div ​\n \nThe actual output\n \nparent el: div div ​\nchildren el: undefined\nparent el: div div ​\n ",
    "summary_bilingual_indexes": [
      0
    ],
    "description_bilingual_indexes": [
      0,
      1,
      2,
      3,
      4,
      5,
      6,
      7,
      9,
      10,
      11,
      16
    ]
  },
  "32": {
    "summary": "Anonymous Boolean type variables are used as variable names in the attributes, instructions, and event parameters",
    "description": "Recurring use cases\n[Codepen]/Dafrok/pen/XRBGwB\nExpected output\n- Boolean Prop: true\n- Named Variable Prop: false\n- Number Prop: 666\n \ntrue - log (true)\nfalse - log (false)\n \nThe actual output\n- Boolean Prop:\n- Named Variable Prop: It s a variable named false \n- Number Prop: 666\nYou can never see me if san-if= true .\nYou can see me although san-if= false .\n \nundefined - log (true)\nIt s a variable named false - log (false)\n \nAdditional notes\nThe use of the anonymous variable in the san-if instruction is meaningless, and is only used to list a situation.\nThe source code\n javascript\nconst Children = san.defineComponent ({\n template: ul \n li Boolean Prop: li \n li Named Variable Prop: li \n li Number Prop: li \n ul \n})\nconst Parent = san.defineComponent ({\n components: {\n child-comp : Children\n },\n template: div \n child-comp\n booleanProp= {{true}} \n namedVariableProp= {{false}} \n numberProp= {{666}} \n child-comp \n p san-if= true You can never see me if p \n p san-if= false You can see me although p \n button button \n button button \n div ,\n initData () {\n return {\n false: It s a variable named false \n }\n },\n log (msg) {\n console.log (msg)\n }\n})\nconst comp = new Parent ()\ncomp.attach (document.body)\n ",
    "summary_bilingual_indexes": [
      0
    ],
    "description_bilingual_indexes": [
      0,
      2,
      10,
      20,
      21,
      22
    ]
  },
  "34": {
    "summary": "The option you have searched for cannot be selected correctly",
    "description": "The environment\n- Chrome \n- san .1.0\nRecurring use cases\n/Dafrok/pen/OmrqgZ\nExpected output\nselect element value is bar\nThe actual output\nselect element value is foo",
    "summary_bilingual_indexes": [
      0
    ],
    "description_bilingual_indexes": [
      0,
      3,
      5,
      6,
      7,
      8
    ]
  },
  "36": {
    "summary": "Data cannot be synchronized when using the parentheses declaration property in bidirectional binding",
    "description": "The environment\n- Chrome \n- san .1.0-alpha.1\nRecurring use cases\n/Dafrok/pen/LyqdxG\nExpected output\nWhen you change any input value, the rest of the labels are synchronized to the current value.\n \nThe actual output\nWhen the red-marked input value is changed, the remaining labels are not synchronized and the model layer is not changed.",
    "summary_bilingual_indexes": [
      0
    ],
    "description_bilingual_indexes": [
      0,
      3,
      5,
      6,
      8,
      9
    ]
  },
  "38": {
    "summary": "Support for dynamic dragable properties",
    "description": "The problem\nAfter binding the draggable property, changing the value of the model, it can be observed that the draggable property does not continue to change after it becomes true.\nRecurring use cases\n/Dafrok/pen/ZKgZmm",
    "summary_bilingual_indexes": [
      0
    ],
    "description_bilingual_indexes": [
      0,
      1,
      2
    ]
  },
  "39": {
    "summary": "The selected state of the checkbox cannot be reset when the data item bound to the checkbox is set to an empty array",
    "description": "",
    "summary_bilingual_indexes": [
      0
    ],
    "description_bilingual_indexes": []
  },
  "40": {
    "summary": "Support for dataType",
    "description": "And after discussion, it is determined\n1. Only validate, not type first\n2. dev version supported, release version ignored\nAnd then form.\n json schema\nIt's too big, and it only supports types defined by json. I'm not very good at spec, and I don't know how to support the commonly used composite type date.\n react propType\n/facebook/prop-types\nThis way, in addition to supporting the basic type, we can also support the basic type.\n- Support required\n- Supports multiple types\n- Supporting the count\n- variable support range\n- Supporting deep structures\n- It's annoying to write, like defining an array, each containing id, age, which looks like PropTypes.arrayOf (PropTypes.shape ({id, age}))\nSimilar to Vue, close to JS\n js\ndataType= {\n name: String,\n age: Number,\n addr: {\n provider: String,\n city: String\n }\n}\n \nThis way, in addition to supporting basic types, it can support deep hierarchies at most, but many values related to them can not be done. Of course, you can open support functions to customize the verification rules. If the verification rules are built-in, there is no difference between it and react propType.\nLet's talk about it\nWhich one do you think is better?\n",
    "summary_bilingual_indexes": [
      0
    ],
    "description_bilingual_indexes": [
      0,
      1,
      2,
      3,
      5,
      8,
      9,
      10,
      11,
      12,
      13,
      14,
      15,
      26,
      27,
      28
    ]
  },
  "41": {
    "summary": "The problem of data binding",
    "description": " js\nvar Foo = san.defineComponent ({\n template: \n + template \n + div san-for= item in items \n + div class= row \n + label {{item.label}} - label \n + div class= boxes \n + span san-for= box in item.datasource \n + input type= checkbox value= {{box.value}} {{box.title}} \n + span \n + div end of boxes\n + div end of row\n + div \n + template ,\n \n filters: {\n join (value) {\n return value.join ( , )\n } \n },\n \n initData () {\n return {\n items: [\n {\n label: A ,\n datasource: [\n {\n title: foo ,\n value: foo \n },\n {\n title: bar ,\n value: bar \n }\n ],\n values: [ foo ]\n },\n {\n label: B ,\n datasource: [\n {\n title: foo ,\n value: foo \n },\n {\n title: bar ,\n value: bar \n }\n ],\n values: [ bar , foo ]\n }\n ]\n }\n }\n}) \nvar foo = new Foo () \nfoo.attach (document.body) \n \nThis place checked={=item.values=} is it me?",
    "summary_bilingual_indexes": [
      0
    ],
    "description_bilingual_indexes": [
      60
    ]
  },
  "42": {
    "summary": "Added DataTypes",
    "description": "For more details, see #40",
    "summary_bilingual_indexes": [
      0
    ],
    "description_bilingual_indexes": [
      0
    ]
  },
  "43": {
    "summary": "The view has not been updated since the data changes",
    "description": " \n var Issue = san.defineComponent ({\n template: template \n }) \n var Foo = san.defineComponent ({\n components: {\n x-issue : Issue\n },\n template: \n + template \n + div san-for= item, index in items \n + div class= row \n + label \n + x-issue \n + button button \n + table border= 1px tr san-for= o in table \n + x-issue end of x-issue\n + div end of row\n + div \n + template ,\n addText (index) {\n this.data.push ( items[ + index + ].datasource , {label: Date.now ()}) \n },\n initData () {\n return {\n items: [\n {\n label: A ,\n datasource: []\n }\n ]\n }\n }\n }) \n var foo = new Foo () \n foo.attach (document.body) \n \nIf you change the x-issue to div, it's not a problem, so it's a little weird.",
    "summary_bilingual_indexes": [
      0
    ],
    "description_bilingual_indexes": [
      37
    ]
  },
  "44": {
    "summary": "San-if's logic seems to be problematic",
    "description": " \n var Foo = san.defineComponent ({\n template: \n + template \n + input type= text value= {=value=} \n + div san-if= {{isFoo}} is div \n + div san-if= {{ isFoo}} is not div \n + template ,\n computed: {\n isFoo () {\n const value = this.data.get ( value ) \n return value foo \n }\n },\n initData () {\n return {\n value: oo \n }\n }\n }) \n var foo = new Foo () \n foo.attach (document.body) \n \nIf div san-if= {{isFoo}} is not div, then div san-else is not div is expected.\nOr change to div san-if= {{value == foo }} is not div is also expected.",
    "summary_bilingual_indexes": [
      0
    ],
    "description_bilingual_indexes": [
      23,
      24
    ]
  },
  "45": {
    "summary": "The binding of dynamic multilevel expressions is not valid",
    "description": " \n it ( dynamic expr long path , function (done) {\n var wrap = document.createElement ( div ) \n document.body.appendChild (wrap) \n var MyComponent = san.defineComponent ({\n template: \n + div \n + div san-for= item, index in config \n + div \n + div san-for= child, ci in item.children \n + {{index}} - {{ci}} : input \n + div \n + div \n + div ,\n initData: function () {\n return {\n result: {},\n config: [\n {\n name: erik ,\n children: [\n {\n name: erik-child-0 \n },\n {\n name: erik-child-1 \n }\n ]\n }\n ]\n }\n },\n attached: function () {\n var input = wrap.getElementsByTagName ( input )[0] \n triggerEvent ( # + input.id, input , 666 ) \n setTimeout (this.doneSpec.bind (this), 600) \n },\n doneSpec: function () {\n var result = this.data.get ( result ) \n expect (result.erik).toBe ( 666 ) \n this.dispose () \n document.body.removeChild (wrap) \n done () \n },\n }) \n var myComponent = new MyComponent () \n myComponent.attach (wrap) \n }) \n ",
    "summary_bilingual_indexes": [
      0
    ],
    "description_bilingual_indexes": []
  },
  "47": {
    "summary": "View has not changed since the data update",
    "description": " \n var Block = san.defineComponent ({\n template: template div template \n }) \n var Foo = san.defineComponent ({\n components: {\n x-block : Block\n },\n template: \n + template \n + x-block x-block \n + x-block x-block \n + template ,\n initData () {\n return {\n f: false,\n foo: foo ,\n bar: bar \n }\n }\n }) \n var foo = new Foo () \n foo.attach (document.body) \n \nAfter the page is opened, if foo.data.set (bar, 123) is executed on the control panel, the page should be updated, but it is not.",
    "summary_bilingual_indexes": [
      0
    ],
    "description_bilingual_indexes": [
      24
    ]
  },
  "50": {
    "summary": "After using Slot, Data and View are not synchronized",
    "description": " \nvar BoxGroup = san.defineComponent ({\n template: template div class= box-group \n + div san-for= item in datasource \n + label input type= checkbox value= {{item.value}} checked= {=value=} label \n + div \n + template ,\n initData: function () {\n return {\n datasource: [],\n value: []\n } \n }\n}) \nvar Issue = san.defineComponent ({\n template: div \n}) \nvar App = san.defineComponent ({\n components: {\n ui-boxgroup : BoxGroup,\n x-issue : Issue\n },\n template: template \n + button \n + x-issue san-for= p in groups \n + div value: div \n + ui-boxgroup datasource= {{p.datasource}} value= {=p.value=} \n + x-issue \n + template ,\n initData: function () {\n return {\n groups: [\n {\n datasource: [\n {text: foo , value: foo },\n {text: bar , value: bar }\n ],\n value: []\n },\n {\n datasource: [\n {text: abc , value: abc },\n {text: 123 , value: 123 }\n ],\n value: []\n }\n ]\n }\n },\n onClick: function () {\n this.data.set ( groups[0].value , []) \n this.data.set ( groups[1].value , []) \n }\n}) \nvar app = new App () \napp.attach (document.body)\n \nIf you change the x-issue to div, everything is fine.",
    "summary_bilingual_indexes": [
      0
    ],
    "description_bilingual_indexes": [
      57
    ]
  },
  "51": {
    "summary": "The problem of the san's life cycle",
    "description": "Recently, it was discovered that when using san, the created method of san's component is called twice.\nSo we cloned the latest version of san, and we validated it in list.san using the example's todos_esnext, and we also found that created was executed twice, and the order of the lifecycle was normal.\nBelow is the printed version of the console\n \nList.san 7f39:67 compiled\nList.san 7f39:63 inited\nList.san 7f39:59 created\nList.san 7f39:59 created\nList.san 7f39:55 attached\n ",
    "summary_bilingual_indexes": [
      0
    ],
    "description_bilingual_indexes": [
      0,
      1,
      2
    ]
  },
  "56": {
    "summary": "Fixes the problem of verifying data types check without data binding",
    "description": "",
    "summary_bilingual_indexes": [
      0
    ],
    "description_bilingual_indexes": []
  },
  "57": {
    "summary": "camel-component-binds.js adds dependencies to the IndexedList module",
    "description": "",
    "summary_bilingual_indexes": [
      0
    ],
    "description_bilingual_indexes": []
  },
  "58": {
    "summary": "[bug] Dispatch-messages Modifying the parent component data caused display issues",
    "description": "Version is .1.3\nDescription Since the element of san is the initialized subcomponent in the genHTML process, the data of the parent component can be modified by dispatch after the initial completion of the subcomponent. This leads to data inconsistency problems throughout the process, as the dom rendering of the template located before the subcomponent uses pre-dispatch data, while the dom rendering located after the subcomponent uses new data.\n[Reproducible demo from QgJeKQ]",
    "summary_bilingual_indexes": [
      0
    ],
    "description_bilingual_indexes": [
      0,
      1,
      2
    ]
  },
  "59": {
    "summary": "The script tag as stump affects the CSS selector, suggesting the comment tag instead.",
    "description": "The description\nIn some scenarios, the s-if s-for instruction will insert a script tag into the first or last node of the parent node, causing the CSS selector to misjudge.\nRecurring use cases\nThe input\n Stylus\n stylus\nul\n li\n color green\n li:first-child\n color blue\n li:last-child\n color red\n \n JavaScript\n es\nconst App = san.defineComponent ({\n template: ul \n li s-for= item in li \n ul ,\n initData () {\n return {\n list: [1, 2, 3]\n }\n }\n})\nconst app = new App ()\napp.attach (document.body)\n \nExpected output\n html\n ul \nLi -- blue -- is the color of the earth.\nli -- green --\nLi -- red --\n /ul \n \nThe actual output\n html\n ul \nLi -- blue -- is the color of the earth.\nli -- green --\nli -- green --\n script script \n /ul \n \nThe online demonstration\n/Dafrok/pen/LLQexv\nSuggestions\nUse a special comment tag instead of the script tag as a placeholder.",
    "summary_bilingual_indexes": [
      0
    ],
    "description_bilingual_indexes": [
      0,
      1,
      2,
      3,
      29,
      32,
      33,
      34,
      37,
      40,
      41,
      42,
      46,
      48,
      49
    ]
  },
  "62": {
    "summary": "The following are some of the problems with IE9.",
    "description": "The following is a list of the current versions of the software:\n [image]/104052/28259499-1e372f28-6b09-11e7-98c4-44f0c1c81783.png\n \n [image]/104052/28259512-37aa3054-6b09-11e7-96e5-14c2c1eb0e64.png\n",
    "summary_bilingual_indexes": [
      0
    ],
    "description_bilingual_indexes": [
      0
    ]
  },
  "69": {
    "summary": "Questions about form-select",
    "description": "I thought it was a bit of a documentation problem at first, but later I found out that it wasn't, and that select can actually be used to implement a binary binding with {==}.\nBut there was a problem with the code.\n \nvar MyApp = san.defineComponent ({\n template: \n select value= {=online=} \n option option \n option option \n option option \n select \n \n }) \n var myApp = new MyApp () \n myApp.attach (document.body) \n \nThis is a way of writing.\n \nsan.dev.js:2627 Uncaught TypeError: Cannot read property get of undefined\n at evalExpr (san.dev.js:2627)\n at ComponentClass.Node.evalExpr (san.dev.js:3381)\n at Object.attr (san.dev.js:3710)\n at san.dev.js:3877\n at each (san.dev.js:174)\n at IndexedList.each (san.dev.js:587)\n at genElementStartHTML (san.dev.js:3869)\n at Element.genHTML (san.dev.js:4249)\n at san.dev.js:3949\n at each (san.dev.js:174)\n \nBut select bind-value=online or select outer layer of root elements like div, the result is normal.\nThe reason is not clear, so ask for guidance...\n",
    "summary_bilingual_indexes": [
      0
    ],
    "description_bilingual_indexes": [
      0,
      1,
      15,
      29,
      30
    ]
  },
  "70": {
    "summary": "San object cannot be loaded properly in window.__SAN_DEVTOOL__",
    "description": "In the case of webpack, the parameter root is {}, so the detection of devtool fails and the relevant message cannot be sent.\n img width= 794 alt= 90cbce75818be28a601c74542 28987151-af22a264-799c-11e7-9504-39dbbb3e4424.png \n",
    "summary_bilingual_indexes": [
      0
    ],
    "description_bilingual_indexes": [
      0
    ]
  },
  "71": {
    "summary": "Todos-esnext cannot run in IE",
    "description": "/ecomfe/san/tree/master/example/todos-esnext cannot run in IE browser\nThe tip\nSCRIPT5009: The symbol is undefined",
    "summary_bilingual_indexes": [
      0
    ],
    "description_bilingual_indexes": [
      0,
      1,
      2
    ]
  },
  "72": {
    "summary": "This is undefined in the gen-element-childs-html.js file",
    "description": " [image]/3760804/29023700-73ac27a8-7ba1-11e7-9807-b09070235e2b.png\n",
    "summary_bilingual_indexes": [
      0
    ],
    "description_bilingual_indexes": []
  },
  "75": {
    "summary": "The two-way binding fails when the two-way binding component is the outermost layer",
    "description": "The following code does not bind the online property\n \n DOCTYPE html \n html lang= en \n head \n meta charset= UTF-8 \n title min san title \n meta http-equiv= X-UA-Compatible content= IE=Edge \n meta name= viewport content= width=device-width, initial-scale=1 \n /head \n body \n script script \n script \n var MyApp = san.defineComponent ({\n template: \n input type= text value= {=online=} \n ,\n initData () {\n return {\n online: errorrik ,\n test: \n } \n },\n computed: {\n test () {\n console.log (this.data.get ( online )) \n return this.data.get ( online ) \n }\n }\n }) \n var myApp = new MyApp () \n myApp.attach (document.body) \n script \n /body \n /html \n \nThe following code can be used to implement binding\n \n DOCTYPE html \n html lang= en \n head \n meta charset= UTF-8 \n title min san title \n meta http-equiv= X-UA-Compatible content= IE=Edge \n meta name= viewport content= width=device-width, initial-scale=1 \n /head \n body \n script script \n script \n var MyApp = san.defineComponent ({\n template: \n div \n input type= text div \n ,\n initData () {\n return {\n online: errorrik ,\n test: \n } \n },\n computed: {\n test () {\n console.log (this.data.get ( online )) \n return this.data.get ( online ) \n }\n }\n }) \n var myApp = new MyApp () \n myApp.attach (document.body) \n script \n /body \n /html \n \nThe select component has the same problem",
    "summary_bilingual_indexes": [
      0
    ],
    "description_bilingual_indexes": [
      0,
      36,
      73
    ]
  },
  "77": {
    "summary": "Fixed the problem of uglify when storing class for as a keyword and then reporting it in IE",
    "description": "Since uglify does not have the screw_ie8 option set, the reference to the object key name in the file that was partially compressed by uglify after build was removed, resulting in the error of throwing an object with a reserved keyword like class for in IE6-8.",
    "summary_bilingual_indexes": [
      0
    ],
    "description_bilingual_indexes": [
      0
    ]
  },
  "79": {
    "summary": "The DOM node location generated under IE8 may not be correct",
    "description": " [image]/104052/29519424-0567a49c-86b0-11e7-960f-f0ac51490488.png\nBut in the source code, the location is actually the first one.\n [image]/104052/29519463-250abcd0-86b0-11e7-909e-5b7e95b910e0.png\n",
    "summary_bilingual_indexes": [
      0
    ],
    "description_bilingual_indexes": [
      1
    ]
  },
  "81": {
    "summary": "Add missing screw_ie8 options",
    "description": "Previous configurations, generated by *.min.js, are not possible under ie8. for, class, x.else. These situations are not handled",
    "summary_bilingual_indexes": [],
    "description_bilingual_indexes": [
      0
    ]
  },
  "82": {
    "summary": "Improved the friendliness of the defineComponet method, avoiding duplication of definitions, and using irregular errors",
    "description": "In projects, based on business considerations e.g. single component size, attempts have been made to separate the development and runtime environments of san's components. In this case, there is a risk of re-definition when recursively invoking san packaging, due to the lack of validation logic within san's defineComponent. The pull request increases the validation logic within the packaging and makes errors for unusual use cases, facilitating the framework user's positioning problems.",
    "summary_bilingual_indexes": [
      0
    ],
    "description_bilingual_indexes": [
      0
    ]
  },
  "83": {
    "summary": "Adding the s-elif command",
    "description": "What do you think?\n html\n div div \n div div \n div div \n \nWhen isA is TRUE, A and C are printed. If the result is as expected, is it necessary to add another *s-else-if*",
    "summary_bilingual_indexes": [
      0
    ],
    "description_bilingual_indexes": [
      0,
      6
    ]
  },
  "84": {
    "summary": "Operating on data in an inited function, such as calling the set method or the push method, triggers two data changes",
    "description": "When the this.data.set method or this.data.push is invoked inited, it causes two data changes, both of which trigger changes in the view, resulting in the view not being updated as expected.",
    "summary_bilingual_indexes": [
      0
    ],
    "description_bilingual_indexes": [
      0
    ]
  },
  "86": {
    "summary": "When used in conjunction with svg, the value of s-if changes when svg loses the viewBox property",
    "description": "[codepen address]/asd123freedom/pen/mBJMPM",
    "summary_bilingual_indexes": [
      0
    ],
    "description_bilingual_indexes": [
      0
    ]
  },
  "87": {
    "summary": "The expression in {{}} does not support modeling when computed",
    "description": "",
    "summary_bilingual_indexes": [
      0
    ],
    "description_bilingual_indexes": []
  },
  "88": {
    "summary": "Fix #86",
    "description": "",
    "summary_bilingual_indexes": [],
    "description_bilingual_indexes": []
  },
  "90": {
    "summary": "s-if cannot be used with events such as on-click, nor can it be used with slot",
    "description": "RT",
    "summary_bilingual_indexes": [
      0
    ],
    "description_bilingual_indexes": []
  },
  "91": {
    "summary": "The detached node function of the 3.2.4 version component is called twice",
    "description": "[codepen address]/asd123freedom/pen/eGvRYL, on the console you can see that the detached monkey function is called twice",
    "summary_bilingual_indexes": [
      0
    ],
    "description_bilingual_indexes": [
      0
    ]
  },
  "92": {
    "summary": "The checked attribute of input[type=checkbox] is used in a different way",
    "description": "For example, when I write html, I can directly implement the effect of checked.\n html\n input type= checkbox checked \n \nBut if you wrap a component, the checked property must be synchronized to a specific property, written directly to it.\n js\nvar App = san.defineComponent ({\n template: div input type= checkbox checked div \n}) \nvar app = new App () \napp.attach (document.body)\n \nIt's not working.",
    "summary_bilingual_indexes": [
      0
    ],
    "description_bilingual_indexes": [
      0,
      4,
      12
    ]
  },
  "94": {
    "summary": "In s-for, if we use the word slot, how do we get the elements of each loop in the owner? [request scoped slot]",
    "description": "For example, this is how it works.\n js\nvar List = san.defineComponent ({\n template: \n + div \n + ul \n + li s-for= item in li \n + ul \n + div \n}) \nvar l = new List ({data: {\n datasource: [\n {text: a },\n {text: b },\n {text: c },\n ]\n}}) \nl.attach (document.body) \n \nBut if you want to make List more general, and change it to {{item.text}}, then you can't seem to get the idea of customizing the content of the slot when you're using it.\n js\nvar List2 = san.defineComponent ({\n template: \n + div \n + ul \n + li s-for= item in li \n + ul \n + div \n}) \nvar App = san.defineComponent ({\n template: \n + template \n + x-list datasource= {{datasource}} \n + {{item.text}} \n + x-list \n + template ,\n components: {\n x-list : List2\n }\n}) \nvar app = new App ({data: {\n datasource: [\n {text: a },\n {text: b },\n {text: c },\n ]\n}}) \napp.attach (document.body) \n ",
    "summary_bilingual_indexes": [
      0
    ],
    "description_bilingual_indexes": [
      0,
      19
    ]
  },
  "96": {
    "summary": "Open the interface to Element.prototype.on, which is a very simple interface.",
    "description": "Now it seems that element AddElEvent has become private, and before that _onEl, sometimes you might want to bind a bit of event to a DOM node, but you don't want to manage the binding logic yourself, hoping to automatically handle it when you dispose.",
    "summary_bilingual_indexes": [
      0
    ],
    "description_bilingual_indexes": [
      0
    ]
  },
  "97": {
    "summary": "The checked state of the s-for checkbox sometimes does not match the data state",
    "description": "The latest master edit\nAfter entering the bar into the input, the filteredDatasource changes, and the expected bar is always in the selected state, which is not.",
    "summary_bilingual_indexes": [
      0
    ],
    "description_bilingual_indexes": [
      0,
      1
    ]
  },
  "98": {
    "summary": "Whether to delete whitespace-only text between elements by default when parsing the template",
    "description": "The ballot box",
    "summary_bilingual_indexes": [
      0
    ],
    "description_bilingual_indexes": [
      0
    ]
  },
  "99": {
    "summary": "elementOwnUpdate may not have this.dynamicProps",
    "description": "This is the result of this.dynamicProps.each (function (prop) {",
    "summary_bilingual_indexes": [
      0
    ],
    "description_bilingual_indexes": [
      0
    ]
  },
  "100": {
    "summary": "Checkbox's checked state is occasionally not the same",
    "description": "When checked is true false, the state of the checkbox is changed manually, and the data is not changed.",
    "summary_bilingual_indexes": [
      0
    ],
    "description_bilingual_indexes": [
      0
    ]
  },
  "101": {
    "summary": "The data is not changed",
    "description": " sm-tr san-for= item in list.arr \n sm-td \n sm-td \nAfter list changes, non-item items are not changed.",
    "summary_bilingual_indexes": [
      0
    ],
    "description_bilingual_indexes": [
      3
    ]
  },
  "102": {
    "summary": "After data changes, the property is not updated",
    "description": " js\nvar App = san.defineComponent ({\n template: template \n + button on-click= onClick Click button \n + div div \n + template ,\n initData: function () {\n return {\n ariaLabel: HELLO \n }\n },\n attached: function () {\n console.log (this.el.innerHTML)\n },\n onClick: function () {\n this.data.set ( ariaLabel , WORLD ) \n console.log (this.el.innerHTML)\n }\n})\nvar app = new App () \napp.attach (document.body) \n \nAfter executing this.data.set (ariaLabel), the aria-label property of the DIV is expected to change, but in reality it does not.",
    "summary_bilingual_indexes": [
      0
    ],
    "description_bilingual_indexes": [
      22
    ]
  },
  "105": {
    "summary": "san can add binding dom native events to custom elements",
    "description": "vue is supported with .native modifiers. If supported, it is more flexible when using components in the component library, without relying on what events are exposed within the component.",
    "summary_bilingual_indexes": [
      0
    ],
    "description_bilingual_indexes": [
      0
    ]
  },
  "108": {
    "summary": "f (data) == view issue",
    "description": " js\nvar MyApp = san.defineComponent ({\n template: \n + dl \n + dt \n + dd san-for= item, index in items {{index + 1}}. dd \n + dl ,\n initData: function () {\n return {\n } \n },\n attached: function () {\n this.data.set ( items , [ q ]) \n this.data.splice ( items , [1, 0, a ]) \n this.data.push ( items , a )\n }\n}) \nvar myApp = new MyApp () \nmyApp.attach (document.body) \n ",
    "summary_bilingual_indexes": [],
    "description_bilingual_indexes": []
  },
  "109": {
    "summary": "fix #108",
    "description": "Ignore the splice operation when set and splice simultaneously in the same tick",
    "summary_bilingual_indexes": [],
    "description_bilingual_indexes": [
      0
    ]
  },
  "112": {
    "summary": "How to get running slot whether the content was inserted, inserted what",
    "description": " \n div slot default div \n \nThere is a need for a fixed border when content is inserted into the slot; a non-linear border when content is default content; and a non-linear border when content is inserted into the slot.\nThis external needs to be judged based on the operating scenario, and is not easy to achieve.\nWe may need some way to judge.",
    "summary_bilingual_indexes": [
      0
    ],
    "description_bilingual_indexes": [
      3,
      4,
      5
    ]
  },
  "114": {
    "summary": "[feature request] Component custom events provide default event parameters",
    "description": "The current situation\nIn the event of a component customization\n \nvar MyComponent = san.defineComponent ({\n components: {\n ui-label : Label\n },\n template: div ui-label bind-text= name div ,\n labelDone: function (doneMsg) {\n alert (doneMsg) \n }\n}) \n \nTo get doneMsg parameters in labelDone, you must explicitly write on-down=labelDown (event) in the template, and there is no explicit documentation.\nThe problem\nIn most cases, when you trigger a custom event with this.fire, the default event processing function is the one that trigger the custom event, so it's a hassle to write fun (event) in the template every time.\nSuggestions\nProvide default event parameters for custom events, so that on-down=labelDown is equal to on-down=labelDown (event).\nThat is.\n \nvar MyComponent = san.defineComponent ({\n components: {\n ui-label : Label\n },\n template: div ui-label bind-text= name div ,\n labelDone: function (doneMsg) {\n doneMsg won t be undefined\n alert (doneMsg) \n }\n}) \n \nIf other parameters are provided in the template, the existing logic is retained.\nThat is.\n \nvar MyComponent = san.defineComponent ({\n components: {\n ui-label : Label\n },\n template: div ui-label bind-text= name div ,\n labelDone: function (doneMsg) {\n doneMsg is foo \n alert (doneMsg) \n }\n}) \n ",
    "summary_bilingual_indexes": [
      0
    ],
    "description_bilingual_indexes": [
      0,
      1,
      13,
      14,
      15,
      16,
      17,
      18,
      31,
      32
    ]
  },
  "115": {
    "summary": "[feature request] Transitional animation",
    "description": "# Transitional animated\nLet's start with the demand.\n- [ ] Support for single element and list transition animation\n- [ ] Support for CSS and JS plugins\n- [ ] Support transition animation and animation\n- [ ] Single element transition animation avoids two instances of the same component appearing in the view\n- [ ] Support for in-out and out-in transitions.html\n- [ ] transitions.html transitions.html \n \nNow, let's look at the pit that you step into based on the current version of the animation.\n- Transitional animation of single elements\nThe single-element transitional animation has been remade twice, which is a simple realization for now.\nThe first version is simply hack the Component.prototype.attach and Component.prototype.dispose methods, inserting and removing the CSS plug at the appropriate time, and destroying the components asynchronously. But doing so creates a problem. In the fast switching state, since the dispose process is asynchronous and there is no VNode control, the later entering components cannot know if the previous entering components have been destroyed, so it is possible to observe the presence of multiple instances of the same components simultaneously in the view, which is very unpleasant.\nThe second version simply hacks the internal updateView method and hangs the temporary variables required to execute the animation on the component owner. This implementation is basically perfect from the animation point of view, the owner can replace VNode with the god view to observe and control whether the component in transition needs to be actually uploaded or destroyed, and will not generate any extra elements at all during the quick switch state. Unfortunately, in real-world combat, finding the root component is the most ownerless, the intuitive effect is that the component transition animation registered on the san-router is all hanging.\n- List of transitional animations\nSince the san update mechanism is to modify the inner HTML while keeping the existing nodes as unchanged as possible, it is necessary to hack the existing node update mechanism by frequently inserting and removing nodes to achieve smooth list updates, which creates a subtle contradiction between this and the high performance pursued by san, and it is also difficult to guarantee that san will conflict with the hack in future iterations, so no more perfect solution has been devised so far.",
    "summary_bilingual_indexes": [
      0
    ],
    "description_bilingual_indexes": [
      0,
      1,
      2,
      3,
      4,
      5,
      6,
      9,
      10,
      11,
      12,
      13,
      14,
      15
    ]
  },
  "116": {
    "summary": "The devDependencies in package.json have duplicate dependencies",
    "description": " img width= 318 alt= 4cf05bbb5242b77c714948b87e4f8436 32090253-194418dc-bab4-11e7-8688-07b89b11d402.png \n",
    "summary_bilingual_indexes": [
      0
    ],
    "description_bilingual_indexes": []
  },
  "117": {
    "summary": "Fix #116: Repeated dependencies in devDependencies",
    "description": "Fix #116 ",
    "summary_bilingual_indexes": [
      0
    ],
    "description_bilingual_indexes": []
  },
  "122": {
    "summary": "childs - children",
    "description": "Don't look too far.",
    "summary_bilingual_indexes": [],
    "description_bilingual_indexes": [
      0
    ]
  },
  "123": {
    "summary": "lifeCycle",
    "description": "",
    "summary_bilingual_indexes": [
      0
    ],
    "description_bilingual_indexes": []
  },
  "124": {
    "summary": "Remove the parent reference in the ANode",
    "description": "There is no way to string JSON with circular reference",
    "summary_bilingual_indexes": [
      0
    ],
    "description_bilingual_indexes": [
      0
    ]
  },
  "127": {
    "summary": "[feature request] Do not render dom only abstract nodes that take instruction properties and so on",
    "description": " js\n slot chou slot \n chou s-for= item in items \n tr \n expend \n /chou \n \nThe need for something like chou, if it's possible, is to repackage it into a single component, but it might bring in dom nodes that we don't want, so we hope to support an abstract node that doesn't render dom for a better view of control.",
    "summary_bilingual_indexes": [
      0
    ],
    "description_bilingual_indexes": [
      7
    ]
  },
  "130": {
    "summary": "Fix121: Link the nextTick function reference to the san component instance",
    "description": "Just the native merge 3.3.0-dev found it seems to be the same as the main, no new merge, no problem.",
    "summary_bilingual_indexes": [
      0
    ],
    "description_bilingual_indexes": [
      0
    ]
  },
  "131": {
    "summary": "for through the array, using the string property set, error",
    "description": " \nvar MyApp = san.defineComponent ({\n template: h3 p s-for= item in div \n}) \nvar data = {\n list: [ errorrik ]\n} \ndata.list.title = super \nvar myApp = new MyApp ({\n data: data\n}) \nmyApp.attach (document.body) \nmyApp.data.set ( list.title , sb ) \n ",
    "summary_bilingual_indexes": [
      0
    ],
    "description_bilingual_indexes": []
  },
  "137": {
    "summary": "3.3.0 dev",
    "description": "#118 Added a component to customize the warning prompt when the event listening method does not exist",
    "summary_bilingual_indexes": [],
    "description_bilingual_indexes": [
      0
    ]
  },
  "139": {
    "summary": "support default event #114",
    "description": "",
    "summary_bilingual_indexes": [],
    "description_bilingual_indexes": []
  },
  "142": {
    "summary": "update nextTick method",
    "description": "The details of the survey are as follows:\nI was originally going to use requestAnimationFrame, but after asking at the interview if they had considered using rAF to implement nextTick, Yu Yuyuan-chue replied that nextTick exists primarily for scheduling rather than deferring work. So I gave up using rAF.",
    "summary_bilingual_indexes": [],
    "description_bilingual_indexes": [
      0,
      1
    ]
  },
  "143": {
    "summary": "resolve #128",
    "description": "Add a universal declaration file, and take care of the ts users.\nNote: Since the export of san does not use the CommonJS 2 specification, it is not possible to make the san object the default export, so when cited in ts, only import * as san from san, and not import san from san, which may need to be noted in the documentation.",
    "summary_bilingual_indexes": [],
    "description_bilingual_indexes": [
      0,
      1
    ]
  },
  "145": {
    "summary": "feat:native events",
    "description": "#105 ",
    "summary_bilingual_indexes": [],
    "description_bilingual_indexes": []
  },
  "147": {
    "summary": "ssr uses the s-for instruction to cross-check the first layer, rendering only the first-crossed output.",
    "description": "Recurring use cases\n js\nconst san = require ( san )\nconst App = san.defineComponent ({\n initData () {\n return {\n cates: [\n foo ,\n bar \n ],\n forms: {\n foo: [1, 2, 3],\n bar: [4, 5, 6]\n }\n }\n },\n template: \n form \n fieldset s-for= cate in cates \n label s-for= item in label \n fieldset \n form \n \n})\nconst result = san.compileToRenderer (App) ()\nconsole.log (result)\n \nExpected output\n html\n form \n fieldset \n label \n label \n label \n fieldset \n fieldset \n label \n label \n label \n fieldset \n /form \n \nThe actual output\n html\n form \n fieldset \n label \n label \n label \n fieldset \n /form \n \nAdded\nIf you remove the second layer of label s-for = item in label, the first layer of label can output twice as much as expected, so I think this is a bug.\n html\n form \n fieldset \n fieldset \n fieldset \n fieldset \n /form \n ",
    "summary_bilingual_indexes": [
      0
    ],
    "description_bilingual_indexes": [
      0,
      27,
      42,
      52,
      53
    ]
  },
  "148": {
    "summary": "san.compileComponent api",
    "description": "Provides a way to precompile components before new Component",
    "summary_bilingual_indexes": [],
    "description_bilingual_indexes": [
      0
    ]
  },
  "151": {
    "summary": "slot () returned content that does not appear to be expected",
    "description": "The first version is 3.3.0-beta.1.\n \n js\nvar A = san.defineComponent ({\n template: template div template \n}) \nvar B = san.defineComponent ({\n template: template div template ,\n components: {\n x-a : A\n },\n attached: function () {\n var defaultSlot = this.slot () \n console.log (defaultSlot) \n }\n}) \nvar b = new B () \nb.attach (document.body)\n \nIf there is no x-a, then the defaultSlot.children length is 1 If there is x-a, then the defaultSlot.children length is 0.\nSo, as I understand it, the default Slot.children should always be 1 right?",
    "summary_bilingual_indexes": [
      0
    ],
    "description_bilingual_indexes": [
      0,
      19,
      20
    ]
  },
  "154": {
    "summary": "The multiple attribute of input should be consistent with checked",
    "description": " js\n input type= file \n \nWhether multiple properties are considered as special treatments as checked properties\nCurrently working on the upload component, it is found that it is not possible to distinguish between single uploads or multiple uploads by exposing multiple.",
    "summary_bilingual_indexes": [
      0
    ],
    "description_bilingual_indexes": [
      3,
      4
    ]
  },
  "157": {
    "summary": "Recommended this.data.push,unshift adds return values that match the corresponding behavior of the JavaScript array",
    "description": "#150 ",
    "summary_bilingual_indexes": [
      0
    ],
    "description_bilingual_indexes": []
  },
  "158": {
    "summary": "fix: multiple spelling mistakes",
    "description": "#154 ",
    "summary_bilingual_indexes": [],
    "description_bilingual_indexes": []
  },
  "159": {
    "summary": "Problems with input element values",
    "description": "The codepen is a reference to the French language.\nIn initData, info is empty, and input is empty\nManually set info to an empty object, the value in the input becomes undefined",
    "summary_bilingual_indexes": [
      0
    ],
    "description_bilingual_indexes": [
      0,
      1,
      2
    ]
  },
  "160": {
    "summary": "messages Whether support * can be considered to match all dispatch messages",
    "description": " js\nmessages: {\n * : fallbackHandler,\n ping : pingHandler,\n pong : pongHandler\n}\n ",
    "summary_bilingual_indexes": [
      0
    ],
    "description_bilingual_indexes": []
  },
  "161": {
    "summary": "It is better to unify the silent parameters in san and san-router,option.",
    "description": "In the san this.data.set method, the option parameter is identified as silence, while in the san-router, the redirect method is identified as silent",
    "summary_bilingual_indexes": [
      0
    ],
    "description_bilingual_indexes": [
      0
    ]
  },
  "164": {
    "summary": "How to use scoped slot in table cell",
    "description": "When displaying a table, different columns may be different, and we want to be able to customize the content of the table through slots, such as the desired use of the table may be this.\n html\n ui-table datasource= {{datasource}} columns= {{columns}} \n div div \n div slot= email a div \n /ui-table \n \nIdeally, you want to remove the columns= {{columns}} property, but it doesn't seem to be working very well.\n \nSo when implementing this table, because the slot name is dynamic, it can't run normally.\n js\nvar Table = san.defineComponent ({\n template: template \n table width= 100 cellpadding= 0 cellspacing= 0 \n thead \n th s-for= col in th \n thead \n tbody \n tr s-for= row in datasource \n td s-for= col in columns \n slot name= {{col.name}} var-row= row var-col= col \n td \n tr \n tbody \n /table \n /template \n}) \n \nIt works if you change the name= {{col.name}} to a fixed name, like name= cell, but it feels weird to use it.\n html\n ui-table datasource= {{datasource}} columns= {{columns}} \n template slot= cell \n div s-if= col.name name div \n div s-if= col.name email name= email a div \n template \n /ui-table \n \nAnd in this case, the DOM structure generated also has a lot of redundant content, not very friendly.\nI can't think of any better options, send an ISSUE, discuss the discussion.",
    "summary_bilingual_indexes": [
      0
    ],
    "description_bilingual_indexes": [
      0,
      7,
      9,
      28,
      37,
      38
    ]
  },
  "166": {
    "summary": "Adding better syntax error reporting to template",
    "description": "Added to template better grammar error reporting #61\nThe template should comply with this rule regarding tag matching.\nHTML5 does not allow closed tags. Self-closed tags do not force closure, other tags must be closed.\nSelf-closure tags are\n area base br col embed hr \n img input keygen param source track wbr \nThat's what's acceptable for self-closure labels.\n html\n input or input \n \nBut this is not working.\n html\n input /input \n \nFor non-self-closing labels, forced closure.\n html\n li /li or li \n \nThe HTML syntax error prompt optimization includes:\n- [x] property value is not packaged, e.g. input value =\n- [x] start tag not closed e.g. div\n- [x] End tag not closed, e.g. section\n- [x] The end tag contains the attribute div class=\n- [x] Self-contained labels using input\n- [x] start tag and end tag do not match div\nOther grammatical errors are welcome to be added",
    "summary_bilingual_indexes": [
      0
    ],
    "description_bilingual_indexes": [
      0,
      1,
      2,
      3,
      6,
      10,
      14,
      18,
      19,
      20,
      21,
      22,
      23,
      24,
      25
    ]
  },
  "170": {
    "summary": "Fixed two bugs",
    "description": "1. If the list is empty when performing the list transition animation, excessive animation will be ignored, and the instance will directly empty all the DOM elements.\n2. When list animation is executed, the quick repeated triggering of the leave function, the kid is released after the first execution of the leave function, and when the done function is triggered again, a child is thrown out of existence.",
    "summary_bilingual_indexes": [
      0
    ],
    "description_bilingual_indexes": [
      0,
      1
    ]
  },
  "171": {
    "summary": "The default argument is still passed to fun when the event is bound to on- = fun () in the component template",
    "description": " \nvar MyComponent = san.defineComponent ({\n components: {\n ui-label : Label\n },\n template: div ui-label bind-text= name on-foo= foo div ,\n foo: function (arg) {\n console.log (arg) \n arg is event\n },\n bar: function (arg) {\n console.log (arg) \n undefined is expected, but event actually\n }\n}) \n \nThe problem brought in by the #114\n",
    "summary_bilingual_indexes": [
      0
    ],
    "description_bilingual_indexes": [
      16
    ]
  },
  "173": {
    "summary": "[discussion] Should s-ref support the acquisition of DOM nodes?",
    "description": "If you support, sometimes it's easier.",
    "summary_bilingual_indexes": [
      0
    ],
    "description_bilingual_indexes": [
      0
    ]
  },
  "175": {
    "summary": "Why can't the id attribute bind data?",
    "description": "The id attribute may be bound.\nIt is used when input is associated with label\nThe question is:\n1 San Why do we need ids on all elements\n2, why can we specify an id attribute directly to an element, but not bind data to it?\ndiv div, generated after id is foo\ndiv id= {{ foo div , generated id is {{ foo }}",
    "summary_bilingual_indexes": [
      0
    ],
    "description_bilingual_indexes": [
      0,
      1,
      2,
      3,
      4,
      5,
      6
    ]
  },
  "177": {
    "summary": "input box problem with xss injection",
    "description": " [image]/3760804/33821187-dac5938a-de8d-11e7-8e95-4966c18bce03.png\n",
    "summary_bilingual_indexes": [
      0
    ],
    "description_bilingual_indexes": []
  },
  "178": {
    "summary": "Scoped slot Allows access to data on current components",
    "description": "In the context of the discussion in the group, should access to the data of the current component be allowed when using scoped slots?\n js\nconst template = \n ui-table \n div slot= col-a \n {{col.name}} {{name}}\n div \n /ui-table \n \nexport default defineComponent ({\n template,\n initData () {\n return {name: my-comp-name } \n }\n}) \n \nIf not allowed by default, or where applicable, pass it back to div slot=col-a and change it to div slot=col-a var-name= {{name}}",
    "summary_bilingual_indexes": [
      0
    ],
    "description_bilingual_indexes": [
      0,
      16
    ]
  },
  "180": {
    "summary": "Data in the update data in the inited stage is invalid for the binary binding property",
    "description": "It's probably By Design, but it doesn't feel very intuitive.\nThe address is /leeight/pen/ypNmjq",
    "summary_bilingual_indexes": [
      0
    ],
    "description_bilingual_indexes": [
      0,
      1
    ]
  },
  "181": {
    "summary": "Consider opening evalExpr as well",
    "description": "Because now san has san.parseExpr underneath it, and if you open san.evalExpr, it looks like it could be used as an expression evaluator.\n js\nconst scope = ...\nconst expr = san.parseExpr ( a + b ) \nconst value = san.evalExpr (expr, scope) \n ",
    "summary_bilingual_indexes": [
      0
    ],
    "description_bilingual_indexes": [
      0
    ]
  },
  "183": {
    "summary": "Whether the component should be compatible with the commutator when declaring the markup",
    "description": "The problem\nA problem is encountered when manually declaring the component's decoding, and decoding fails if the decoding is preceded by a comma. Although it can be solved by using compression or strip at the back end, this makes the development experience somewhat less friendly.\nExample\n Good Case\n html\n span --s-text:{{name}} - {{email}}-- errorrik - span \n \n Bad Case\n html\n span \n --s-text:{{name}} - {{email}}-- errorrik - s-text-- \n /span \n -- or -- \n span \n --s-text:{{name}} - {{email}}-- \n errorrik - errorrik .com\n s-text-- \n /span \n \nRecurring use cases\n QayEKe",
    "summary_bilingual_indexes": [
      0
    ],
    "description_bilingual_indexes": [
      0,
      1,
      2,
      19
    ]
  },
  "184": {
    "summary": "Uncaught TypeError: Cannot read property firstChild of undefined",
    "description": "The first version is 3.3.1\nThe address is /leeight/pen/rpeOGe",
    "summary_bilingual_indexes": [],
    "description_bilingual_indexes": [
      0,
      1
    ]
  },
  "185": {
    "summary": "The native event parameters do not seem to be passed on",
    "description": "The latest version\nThe address is /leeight/pen/aENrWM",
    "summary_bilingual_indexes": [
      0
    ],
    "description_bilingual_indexes": [
      0,
      1
    ]
  },
  "186": {
    "summary": "Fix 185",
    "description": "RT",
    "summary_bilingual_indexes": [],
    "description_bilingual_indexes": []
  },
  "188": {
    "summary": "The text node seems to be updated with a problem",
    "description": "The address is /leeight/pen/wpWQRQ\nAfter pressing the button, the text repeats itself.",
    "summary_bilingual_indexes": [
      0
    ],
    "description_bilingual_indexes": [
      0,
      1
    ]
  },
  "189": {
    "summary": "The .3.1 demo is a problem",
    "description": "The .3.1 demo is not running.\nThe cdn file /san .3.1/dist/san.dev.js is used normally.\nThe two documents are different, or are they not all development versions?\n(ノへ 、) Shame on you",
    "summary_bilingual_indexes": [
      0
    ],
    "description_bilingual_indexes": [
      0,
      1,
      2,
      3
    ]
  },
  "190": {
    "summary": "Delete data line error when using table scoped slot",
    "description": "The address is /leeight/pen/vpKPqd\nThe second click to delete, it's a mistake.",
    "summary_bilingual_indexes": [
      0
    ],
    "description_bilingual_indexes": [
      0,
      1
    ]
  },
  "191": {
    "summary": "[discussion] Whether data should be initialized for the undefined property value",
    "description": "In general, you wouldn't encounter this problem, such as a common component.\n js\nconst MyComponent = san.defineComponent ({\n template: ... ,\n initData () {\n return {\n foo: 1,\n bar: 2\n } \n }\n}) \n \nThen when using my-comp, if it does not pass any parameters, the default values in data are foo: 1 and bar: 2.\nIf I want to dynamically generate this my-comp component, because I don't know what values are going to be passed in, so when I generate the component template, I put all the properties that appear in the data types, like this.\n js\nconst keys = Object.keys (MyComponent.prototype.dataTypes) \nconst props = keys.map (key = {key}= {{formData. {key}}} ) \nconst template = my-comp {props.join ( )} \n \nThe following code may be generated by following the above logic:\n html\n my-comp\n foo= {{formData.foo}} \n bar= {{formData.bar}} \n/ \n \nIf my formData is {}, then I expect the foo and bar in my-comp to still use it as the default, but obviously their values are undefined.\nIf you want to make it compatible in my-comp, it's a pain in the ass to have to process all the attributes in inited () at once.\n \nSo I was wondering if it's possible to support a configuration where if the attribute value is undefined, then it's not passed to the component.",
    "summary_bilingual_indexes": [
      0
    ],
    "description_bilingual_indexes": [
      0,
      12,
      13,
      19,
      26,
      27,
      29
    ]
  },
  "192": {
    "summary": "Close #191",
    "description": "RT",
    "summary_bilingual_indexes": [],
    "description_bilingual_indexes": []
  },
  "200": {
    "summary": "Can t use data to control input autofocus",
    "description": "Problem 1: In this case, the input will still automatically get the focus.\n js\nvar MyApp = san.defineComponent ({\n template: p input autofocus= {{false}} p ,\n initData: function () {\n return {\n name: San \n } \n }\n}) \nvar myApp = new MyApp () \nmyApp.attach (document.body) \n \nI tried it, and as soon as I added the autofocus attribute, it automatically got the focus, and the value set to false didn't matter.\nWhen writing components, autofocus is a bit tricky. I looked at MDN and found that it's not easy to hack into business.\n autofocus HTML5\n This Boolean attribute lets you specify that a form control should have input focus when the page loads, unless the user overrides it (e.g. by typing in a different control). Only one form element in a document can have the autofocus attribute, which is a Boolean. It cannot be applied if the type attribute is set to hidden (that is, you cannot automatically set focus to a hidden control). Note that the focusing of the control may occur before the firing of the DOMContentLoaded event.\nThe second is recommendations.\nCan this framework level support data to control autofocus behavior?\nAdded\nsan example: ypgBpg\nvue example: xpgKYj\n",
    "summary_bilingual_indexes": [],
    "description_bilingual_indexes": [
      0,
      13,
      14,
      17,
      18,
      19
    ]
  },
  "205": {
    "summary": "Fix: Problem with the double-bonding failure in some iOS browsers",
    "description": "The same problem with the view should be the same problem /vuejs/vue/issues/5387",
    "summary_bilingual_indexes": [
      0
    ],
    "description_bilingual_indexes": [
      0
    ]
  },
  "207": {
    "summary": "Running under IE10 and case reporting error",
    "description": "\n js\npackage.json\n{\n name : todos-esnext ,\n version : 0.0.1 ,\n description : san components todos ,\n author : ecomfe ,\n private : true,\n scripts : {\n dev : node dev-server.js ,\n build : node build.js ,\n test : \n },\n dependencies : {\n babel-runtime : 6.0.0 ,\n san : 3.0.3-rc.10 ,\n san-router : 1.0.1 \n },\n devDependencies : {\n babel-core : 6.0.0 ,\n babel-loader : 6.0.0 ,\n babel-plugin-transform-runtime : 6.0.0 ,\n babel-preset-es2015 : 6.0.0 ,\n babel-preset-stage-2 : 6.0.0 ,\n connect-history-api-fallback : 1.1.0 ,\n css-loader : 0.25.0 ,\n eventsource-polyfill : 0.9.6 ,\n express : 4.13.3 ,\n extract-text-webpack-plugin : 1.0.1 ,\n file-loader : 0.8.4 ,\n html-loader : 0.4.4 ,\n html-webpack-plugin : 2.8.1 ,\n http-proxy-middleware : 0.12.0 ,\n json-loader : 0.5.4 ,\n ora : 0.2.0 ,\n polyfill : 0.1.0 ,\n san-loader : 0.0.6 ,\n shelljs : 0.6.0 ,\n style-loader : 0.13.1 ,\n url-loader : 0.5.7 ,\n webpack : 1.12.2 ,\n webpack-dev-middleware : 1.4.0 ,\n webpack-hot-middleware : 2.6.0 ,\n webpack-merge : 0.8.3 \n }\n}\n \nBabel configuration\n \n.babelrc\n{\n presets : [ es2015 , stage-2 ],\n plugins : [ transform-runtime ],\n comments : false\n}\n \nThe reporting error:\n \nSCRIPT5009: Set the string is undefined\nSpecific error message: it seems that the internal san ES6 did not convert successfully\n// nvar EVENT_PROPERTY_BLACK_LIST = new Set ([ type , target , preventDefault , isDefaultPrevented , stopPropagation , isPropagationStopped , \n \n",
    "summary_bilingual_indexes": [
      0
    ],
    "description_bilingual_indexes": [
      48,
      57,
      59,
      60
    ]
  },
  "208": {
    "summary": "fix #207",
    "description": "Es-next is an example of an ES5 environment that is mainly supported by IE9+.\nSince webpack2 no longer supports ES3, if the replacement packaging tool changes are significant and seem a bit out of the mainstream, considering the case, it is not suitable for IE8",
    "summary_bilingual_indexes": [],
    "description_bilingual_indexes": [
      0,
      1
    ]
  },
  "209": {
    "summary": "Todos esnext update",
    "description": "",
    "summary_bilingual_indexes": [],
    "description_bilingual_indexes": []
  },
  "210": {
    "summary": "Add merge and apply methods to data objects",
    "description": "The test was written in such a way that it felt necessary to test the data separately.\nCurrently, data-related tests are scattered in a relatively large number of places, and some programming errors are not written in a relatively suitable location.\nBTW added comments to Data.prototype.splice.",
    "summary_bilingual_indexes": [
      0
    ],
    "description_bilingual_indexes": [
      0,
      1,
      2
    ]
  },
  "212": {
    "summary": "refactor: optimizing merge and apply",
    "description": "",
    "summary_bilingual_indexes": [
      0
    ],
    "description_bilingual_indexes": []
  },
  "213": {
    "summary": "fix error when using space around attribute s = operator",
    "description": "fix a bug, which occurred when using space around attribute s = operator, change the regexp, add space detect: var attrReg = ig ",
    "summary_bilingual_indexes": [],
    "description_bilingual_indexes": []
  },
  "215": {
    "summary": "Optimized volume",
    "description": "The size of the following san refers to the spa version uglifyjs+gzip size\nThe original size of the san was less than 10k, but with the increasing number of features and some performance optimization points, it has exceeded 13k in 3.4.0.\nWhile we're doing our best to improve the development process, we believe there are still areas to improve.\nThis issue is open for a long time until the size is less than 12k",
    "summary_bilingual_indexes": [
      0
    ],
    "description_bilingual_indexes": [
      0,
      1,
      2,
      3
    ]
  },
  "217": {
    "summary": "remove fn.toString () in reg",
    "description": "Remove the fn.toString ()",
    "summary_bilingual_indexes": [],
    "description_bilingual_indexes": [
      0
    ]
  },
  "218": {
    "summary": "How to bind data to attribute name",
    "description": "For example,\n \n template: div div ,\n initData () {\n return {\n attrName: disable \n } \n },\n \nExpected rendering\n \n div div \n \nBut it's actually rendered\n \n div div \n \n",
    "summary_bilingual_indexes": [
      0
    ],
    "description_bilingual_indexes": [
      0,
      9,
      13
    ]
  },
  "219": {
    "summary": "Close #191",
    "description": "RT",
    "summary_bilingual_indexes": [],
    "description_bilingual_indexes": []
  },
  "220": {
    "summary": "refactor ssr test",
    "description": "",
    "summary_bilingual_indexes": [],
    "description_bilingual_indexes": []
  },
  "222": {
    "summary": "filter may result in incorrect view refresh",
    "description": "The first version is 3.4.1.\nThe address is /leeight/pen/dJgWoy\nInitial state checked ICON: bindx\nStep 1: Click Switch 2 and then Switch 1 to see if the icon is ICON:Bindx checked.\nIf you remove the filter from {{typeDef.name noop}}, it's OK to change it to {{typeDef.name}}.",
    "summary_bilingual_indexes": [
      0
    ],
    "description_bilingual_indexes": [
      0,
      1,
      2,
      3,
      4
    ]
  },
  "226": {
    "summary": "Two-way bound form items do not respond to the character deletion operation in IE9 only",
    "description": "The environment\n- Windows 10 system\n- IE11 browser is an IE9 simulation\nThe description\nWhen the two-way bound input performs the deleting action, the view is not updated. This problem is only visible in IE9.\nRecurring use cases\n/Dafrok/pen/BYaoBY",
    "summary_bilingual_indexes": [
      0
    ],
    "description_bilingual_indexes": [
      0,
      1,
      2,
      3,
      4,
      5
    ]
  },
  "228": {
    "summary": "fix #226",
    "description": "",
    "summary_bilingual_indexes": [],
    "description_bilingual_indexes": []
  },
  "231": {
    "summary": "Add ts type definations",
    "description": "",
    "summary_bilingual_indexes": [],
    "description_bilingual_indexes": []
  },
  "232": {
    "summary": "add typings file test",
    "description": "",
    "summary_bilingual_indexes": [],
    "description_bilingual_indexes": []
  },
  "233": {
    "summary": "Change options.data type from object to Partial T and some other updates",
    "description": "",
    "summary_bilingual_indexes": [],
    "description_bilingual_indexes": []
  },
  "234": {
    "summary": "fix export methods",
    "description": "",
    "summary_bilingual_indexes": [],
    "description_bilingual_indexes": []
  },
  "235": {
    "summary": "Please make the binding symbol changeable",
    "description": "For the parenthesis conflict problem, Vue can customize the binding symbols, which can be { var }, {* var *}, etc. Would you consider enabling this feature as well?\n JavaScript\n//Vue \n Vue.config.delimiters = [ { , } ] \n var app= new Vue ({\n delimiters: [ { , } ],\n el: #app ,\n data:{\n//San \nfunction parseText (source) {\n var exprStartReg = ig \n \nCan't enable a custom feature",
    "summary_bilingual_indexes": [
      0
    ],
    "description_bilingual_indexes": [
      0,
      12
    ]
  },
  "236": {
    "summary": "Add getComponentType for san.Component",
    "description": "Close #229",
    "summary_bilingual_indexes": [],
    "description_bilingual_indexes": []
  },
  "238": {
    "summary": "The problem of ie8-9",
    "description": "In IE8-9, drag-down options are rendered with s-for in the select tag, and when the data changes, the drag-down options do not change.",
    "summary_bilingual_indexes": [
      0
    ],
    "description_bilingual_indexes": [
      0
    ]
  },
  "239": {
    "summary": "draggable=true will be parsed as draggable",
    "description": " \n div draggable= true draggable div \n \nExpected to be solved\n \n div draggable= true draggable div \n \nThe actual generated dom is\n \n div draggable draggable div \n \nSo, you can't drag it, so ask yourself how to write it to make it dragable.",
    "summary_bilingual_indexes": [
      0
    ],
    "description_bilingual_indexes": [
      3,
      7,
      11
    ]
  },
  "242": {
    "summary": "Clean the properties in the DOM node",
    "description": "For example,\n js\nconst Radiobox = san.defineComponent ({\n template: input type= radio ee= {{ee}} name= {{name}} ,\n \n initData () {\n return {} \n }\n}) \n \nWhen used, if the template is written as radiobox, the generated DOM node is\n html\n input type= radio ee name class style id= _san_ae262 \n \nBut I feel the code below is more appropriate.\n html\n input type= radio id= _san_ae262 \n ",
    "summary_bilingual_indexes": [
      0
    ],
    "description_bilingual_indexes": [
      0,
      10,
      14
    ]
  },
  "243": {
    "summary": "In some cases, events are sent twice when binding events with native modifiers.",
    "description": "[Codepen]/pzh_667/pen/oEJaoz\n \nconst Checkbox = san.defineComponent ({\n template: input type= checkbox on-change= onChange ,\n onChange () {\n console.log ( from child ) \n this.fire ( change ) \n }\n}) \nconst MyApp = san.defineComponent ({\n template: div label checkbox checkbox Click me and see div ,\n components: {\n checkbox : Checkbox\n },\n \n onNativeChange () {\n console.log ( from parent ) \n }\n}) \nconst myApp = new MyApp () \nmyApp.attach (document.body) \n \nWhen binding custom events to the child with native modifiers in the parent component, custom events in the parent component are sent twice if the child has a native event with the same name.\n",
    "summary_bilingual_indexes": [
      0
    ],
    "description_bilingual_indexes": [
      22
    ]
  },
  "245": {
    "summary": "Fixed two bugs",
    "description": "I'm not sure what the problem is with the rebase, but I'm not sure what the problem is with the rebase.",
    "summary_bilingual_indexes": [
      0
    ],
    "description_bilingual_indexes": [
      0
    ]
  },
  "246": {
    "summary": "fix sorts of definition problems",
    "description": "",
    "summary_bilingual_indexes": [],
    "description_bilingual_indexes": []
  },
  "249": {
    "summary": "Fix filter call issue",
    "description": "RT",
    "summary_bilingual_indexes": [],
    "description_bilingual_indexes": []
  },
  "251": {
    "summary": "Uncaught TypeError: this.children[0]._getEl is not a function",
    "description": "The first snapshot, the simple reenactment, needs to be positioned.\n [image]/104052/37748347-762ab5ce-2dbe-11e8-9128-b137ff80bb8c.png\n",
    "summary_bilingual_indexes": [],
    "description_bilingual_indexes": [
      0
    ]
  },
  "256": {
    "summary": "TypeError: Cannot read property hotspot of undefined",
    "description": " [image]/104052/38068309-1a60c7d0-3343-11e8-8a0b-5cb0972fe49a.png\nThe possible problem is that the ui-textbox value= {=name=} title= task name required= true, changed to ui-textbox value= {=name=} title= task name required= {{true}} disappears after the problem.",
    "summary_bilingual_indexes": [],
    "description_bilingual_indexes": [
      1
    ]
  },
  "260": {
    "summary": "When four operations are performed in the template's insert value, the result of not adding spaces between the operator and the number is NaN.",
    "description": "/pzh_667/pen/rdKbxz",
    "summary_bilingual_indexes": [
      0
    ],
    "description_bilingual_indexes": []
  },
  "266": {
    "summary": " null tag on the DOM Tree",
    "description": "RT\n /leeight/pen/YageyV ",
    "summary_bilingual_indexes": [],
    "description_bilingual_indexes": []
  },
  "268": {
    "summary": "3.5.3 - 3.5.4 pre Labelling changes in behaviour",
    "description": "3.5.3 : JLzBGM\n [image]/7701575/38615694-28c6fc46-3dc4-11e8-8fdf-6d29005b4e8e.png\n3.5.4 : JLzZQr\n [image]/7701575/38615716-3a262bba-3dc4-11e8-814b-1a6c93e1bbb7.png\n",
    "summary_bilingual_indexes": [
      0
    ],
    "description_bilingual_indexes": []
  },
  "270": {
    "summary": "Recommendations on the s-elif directive",
    "description": "The most common way to judge a sentence is by its conditioning, which is if...elseif...else.\nThe word \"san\" is s-if...s-else, and the word \"san\" is s-if...s-else.\nThe same is true for the other two, which are not the same as the first, but rather the second, which is the same as the first.\nBut elseif the corresponding becomes s-elif, hopefully returning to s-elseif.\n1. It is very easy for the newly entered *san* classmates to accept and integrate.\n2. The semantic completeness of the word is clearer with s-elseif, while s-elif is short, but the syntax is not very good, and some abbreviations are easy to cause confusion.\nThe article ends with the following:\nSimilarly to the above 2 points, it is also hoped that other syntax and instructions will also adopt a semantic completeness, expressing clear instructions words.",
    "summary_bilingual_indexes": [
      0
    ],
    "description_bilingual_indexes": [
      0,
      1,
      2,
      3,
      4,
      5,
      6,
      7
    ]
  },
  "273": {
    "summary": "The rendering of the svg tag lost the class attribute",
    "description": "RT,[codepen]/asd123freedom/pen/MVNpob, the problem was introduced in 3.5.4, 3.5.5 is still present, 3.5.3 is not a problem.",
    "summary_bilingual_indexes": [
      0
    ],
    "description_bilingual_indexes": [
      0
    ]
  },
  "274": {
    "summary": "reverse data bind to first comment node, not first child, of el.",
    "description": "supporting this:\n \n div id=root \n --s-data:{\n name: San Reverse \n }-- \nYou are welcome, San.\n /div \n \nnot only this:\n \n div id=root --s-data:{\n name: San Reverse \n }-- \nYou are welcome, San.\n /div \n ",
    "summary_bilingual_indexes": [],
    "description_bilingual_indexes": [
      6,
      14
    ]
  },
  "276": {
    "summary": "Some HTML transition characters in the template cannot be output correctly",
    "description": "The following is a list of the current versions of the software:\n img width= 338 alt= 6042ab493144cf09017e63b63e2041ac 39063101-53c84654-44fc-11e8-95b9-423e7637bd75.png \n img width= 129 alt= 93327d4448b0616c0e66564142a7b6f4 39063109-58462ffc-44fc-11e8-8758-b76c72dbf3d1.png \n/pzh_667/pen/KRpoGy\nThe following is a list of the most commonly used terms.\nAccording to parse-text.js, for volume reasons, decode HTML only supports partial transition characters, and using dom parsing may cause performance issues.",
    "summary_bilingual_indexes": [
      0
    ],
    "description_bilingual_indexes": [
      0,
      4,
      5
    ]
  },
  "278": {
    "summary": "Whether this.data.splice is considered to support negative values",
    "description": "The current splice method does not support negative values, while Array.prototype.splice does.\n/baidu/san/blob/master/src/runtime/data.js\nSupporting negative values can make it easier to implement the need to add more data at the bottom of the list, for example, by entering -1 directly, eliminating the need to obtain length.",
    "summary_bilingual_indexes": [
      0
    ],
    "description_bilingual_indexes": [
      0,
      2
    ]
  },
  "288": {
    "summary": "transition should not be used as a special member of a component",
    "description": "The problem\nThe transition controller behaves differently when used as a component root element and when used as a sub element or component.\nThe s-transition instruction, which is defined on the root node, is invalid, and if the root node is to be automated, a member named transition should be declared when defining the component. I think that the transition controller should be able to act directly on any element by the instruction, and not do this by rotating a special member over the root element.\n Expect\n html\n template \n p p \n /template \n script \nexport default {\n controller: {enter, leave}\n}\n /script \n \n Actual\n html\n template \n p SB /p \n /template \n script \nexport default {\n transition: {enter, leave}\n}\n /script \n \n",
    "summary_bilingual_indexes": [
      0
    ],
    "description_bilingual_indexes": [
      0,
      1,
      2
    ]
  },
  "289": {
    "summary": "Injected and created are inconsistent in the treatment of arrays",
    "description": "This is the correct code.\n [image]/12373328/39664872-06148b12-50bd-11e8-87a4-22432f7fe75c.png\nThe problem is =  If we say inited is created, the number of li is 6 a, b, c, a, b, c",
    "summary_bilingual_indexes": [
      0
    ],
    "description_bilingual_indexes": [
      0,
      2
    ]
  },
  "293": {
    "summary": "Modified readNumber digitization",
    "description": "I've changed some comments by the way.",
    "summary_bilingual_indexes": [
      0
    ],
    "description_bilingual_indexes": [
      0
    ]
  },
  "295": {
    "summary": "Maintain attribute data and transmit information on changes",
    "description": "The for-node method does a lot of optimization on the type splice of the array type, but the data is passed directly through the component property using the set method, which leads to missing information. For-node optimization is ineffective.",
    "summary_bilingual_indexes": [
      0
    ],
    "description_bilingual_indexes": [
      0
    ]
  },
  "299": {
    "summary": "Support for s-bind on a specific scoped slot",
    "description": "rt",
    "summary_bilingual_indexes": [
      0
    ],
    "description_bilingual_indexes": []
  },
  "304": {
    "summary": "pkg: fix npm run test:coverage cannot run pretest hook bug",
    "description": "- [ ] LGTM\n- Fixed issue of running npm run test:coverage directly failed to trigger pretest jack\n- Delete the redundant scripts code",
    "summary_bilingual_indexes": [],
    "description_bilingual_indexes": [
      1,
      2
    ]
  },
  "308": {
    "summary": "ci: circle.ci approve",
    "description": "- [ ] LGTM\n- Fixed circle.ci not running\n- Upgrading the circle.ci config file to 2.0 and 1.0 will stop in August\n- Added a repo token to coveralls.io san\n- Added configuration for Travis.ci",
    "summary_bilingual_indexes": [],
    "description_bilingual_indexes": [
      1,
      2,
      3,
      4
    ]
  },
  "310": {
    "summary": "Problems with dynamic binding type",
    "description": "input static type binding data that can achieve the effect in start radio\nI want to bind the data by parsing json\n{ index:0, type: radio , list: , title: weather is fine , checked: 0 },\nThe breakdown is\n input type= {{item.type}} value= {{cindex}} checked= {= item.checked =} {{content}}\nThe result of binding is not a value of 0 1 2 and it's all true.\nI can't upload pictures and write in a book\n/p/22121531b599",
    "summary_bilingual_indexes": [
      0
    ],
    "description_bilingual_indexes": [
      0,
      1,
      2,
      3,
      5,
      6
    ]
  },
  "313": {
    "summary": "fix:path",
    "description": "",
    "summary_bilingual_indexes": [],
    "description_bilingual_indexes": []
  },
  "315": {
    "summary": "ci: add circle branch",
    "description": "- Add the master branch to the ci branch",
    "summary_bilingual_indexes": [],
    "description_bilingual_indexes": [
      0
    ]
  },
  "316": {
    "summary": "add drei link in compannions",
    "description": "",
    "summary_bilingual_indexes": [],
    "description_bilingual_indexes": []
  },
  "323": {
    "summary": "fix 321",
    "description": "",
    "summary_bilingual_indexes": [],
    "description_bilingual_indexes": []
  },
  "324": {
    "summary": "Handling situations where the svg may contain a large-scale label",
    "description": "fix#321 also handled other situations in svg that might contain capitalized tags",
    "summary_bilingual_indexes": [
      0
    ],
    "description_bilingual_indexes": [
      0
    ]
  },
  "327": {
    "summary": " givenANode undefined",
    "description": " javascript\nconst A = defineComponent ({template: div })\nconst B = defineComponent ({\n template: div ,\n attached () {\n const rnv = new A () \n rnv.attach (document.body)\n this.children.push (rnv) \nThis is a mistake.\n this.data.set ( a , {}) \n }\n}) \n ",
    "summary_bilingual_indexes": [],
    "description_bilingual_indexes": [
      8
    ]
  },
  "329": {
    "summary": "When rendering the template s-for list, the view is no longer updated after the item is replaced by the array[index] method, which detects the set of data that passes through.",
    "description": "The following is a list of all the different ways /ytyeie/pen/zLyapp is credited in the database.",
    "summary_bilingual_indexes": [
      0
    ],
    "description_bilingual_indexes": [
      0
    ]
  },
  "330": {
    "summary": "The construction of regular objects in parser-text may have an impact on performance",
    "description": "After the introduction of the support for custom delimiter in version 3.4, each time the parseText function is called, it executes a new norm object, while parseText is a more frequent function, and multiple calls can affect performance. In the real-world, we have found that in the chrome environment, when templates are more complex, there is a noticeable carton of constructions of san components. One of the reasons for this finding is that parseText is super-executable in multiple calls because new norm objects are generated every time, consuming energy.\nTherefore, it is recommended that san can optimize this, caching rules like parseText, to reduce potential performance losses.\n",
    "summary_bilingual_indexes": [
      0
    ],
    "description_bilingual_indexes": [
      0,
      1
    ]
  },
  "335": {
    "summary": "When an expression is used in an index in data binding, changes in the index variable do not update the view",
    "description": "For example, setData changes the value of cur, and the view does not update.\n \n DOCTYPE html \n html \n head \n meta charset= utf-8 \n title start - title \n /head \n body \n script script \n script \n var MyApp = san.defineComponent ({\n template: div div div ,\n initData: function () {\n return {\n obj: {\n persons: [\n {\n name: yican ,\n age: 18\n },\n {\n name: hy ,\n age: 19\n },\n {\n name: zqz ,\n age: 20\n }\n ]\n },\n cur: 1\n \n } \n },\n attached: function () {\n console.log ( yican-attached-data: , this.data.get ()) \n },\n funcData: function () {\n this.data.set ( cur , 2) \n console.log ( yican-data-get: , this.data.get ()) \n }\n }) \n var myApp = new MyApp () \n myApp.attach (document.body) \n script \n /body \n /html \n ",
    "summary_bilingual_indexes": [
      0
    ],
    "description_bilingual_indexes": [
      0
    ]
  },
  "337": {
    "summary": "comments: separate - and numbers charCode",
    "description": "",
    "summary_bilingual_indexes": [],
    "description_bilingual_indexes": []
  },
  "338": {
    "summary": "disabled property will not be rendered to the DOM",
    "description": "In the template for San\n \n div disabled div \n \nThe last thing I want to do is to get it on the DOM.\n div div ",
    "summary_bilingual_indexes": [
      0
    ],
    "description_bilingual_indexes": [
      0,
      4
    ]
  },
  "339": {
    "summary": "[feature request] Asymmetrical components",
    "description": "The current situation\nSan does not currently support asynchronous components, which is a burden for the business, which emphasizes first screen performance.\nThe current compile process, when encountering components, requires that the components object contained must be san-Component, which has some effect.\nSome components do not require the first screen to load Dialog components, and some components render Tab components only when needed, etc. These components do not render immediately and drag the performance of the first screen of the application.\n1. The first screen may require downloading unwanted js files, which may contain other dependencies such as punctuation, CSS resources, etc. that affect network performance\n2. san framework takes some time to compile templates and generate component instances and even generate dom, even if it is not needed, which affects loading time\nDynamic components can be a bit of a relief, but it's completely detached from the component tree after attachment, with no data binding, event binding, dispatch, etc. This may not be the result we want.\nExpected behavior\nThe developer defines the component as a factory function, san internal asynchronous component class.\nSimple examples\n js\n// App.js\n...\ncomponents: {\n san-dialog :function (resolve,reject) {\n setTimeout (function () {\nDefinition of the component to be passed back to resolve\n resolve ({\n template: div I am div \n })\n }, 1000)\n }\n}\n...\n \nAs shown above\nIt's a lot easier to do that with webpack code-splitting.\n js\n// App.js\n...\ncomponents: {\n san-dialog : () = async-compt.js )\n}\n...\n \n",
    "summary_bilingual_indexes": [
      0
    ],
    "description_bilingual_indexes": [
      0,
      1,
      2,
      3,
      4,
      5,
      6,
      7,
      8,
      9,
      16,
      25,
      26
    ]
  },
  "340": {
    "summary": "Initial dynamic rendering elements like button, select and others are not compatible with IE8",
    "description": "el[propName] = value IE8 is not compatible\n [image]/4495830/45140301-e7896080-b1e4-11e8-885c-74a310afc6a1.png\n",
    "summary_bilingual_indexes": [
      0
    ],
    "description_bilingual_indexes": [
      0
    ]
  },
  "341": {
    "summary": "fix: #340",
    "description": "",
    "summary_bilingual_indexes": [],
    "description_bilingual_indexes": []
  },
  "343": {
    "summary": "Template s-if switch bug",
    "description": " \nvar MyApp = san.defineComponent ({\n template: p on-click= switch Hello {{name}} \n template template template template \n p ,\n initData: function () {\n return {\n flag: false\n } \n },\n switch: function () {\n this.data.set ( flag , this.data.get ( flag ))\n }\n}) \nvar myApp = new MyApp () \nmyApp.attach (document.body) \n \nClicking on the flag status does not change the template, but becomes a merge\n [image]/4221606/45477186-92fd5c80-b773-11e8-988e-f2368946d901.png\n",
    "summary_bilingual_indexes": [
      0
    ],
    "description_bilingual_indexes": [
      17
    ]
  },
  "346": {
    "summary": "refactor: remove useless if",
    "description": "remove this.owner check since it has already checked before function call.",
    "summary_bilingual_indexes": [],
    "description_bilingual_indexes": []
  },
  "349": {
    "summary": "chore: change enum to const value",
    "description": "The three types of enumeration used to build the files in the post-dist directory\n- ExprType\n- NodeType\n- DataChangeType\nWhen constructing, convert to font size constant, thereby reducing the volume of gzip postcode.\nSan.min.js reduced by 129 bytes 15558 15429\nSan.spa.modern.min.js reduced by 107 bytes 14372 14265",
    "summary_bilingual_indexes": [],
    "description_bilingual_indexes": [
      0,
      4,
      5,
      6
    ]
  },
  "351": {
    "summary": "ie8 loading and error reporting",
    "description": "Details of the error page\nThe user agent is 4.0 (compatible MSIE 8.0 Windows NT 6.1 WOW64 4.0 SLCC2 .NET CLR 2.0.50727 .NET CLR 3.5.30729 .NET CLR 3.0.30729 Media Center PC 6.0 .NET4.0C .NET4.0E) and is used to create the user interface for the user.\nThe time is Wednesday, 26 Sep 2018 03:44:38 UTC\nMessage: value is empty or not an object\nLine: 8173\nCharacter: 21\nCode: 0\nURI: san.dev.js\n",
    "summary_bilingual_indexes": [
      0
    ],
    "description_bilingual_indexes": [
      0,
      1,
      2,
      3,
      4,
      5,
      6
    ]
  },
  "356": {
    "summary": "refactor: use me only when is necessary.",
    "description": "",
    "summary_bilingual_indexes": [],
    "description_bilingual_indexes": []
  },
  "357": {
    "summary": "refatcor: reuse function",
    "description": "",
    "summary_bilingual_indexes": [],
    "description_bilingual_indexes": []
  },
  "358": {
    "summary": "fixed extension",
    "description": "",
    "summary_bilingual_indexes": [],
    "description_bilingual_indexes": []
  },
  "359": {
    "summary": "refactor: remove property and method since unused.",
    "description": "- TextNode's _prev doesn't seem to be used\n- ForNode's detach method appears not to have been dropped, and ForNode has no ToPhase method, no lifeCycle property",
    "summary_bilingual_indexes": [],
    "description_bilingual_indexes": [
      0,
      1
    ]
  },
  "361": {
    "summary": "Updating the array by the set data path, not rendered in the s-for loop",
    "description": "Code example\n/ytyeie/pen/ReZKGR\nAs the code shows, the set operation is used to add an array item through the data path, which is obtained in the data, and is not cycled normally in the s-for loop.\n",
    "summary_bilingual_indexes": [
      0
    ],
    "description_bilingual_indexes": [
      0,
      2
    ]
  },
  "364": {
    "summary": "The problem with parse",
    "description": "san.parseTemplate ( o )",
    "summary_bilingual_indexes": [
      0
    ],
    "description_bilingual_indexes": []
  },
  "365": {
    "summary": "When the key value of the key-value pair cannot be determined in a bidirectional bound expression, the key value is replaced by a square bracket, but the value in the square bracket is not computed.",
    "description": "In a form submission scenario, the form item is generated by an array loop, with the form item finally binarily bound to a Map submitted to the back end\n \n form \n input value= {=map[item.title]=} s-for= item in \n /form \n \nThis is when it turns out that the map does not bind the corresponding value\n[codepen address of the simple restore scene]/asd123freedom/pen/ePLQWb\nThe current version is 3.6.13",
    "summary_bilingual_indexes": [
      0
    ],
    "description_bilingual_indexes": [
      0,
      6,
      7,
      8
    ]
  },
  "366": {
    "summary": "When computing the attribute initialization, as long as the get attribute is executed, the attribute will be executed once, causing a waste of resources",
    "description": "Initialization, an attribute is executed once as soon as it is get",
    "summary_bilingual_indexes": [
      0
    ],
    "description_bilingual_indexes": [
      0
    ]
  },
  "367": {
    "summary": "Added a warning to cover the Component prototype",
    "description": "No direct throw error is due to some developers repackaging, such as yubei, and the project breaks down after the update",
    "summary_bilingual_indexes": [
      0
    ],
    "description_bilingual_indexes": [
      0
    ]
  },
  "368": {
    "summary": "The following is a summary of a warning method.",
    "description": "San's warning will fallback to throw Error in the absence of console.warn, thus directly skipping the call stack, and the original console.warn behavior may cause unnecessary trouble, so throw out a layer of setTimeout.\nThen I found three other places that used this logic, and there was too much code repeating, so I wrapped it up.",
    "summary_bilingual_indexes": [
      0
    ],
    "description_bilingual_indexes": [
      0,
      1
    ]
  },
  "373": {
    "summary": "build: Sourcemap added",
    "description": "add sourcemap for dist files (except the compress file).",
    "summary_bilingual_indexes": [],
    "description_bilingual_indexes": []
  },
  "374": {
    "summary": "ci: show coverage for original non transpiled code ",
    "description": "change coverage from san.dev.js to *.js \n [image]/5475069/49444639-b7b11f80-f80a-11e8-9e52-fef3d3f8aaf6.png\n",
    "summary_bilingual_indexes": [],
    "description_bilingual_indexes": []
  },
  "378": {
    "summary": "IE7 checkbox Set the initial data in initData, no state selected",
    "description": " label input type= checkbox value= errorrik checked= {= online label \nThe new build component is set to initData if:\n \ninitData () {\n return {\n online: [ online ]\n }\n}\n \nThe checkbox that comes out will not have a selected status in IE7.\nBut after setting online to [] at first, and then attaching the component, set the value online to data.set, and the state is normal.",
    "summary_bilingual_indexes": [
      0
    ],
    "description_bilingual_indexes": [
      1,
      9,
      10
    ]
  },
  "379": {
    "summary": "ci: add Appveyor build update some changes for win platform",
    "description": "- add appveyor ci for win platform\n- fix some win platform compatible bugs",
    "summary_bilingual_indexes": [],
    "description_bilingual_indexes": []
  },
  "380": {
    "summary": "ci: fix appveyor chrome checksums bug",
    "description": "fix chrome checksums bug\n [image]/5475069/49913314-2dcb1b80-fec8-11e8-9766-6ddd75ad10ff.png\n",
    "summary_bilingual_indexes": [],
    "description_bilingual_indexes": []
  }
}