{
  "52": {
    "summary": "Fixed write conflicts in mdb files in HOTFIX_DEBUG_SYMBOL mode",
    "description": "The mdb write conflict is due to the fact that when HotfixInject is called, the mdb file is read first but not released, which can be resolved by releasing it before return.\nIn order to make it convenient for users to pack, it is suggested that in places like this # if HOTFIX_ENABLE can be changed to # if HOTFIX_ENABLE UNITY_EDITOR",
    "summary_bilingual_indexes": [
      0
    ],
    "description_bilingual_indexes": [
      0,
      1
    ],
    "summary_multi_trans": [
      [
        "Fixed write conflicts in mdb files in the HOTFIX_DEBUG_SYMBOL mode",
        "Fixed MDB file writing conflict in HOTFIX_DEBUG_SYMBOL mode",
        "Fix mdb file writing conflict in HOTFIX_DEBUG_SYMBOL mode",
        "Fixed write conflicts in mdb files in HOTFIX_DEBUG_SYMBOL mode"
      ]
    ],
    "description_multi_trans": [
      [
        "The mdb write conflict is caused by the HotfixInject calling, which read the mdb file first, but did not release it, and releasing it before returning solves the problem.",
        "The mdb writing conflict is due to the first read of the mdb file when calling HotfixInject, but it is not released, and it can be solved by releasing it before returning.",
        "The mdb write conflict is due to the fact that when calling HotfixInject, the mdb file is read first but not released. This problem can be solved by releasing it before return.",
        "The mdb write conflict is due to the fact that when HotfixInject is called, the mdb file is read first but not released, which can be resolved by releasing it before return."
      ],
      [
        "Another user-friendly package suggests that a similar place like #if HOTFIX_ENABLE can be changed to #if HOTFIX_ENABLE UNITY_EDITOR.",
        "In order to facilitate user packaging, we recommend that a similar place #if HOTFIX_ENABLE can be changed to #if HOTFIX_ENABLE UNITY_EDITOR.",
        "For the convenience of users in packaging, it is recommended that places like #if HOTFIX_ENABLE can be changed to #if HOTFIX_ENABLE UNITY_EDITOR",
        "In order to make it convenient for users to pack, it is suggested that in places like this # if HOTFIX_ENABLE can be changed to # if HOTFIX_ENABLE UNITY_EDITOR"
      ]
    ],
    "biterm": [
      "conflictwrite filemdb conflictfile modesymbol debugmode hotfixsymbol debugsymbol conflictmode debugfile filewrite conflictwrite hotfixwrite filefix debugfix",
      "conflictwrite filemdb problemsolv enablhotfix editoruniti enablhotfix"
    ]
  },
  "66": {
    "summary": "fix Unity5.5 runInEditMode",
    "description": "fix Unity5.5 runInEditMode",
    "summary_bilingual_indexes": [],
    "description_bilingual_indexes": [],
    "summary_multi_trans": [],
    "description_multi_trans": [],
    "biterm": [
      "run edit modeuniti fixrun edit mode",
      "run edit modeuniti fixrun edit mode"
    ]
  },
  "70": {
    "summary": "Filter the Obsolute field of an enumeration",
    "description": "When compiling the Android platform, it will report a compilation error similar to the following. The Editor can compile normally. \nAssets/XLua/Gen/EnumWrap.cs (149,106): error CS0117: UnityEngine.RuntimePlatform does not contain a definition for BB10Player \nTest Environment Unity 5.4.3f1\nBlock Obsolute fields in code generation templates",
    "summary_bilingual_indexes": [
      0
    ],
    "description_bilingual_indexes": [
      0,
      2,
      3
    ],
    "summary_multi_trans": [
      [
        "Filter list of Absolute fields",
        "Filter out obsolute fields.",
        "Filter the Obsolute field of an enumeration",
        "Filter the Obsolute field of an enumeration"
      ]
    ],
    "description_multi_trans": [
      [
        "When compiling for Android platforms, you will receive a compilation error like the one below, which can be compiled normally in the Editor.",
        "When compiling Android platform will report similar to the following compilation error in the Editor can compile properly",
        "When compiling the Android platform, a compilation error similar to the following will be reported. It can be compiled normally in the Editor.",
        "When compiling the Android platform, it will report a compilation error similar to the following. The Editor can compile normally. "
      ],
      [
        "Testing environment Unity 5.4.3f1",
        "Testing Environment Unity 5.4.3f1",
        "Test environment Unity 5.4.3f1",
        "Test Environment Unity 5.4.3f1"
      ],
      [
        "Blocking fields for Absolute in the code generated model",
        "Block Obsolute fields in the code-generated template.",
        "Mask the Obsolute field in the code generation template",
        "Block Obsolute fields in code generation templates"
      ]
    ],
    "biterm": [
      "filterlist absolutfield fieldlist fieldfilter fieldfilter enumerfield",
      "compilplatform errorsimilar"
    ]
  },
  "74": {
    "summary": "Some fixes, see commit message for details",
    "description": "1. Fixed compilation failure caused by empty parameter name when generating proxy class in some cases\ntwo。 Fixed an error when importing a class with a custom attribute named Item [] this generated Item property has parameters, which distinguishes it\n",
    "summary_bilingual_indexes": [
      0
    ],
    "description_bilingual_indexes": [
      0,
      1
    ],
    "summary_multi_trans": [
      [
        "Some fixes, see commit message",
        "Some corrections, see commit message.",
        "Some fixes, see commit message for details",
        "Some fixes, see commit message for details"
      ]
    ],
    "description_multi_trans": [
      [
        "1. Fixed some cases of compilation failure caused by parameter names being empty when generating an agent class",
        "When fixing certain situations generates an agent class, the parameter named empty causes compilation failure",
        "1. Fixed compilation failure caused by empty parameter name when generating proxy class in some cases.",
        "1. Fixed compilation failure caused by empty parameter name when generating proxy class in some cases"
      ],
      [
        "Fixed a class timestamp error in importing a custom property named Item this[] that generates an item property with parameters, based on this distinction.",
        "Fix the problem of importing a class timeline error with a custom property known as Item this [] this generated Item property has a parameter, based on this distinction",
        "2. Fixed an error when importing a class with a custom attribute named Item. The generated Item attribute of this[] has parameters, which can be distinguished by this.",
        "two。 Fixed an error when importing a class with a custom attribute named Item [] this generated Item property has parameters, which distinguishes it"
      ]
    ],
    "biterm": [
      "",
      "compilfailur fixproblem"
    ]
  },
  "96": {
    "summary": "Increase support for some methods and extension methods with generic constraints",
    "description": "Related [issue91] / Tencent/xLua/pull/91\nThe example is under XLua/Examples/09_GenericMethod",
    "summary_bilingual_indexes": [
      0
    ],
    "description_bilingual_indexes": [
      0,
      1
    ],
    "summary_multi_trans": [
      [
        "Increased support for partly generalized constraints, and extended methods",
        "Increased support for some methods with generic constraints and extended methods",
        "Add support for some methods and extension methods with generic constraints",
        "Increase support for some methods and extension methods with generic constraints"
      ]
    ],
    "description_multi_trans": [
      [
        "Related [issue 91]/Tencent/xLua/pull/91",
        "Related [issue91]/Tencent/xLua/pull/91",
        "Related [issue91]/Tencent/xLua/pull/91",
        "Related [issue91] / Tencent/xLua/pull/91"
      ],
      [
        "Example is under XLua/Examples/09_GenericMethod",
        "Examples in XLua/Examples/09_GenericMethod",
        "Examples are under XLua/Examples/09_GenericMethod",
        "The example is under XLua/Examples/09_GenericMethod"
      ]
    ],
    "biterm": [
      "increassupport constraintgeneral constraintsupport extendsupport extendmethod increassupport",
      ""
    ]
  },
  "99": {
    "summary": "Fixed the problem of generating compilation errors caused by extension methods with generics",
    "description": "Fixed an issue like NGUITools.AddMissingComponent T (this GameObject) where T:Component that caused code generation to compile.",
    "summary_bilingual_indexes": [
      0
    ],
    "description_bilingual_indexes": [
      0
    ],
    "summary_multi_trans": [
      [
        "Fixed the compilation error compensation problem with the generalized extension method",
        "Fixing an extension method with a pan-type resulting in a compilation report error",
        "Fixed an issue where extension methods with generics resulted in compilation errors.",
        "Fixed the problem of generating compilation errors caused by extension methods with generics"
      ]
    ],
    "description_multi_trans": [
      [
        "Fixed similar to NGUITools.AddMissingComponent T (this GameObject) where T:Component causes code generation to be overcompiled",
        "Fix similar to NGUITools.AddMissingComponent T (this GameObject) where T:Component causes code-generated compilation problems",
        "Fixed issues like NGUITools.AddMissingComponent T (this GameObject) where T:Component causing code generation and compilation failures",
        "Fixed an issue like NGUITools.AddMissingComponent T (this GameObject) where T:Component that caused code generation to compile."
      ]
    ],
    "biterm": [
      "extensmethod fixmethod pantype methodtype resulttype compilreport errorreport errorresult errorproblem compensproblem methodproblem methodresult genericmethod issuresult causproblem errorgenerat errorproblem causmethod",
      ""
    ]
  },
  "117": {
    "summary": "Add DoString/LoadString/LoadFromResource interfaces Add overload to byte[], directly load Lua bytecode",
    "description": "The new API LuaEnv.DoBytes is used to load the Lua bytecode bytecode precompiled with luac.",
    "summary_bilingual_indexes": [
      0
    ],
    "description_bilingual_indexes": [
      0
    ],
    "summary_multi_trans": [
      [
        "Adding interfaces such as DoString/LoadString/LoadFromResource, adding byte[s] to the overload, and directly loading Lua byte code",
        "Add DoString/LoadString/LoadFromResource interfaces to add overloading to byte[] and load Lua byte code directly",
        "Add DoString/LoadString/LoadFromResource and other interfaces to increase the overloading of byte[] and directly load Lua bytecode",
        "Add DoString/LoadString/LoadFromResource interfaces Add overload to byte[], directly load Lua bytecode"
      ]
    ],
    "description_multi_trans": [
      [
        "Added interface LuaEnv.DoBytes for loading Lua bytecode bytes that have been precompiled using luac.",
        "The new interface LuaEnv.DoBytes is used to load Lua bytecode after pre-compiling using luac.",
        "The new interface LuaEnv.DoBytes is used to load Lua bytecode bytecode precompiled using luac.",
        "The new API LuaEnv.DoBytes is used to load the Lua bytecode bytecode precompiled with luac."
      ]
    ],
    "biterm": [
      "codeload loadlua",
      "bytecodload loadlua"
    ]
  },
  "133": {
    "summary": "fix 132",
    "description": "fix 132",
    "summary_bilingual_indexes": [],
    "description_bilingual_indexes": [],
    "summary_multi_trans": [],
    "description_multi_trans": [],
    "biterm": [
      "",
      ""
    ]
  },
  "145": {
    "summary": "Using CSharpCallLua exception in non-UnityEditor environment",
    "description": "",
    "summary_bilingual_indexes": [
      0
    ],
    "description_bilingual_indexes": [],
    "summary_multi_trans": [
      [
        "Unusual use of CSharpCallLua in non-UnityEditor environments",
        "Unusual use of CSharpCallLua in non-UnityEditor environments",
        "Exception when using CSharpCallLua in non-UnityEditor environment",
        "Using CSharpCallLua exception in non-UnityEditor environment"
      ]
    ],
    "description_multi_trans": [],
    "biterm": [
      "environuniti editor",
      ""
    ]
  },
  "149": {
    "summary": "Update LuaBase.cs",
    "description": "LuaBase Equals prejudge null",
    "summary_bilingual_indexes": [],
    "description_bilingual_indexes": [
      0
    ],
    "summary_multi_trans": [],
    "description_multi_trans": [
      [
        "LuaBase Equals is empty",
        "LuaBase Equals is released",
        "LuaBase Equals is empty first",
        "LuaBase Equals prejudge null"
      ]
    ],
    "biterm": [
      "",
      ""
    ]
  },
  "153": {
    "summary": "Add UT use case",
    "description": "1. Add the use case of constructor with ref and out modifiers\n2. Adding variable parameters does not provide use cases\n3. Remove 2 use cases of GenCode",
    "summary_bilingual_indexes": [
      0
    ],
    "description_bilingual_indexes": [
      0,
      1,
      2
    ],
    "summary_multi_trans": [
      [
        "Adding UT use cases",
        "Increased use cases",
        "Add UT use cases",
        "Add UT use case"
      ]
    ],
    "description_multi_trans": [
      [
        "1. Adding the constructor bar ref and out modifier use cases",
        "Additional configuration functions with ref and out modifier",
        "1. Add use cases for constructor with ref and out modifiers",
        "1. Add the use case of constructor with ref and out modifiers"
      ],
      [
        "2. Adding variable parameters does not provide a use case",
        "Adding variable parameters does not provide use cases",
        "2. Adding variable parameters does not provide use cases",
        "2. Adding variable parameters does not provide use cases"
      ],
      [
        "3 - Remove the two examples of GenCode",
        "Remove 2 GenCode cases.",
        "3. Eliminate the two use cases of GenCode",
        "3. Remove 2 use cases of GenCode"
      ]
    ],
    "biterm": [
      "",
      "parametvariabl"
    ]
  },
  "156": {
    "summary": "Error naming variable for the number of profiler.report calls",
    "description": "Error naming variable for the number of profiler.report calls",
    "summary_bilingual_indexes": [
      0
    ],
    "description_bilingual_indexes": [
      0
    ],
    "summary_multi_trans": [
      [
        "error in naming the frequency variable",
        "profile.report Number of calls variable name error",
        "Profiler.report call count variable is named incorrectly",
        "Error naming variable for the number of profiler.report calls"
      ]
    ],
    "description_multi_trans": [
      [
        "error in naming the frequency variable",
        "profile.report Number of calls variable name error",
        "Profiler.report call count variable is named incorrectly",
        "Error naming variable for the number of profiler.report calls"
      ]
    ],
    "biterm": [
      "frequencvariabl callerror errorvariabl errornumber numbervariabl",
      "frequencvariabl callerror errorvariabl errornumber numbervariabl"
    ]
  },
  "165": {
    "summary": "Methods marked with Obsolete do not generate code, but reflection calls are normal. Added a call prompt to prevent errors after packaging.",
    "description": "",
    "summary_bilingual_indexes": [
      0
    ],
    "description_bilingual_indexes": [],
    "summary_multi_trans": [
      [
        "Methods marked Obsolete do not generate code, but the reflection calls are normal. A call prompt has been added to prevent errors after packing.",
        "The method marked Obsolete will not generate code, but the reflection calls are normal.Add a call tip to prevent errors after packaging.",
        "Methods marked Obsolete will not generate code, but reflection calls are normal. Added a call hint to prevent errors after packaging.",
        "Methods marked with Obsolete do not generate code, but reflection calls are normal. Added a call prompt to prevent errors after packaging."
      ]
    ],
    "description_multi_trans": [],
    "biterm": [
      "markmethod markobsolet generatmark codegenerat callreflect callnormal marknormal methodobsolet generatmethod generatnormal markobsolet generatobsolet generatmethod calltip errorprevent packagprevent generatmethod",
      ""
    ]
  },
  "168": {
    "summary": "Allows users to set the NDK path through the ANDROID_NDK environment variable",
    "description": "Allows users to set the NDK path through the ANDROID_NDK environment variable, such as\n export android-ndk-r10e\n make_android_lua53.sh\n",
    "summary_bilingual_indexes": [
      0
    ],
    "description_bilingual_indexes": [
      0
    ],
    "summary_multi_trans": [
      [
        "Allows users to set NDK paths through the ANDROID_NDK environment variable",
        "Allow users to set NDK path via the ANDROID_NDK environment variable",
        "Allow users to set the NDK path via the ANDROID_NDK environment variable",
        "Allows users to set the NDK path through the ANDROID_NDK environment variable"
      ]
    ],
    "description_multi_trans": [
      [
        "Allows the user to set the NDK path via the ANDROID_NDK environment variable, for example",
        "Allows users to set NDK path via an ANDROID_NDK environment variable, such as",
        "Allow users to set the NDK path via the ANDROID_NDK environment variable, e.g.",
        "Allows users to set the NDK path through the ANDROID_NDK environment variable, such as"
      ]
    ],
    "biterm": [
      "ndkpath pathset androidndk environndk environset setvariabl",
      "androidexport ndkpath pathset environndk environset"
    ]
  },
  "169": {
    "summary": "Doc format document to markdown first version, only format conversion",
    "description": "Doc format document to markdown first version, only format conversion",
    "summary_bilingual_indexes": [
      0
    ],
    "description_bilingual_indexes": [
      0
    ],
    "summary_multi_trans": [
      [
        "Doc format document conversion markdown Early version, format conversion only",
        "Doc Document Conversion Markdown Initial Version, Only Format Conversion",
        "The first version of converting doc format documents to markdown, only format conversion",
        "Doc format document to markdown first version, only format conversion"
      ]
    ],
    "description_multi_trans": [
      [
        "Doc format document conversion markdown Early version, format conversion only",
        "Doc Document Conversion Markdown Initial Version, Only Format Conversion",
        "The first version of converting doc format documents to markdown, only format conversion",
        "Doc format document to markdown first version, only format conversion"
      ]
    ],
    "biterm": [
      "convertdocument docformat documentformat documentmarkdown conversformat conversdoc conversdocument",
      "convertdocument docformat documentformat documentmarkdown conversformat conversdoc conversdocument"
    ]
  },
  "176": {
    "summary": "add docs",
    "description": "add docs",
    "summary_bilingual_indexes": [],
    "description_bilingual_indexes": [],
    "summary_multi_trans": [],
    "description_multi_trans": [],
    "biterm": [
      "",
      ""
    ]
  },
  "177": {
    "summary": "Fixed errors in building the LuaJIT version of Android under Mac",
    "description": "",
    "summary_bilingual_indexes": [
      0
    ],
    "description_bilingual_indexes": [],
    "summary_multi_trans": [
      [
        "Fixed an error in building a LuaJIT version of Android on Mac",
        "Fixes an error in building a LuaJIT version of Android on Mac",
        "Fix bug building LuaJIT version of Android under Mac",
        "Fixed errors in building the LuaJIT version of Android under Mac"
      ]
    ],
    "description_multi_trans": [],
    "biterm": [
      "fixmac builderror errorfix",
      ""
    ]
  },
  "181": {
    "summary": "docs bug fixed",
    "description": "- fixed build warning mail\n- fixed info error",
    "summary_bilingual_indexes": [],
    "description_bilingual_indexes": [],
    "summary_multi_trans": [],
    "description_multi_trans": [],
    "biterm": [
      "",
      ""
    ]
  },
  "183": {
    "summary": "After the WSA build script is completed, automatically copy the dll to the plugins directory",
    "description": "",
    "summary_bilingual_indexes": [
      0
    ],
    "description_bilingual_indexes": [],
    "summary_multi_trans": [
      [
        "After the WSA build script is complete, the dll is automatically copied to the plugins directory",
        "After the WSA build script is completed, automatically copy dll to the plugins directory",
        "After the WSA build script is completed, the dll is automatically copied to the plugins directory.",
        "After the WSA build script is completed, automatically copy the dll to the plugins directory"
      ]
    ],
    "description_multi_trans": [],
    "biterm": [
      "buildwsa buildscript completscript completcopi directoriplugin copidirectori",
      ""
    ]
  },
  "202": {
    "summary": "Fixed that WWW.threadPriority is not available under WebGL and added the exported blacklist.",
    "description": "Test environment Unity5.6.1f3",
    "summary_bilingual_indexes": [
      0
    ],
    "description_bilingual_indexes": [
      0
    ],
    "summary_multi_trans": [
      [
        "Fixed WWW.threadPriority not available under WebGL, added to blacklist of exports",
        "Fixed WWW.threadPriority Not Available Under WebGL, Added to Export Blacklist",
        "Fixed WWW.threadPriority not being available under WebGL, adding export blacklist",
        "Fixed that WWW.threadPriority is not available under WebGL and added the exported blacklist."
      ]
    ],
    "description_multi_trans": [
      [
        "Testing environment Unity 5.6.1f3",
        "Testing environment Unity 5.6.1f3",
        "Test environment Unity5.6.1f3",
        "Test environment Unity5.6.1f3"
      ]
    ],
    "biterm": [
      "blacklistexport adblacklist blacklistexport",
      ""
    ]
  },
  "209": {
    "summary": "Add scripts for compiling android dynamic link libraries on Windows platform",
    "description": "Android SDK and NDK r10e need to be installed",
    "summary_bilingual_indexes": [
      0
    ],
    "description_bilingual_indexes": [
      0
    ],
    "summary_multi_trans": [
      [
        "Adding scripts to compile the Android dynamic link library under the Windows platform",
        "Add script for compiling Android dynamic link libraries under the Windows platform",
        "Add the script to compile the android dynamic link library under the Windows platform",
        "Add scripts for compiling android dynamic link libraries on Windows platform"
      ]
    ],
    "description_multi_trans": [
      [
        "Android SDK and NDK r10e are required",
        "Android SDK and NDK r10e",
        "Need to install Android SDK and NDK r10e",
        "Android SDK and NDK r10e need to be installed"
      ]
    ],
    "biterm": [
      "compilscript androidlink dynamlink librarilink compillibrari platformwindow compilplatform compillibrari androidlibrari librariscript librariplatform",
      ""
    ]
  },
  "210": {
    "summary": "Fixed several build failures under UWP due to not calling the Type extension method",
    "description": "",
    "summary_bilingual_indexes": [
      0
    ],
    "description_bilingual_indexes": [],
    "summary_multi_trans": [
      [
        "Fixes the issue of the following UWP build failing without calling the Type extension method",
        "Fixed the following UWP problems that caused build to fail because the Type extension method was not called",
        "Fixed several issues in UWP that caused build failure due to not calling the Type extension method.",
        "Fixed several build failures under UWP due to not calling the Type extension method"
      ]
    ],
    "description_multi_trans": [],
    "biterm": [
      "methodtype extensmethod callmethod",
      ""
    ]
  },
  "222": {
    "summary": "Fixed several problems that could not be compiled under UWP",
    "description": "Changes:\n1. Add IsNestedPublic and IsPublic as extension methods of Type\n2. Using MethodInfo.CreateDelegate instead Delegate.CreateDelegate for UWP",
    "summary_bilingual_indexes": [
      0
    ],
    "description_bilingual_indexes": [],
    "summary_multi_trans": [
      [
        "Fixed several issues that could not be compiled under UWP",
        "Fixed a few problems that could not be compiled under UWP",
        "Fixed several issues that failed to compile under UWP",
        "Fixed several problems that could not be compiled under UWP"
      ]
    ],
    "description_multi_trans": [],
    "biterm": [
      "",
      ""
    ]
  },
  "225": {
    "summary": "Hotfix add procedure Tip",
    "description": "This time, only two TextAreas were added at the back of OnGUI to display the prompt text, but VS conveniently formatted the code, so the contrast looked a bit messy.",
    "summary_bilingual_indexes": [
      0
    ],
    "description_bilingual_indexes": [
      0
    ],
    "summary_multi_trans": [
      [
        "Hotfix adds action prompt",
        "Hotfix Added Operation Steps",
        "Hotfix adds operation step tips",
        "Hotfix add procedure Tip"
      ]
    ],
    "description_multi_trans": [
      [
        "This time, only two TextArea were added to the back of the OnGUI to display the prompt text, but the code was formatted manually with VS so the contrast looks a bit messy.",
        "This time, only two TextArea were added behind OnGUI to display the tip, but the code was formatted with VS so the contrast looked a bit confusing.",
        "This time, I only added two TextArea behind OnGUI to display the prompt text. However, I formatted the code using VS, so the comparison looked a bit messy.",
        "This time, only two TextAreas were added at the back of OnGUI to display the prompt text, but VS conveniently formatted the code, so the contrast looked a bit messy."
      ]
    ],
    "biterm": [
      "adhotfix",
      ""
    ]
  },
  "265": {
    "summary": "Fixed lua_close needing to remove L to avoid lua_gl getting the wrong gl when LuaEnv is released",
    "description": "",
    "summary_bilingual_indexes": [
      0
    ],
    "description_bilingual_indexes": [],
    "summary_multi_trans": [
      [
        "Fixes Lua_close is required after removing L when releasing LuaEnv, to avoid the error of lua_gl getting gl",
        "Fixed When LuaEnv is released,lua_close needs to avoid receiving the wrong gl after removing L",
        "Fixed the problem that when LuaEnv is released, lua_close needs to remove L to prevent lua_gl from getting the wrong gl.",
        "Fixed lua_close needing to remove L to avoid lua_gl getting the wrong gl when LuaEnv is released"
      ]
    ],
    "description_multi_trans": [],
    "biterm": [
      "fixlua luarequir lua envreleas avoidlua env avoidrequir avoiderror avoidreceiv preventremov closelua",
      ""
    ]
  },
  "288": {
    "summary": "Fixed that no code will be generated when the parameter is a generic type, such as ICollectio D.",
    "description": "Fixed / Tencent/xLua/issues/282, code will not be generated as long as the parameter is a generic type and no instantiation type is specified",
    "summary_bilingual_indexes": [
      0
    ],
    "description_bilingual_indexes": [
      0
    ],
    "summary_multi_trans": [
      [
        "Fixed No code generated when the parameter is of generic type, such as in Collectio D",
        "Fixed When the parameter is generic type, such as ICollectio D, no code is generated",
        "Fixed the problem that when the parameter is a generic type, such as ICollectio D, the code will not be generated",
        "Fixed that no code will be generated when the parameter is a generic type, such as ICollectio D."
      ]
    ],
    "description_multi_trans": [
      [
        "Modification/Tencent/xLua/issues/282 No code is generated as long as the parameter is of the generic type and no instantiation type is specified.",
        "Fix/Tencent/xLua/issues/282, code will not be generated as long as the parameter is a generic type and there is no specified instance type.",
        "Fix/Tencent/xLua/issues/282, as long as the parameter is a generic type and no instantiation type is specified, the code will not be generated",
        "Fixed / Tencent/xLua/issues/282, code will not be generated as long as the parameter is a generic type and no instantiation type is specified"
      ]
    ],
    "biterm": [
      "paramettype generictype generattype generatproblem",
      "paramettype generictype"
    ]
  },
  "299": {
    "summary": "Optimize documentation and sample code",
    "description": "Optimize documentation and sample code",
    "summary_bilingual_indexes": [
      0
    ],
    "description_bilingual_indexes": [
      0
    ],
    "summary_multi_trans": [
      [
        "Optimizing documentation and sample code",
        "Optimization of documentation and example code",
        "Optimize documentation and sample code",
        "Optimize documentation and sample code"
      ]
    ],
    "description_multi_trans": [
      [
        "Optimizing documentation and sample code",
        "Optimization of documentation and example code",
        "Optimize documentation and sample code",
        "Optimize documentation and sample code"
      ]
    ],
    "biterm": [
      "codedocument documentoptim",
      "codedocument documentoptim"
    ]
  },
  "306": {
    "summary": "Perfect the sample program",
    "description": "Add run scenarios, optimize comments, adjust part of the code\nPart of the references in the description document are changed to md files to facilitate preview",
    "summary_bilingual_indexes": [
      0
    ],
    "description_bilingual_indexes": [
      0,
      1
    ],
    "summary_multi_trans": [
      [
        "Improving the example procedure",
        "Improve the sample procedure",
        "Improve the sample program",
        "Perfect the sample program"
      ]
    ],
    "description_multi_trans": [
      [
        "Add run scenes, optimize annotations, and adjust some code",
        "Add running scenes, optimize comments, adjust parts of code",
        "Add running scenarios, optimize comments, and adjust some codes",
        "Add run scenarios, optimize comments, adjust part of the code"
      ],
      [
        "Explain that some of the references in the document are converted to md files for easy preview",
        "Some references in the document are replaced with the MD file for easy preview.",
        "Some references in the documentation have been changed to md files to facilitate previewing.",
        "Part of the references in the description document are changed to md files to facilitate preview"
      ]
    ],
    "biterm": [
      "programsampl improvprogram perfectprogram",
      "runscene annotscene runscenario commentscenario referreplac documentrefer filereplac easipreview filepreview convertexplain convertfile convertpreview changrefer changfacilit facilitpreview changpart partrefer descriptdocument"
    ]
  },
  "327": {
    "summary": "resave by Unity4.6.7f1",
    "description": "",
    "summary_bilingual_indexes": [],
    "description_bilingual_indexes": [],
    "summary_multi_trans": [],
    "description_multi_trans": [],
    "biterm": [
      "",
      ""
    ]
  },
  "333": {
    "summary": "[*]fix DirectoryNotFoundException",
    "description": "If HotfixInject is called when the Gen folder does not exist, this exception will be thrown.",
    "summary_bilingual_indexes": [],
    "description_bilingual_indexes": [
      0
    ],
    "summary_multi_trans": [],
    "description_multi_trans": [
      [
        "Hi, if you call HotfixInject when the Gen folder doesn't exist, it will throw this anomaly.",
        "If the Gen folder does not exist, calling HotfixInject will throw this abnormality.",
        "Hello Brother Xiongsheng, if HotfixInject is called when the Gen folder does not exist, this exception will be thrown.",
        "If HotfixInject is called when the Gen folder does not exist, this exception will be thrown."
      ]
    ],
    "biterm": [
      "directorifix",
      ""
    ]
  },
  "336": {
    "summary": "[*] if you open this code and run cast to the property, you need to judge the permission of the set method.",
    "description": "Hello, the Cast to attribute conversion feature is needed in the current project, so it is more reasonable to judge the set method permission of the attribute first, and then set.",
    "summary_bilingual_indexes": [
      0
    ],
    "description_bilingual_indexes": [
      0
    ],
    "summary_multi_trans": [
      [
        "[*] If you open the code and run the cast to the property, you need to make a judgment about the permissions of the set method.",
        "[*] If you open this code and run the cast to the attribute, you need to make a judgment about the set method's permissions.",
        "[*]If you open this code and run cast to the attribute, you need to make a judgment about the permissions of the set method.",
        "[*] if you open this code and run cast to the property, you need to judge the permission of the set method."
      ]
    ],
    "description_multi_trans": [
      [
        "Hello, I need to convert the property to the property using Cast in the current project, whether this is reasonable to do a judgment on the set method permissions of the property and then reset.",
        "Hi, the current project needs to use the characteristics of the Cast conversion to the properties, whether this first judges the set method permissions of the properties, and then the set is more reasonable.",
        "Hello, the current project needs to use the feature of Cast to attribute. Is it more reasonable to first judge the set method permission of the attribute and then set it?",
        "Hello, the Cast to attribute conversion feature is needed in the current project, so it is more reasonable to judge the set method permission of the attribute first, and then set."
      ]
    ],
    "biterm": [
      "codeopen openrun castrun propertirun judgpermiss methodset methodpermiss methodpermiss",
      ""
    ]
  },
  "347": {
    "summary": "Modify luaLock in LuaEnv to a non-static member to avoid deadlocks in multi-threaded multi-LuaEnv",
    "description": "At the same time, lock the Add/Find/Remove method of ObjectTranslatorPool after opening THREAD_SAFE.\nAnother problem that has not been confirmed is that there will be no problems with multithreading in the C # layer after these changes have been made, but there is a chance of data confusion within the Lua virtual machine in a long-term multithreaded mode. It is suspected that because the native of the original Lua does not achieve thread safety [Ref. 1] / ghost240/p/3526185.html, [Ref. 2] / questions/3010974/purpose-of-lua-lock-and-lua-unlock, you may need to compile a native with pthread.",
    "summary_bilingual_indexes": [
      0
    ],
    "description_bilingual_indexes": [
      0,
      1
    ],
    "summary_multi_trans": [
      [
        "Modify the luaLock in LuaEnv to a non-static member to avoid deadlocks in multi-threaded LuaEnv variants",
        "Modify LuaLock in LuaEnv to non-static members to avoid dead locks in multi-string LuaEnv species",
        "Modify luaLock in LuaEnv to a non-static member to avoid deadlock in multi-threaded LuaEnv.",
        "Modify luaLock in LuaEnv to a non-static member to avoid deadlocks in multi-threaded multi-LuaEnv"
      ]
    ],
    "description_multi_trans": [
      [
        "The Add/Find/Remove method of the ObjectTranslatorPool is also locked after the THREAD_SAFE is activated.",
        "At the same time, the Add/Find/Remove method for ObjectTranslatorPool is locked after opening THREAD_SAFE.",
        "At the same time, lock the Add/Find/Remove methods of ObjectTranslatorPool after turning on THREAD_SAFE.",
        "At the same time, lock the Add/Find/Remove method of ObjectTranslatorPool after opening THREAD_SAFE."
      ],
      [
        "Another problem that has not been confirmed is that after these modifications, there are no problems with multiple threads in the C# layer, but there is a chance of data errors within the Lua virtual machine during long-term multi-thread running. This is likely because the original Lua native did not implement thread security [1] reference/ghost240/p/3526185.html reference,[2]/questions/3010974/purpose-of-lua-lock-and-lua-unlock, and may need to be combined with pthread in the compilation of a native test.",
        "There is also a problem that has not been confirmed that there will be no problem due to multiple threads in the C# layer after making these modifications, but there is a likelihood that there will be data confusion inside the Lua virtual machine in the multi- threads mode for a long time. It is suspected that the native of the original Lua does not implement threads security [reference1]/ghost240/p/3526185.html, reference2]/questions/3010974/purpose-of-lua-lock-and-lua-unlock, may require a combination of pthread in compiling a native try.",
        "There is another problem that has not yet been confirmed, that is, after making these modifications, there will be no problems with multi-threading in the C# layer, but there is a chance of data corruption inside the Lua virtual machine in long-term multi-thread running mode. It is suspected that the original Lua native does not implement thread safety [Reference 1]/ghost240/p/3526185.html, [Reference 2]/questions/3010974/purpose-of-lua-lock-and-lua-unlock, maybe it needs to be combined with pthread Try compiling a native copy.",
        "Another problem that has not been confirmed is that there will be no problems with multithreading in the C # layer after these changes have been made, but there is a chance of data confusion within the Lua virtual machine in a long-term multithreaded mode. It is suspected that because the native of the original Lua does not achieve thread safety [Ref. 1] / ghost240/p/3526185.html, [Ref. 2] / questions/3010974/purpose-of-lua-lock-and-lua-unlock, you may need to compile a native with pthread."
      ]
    ],
    "biterm": [
      "deadlock avoidlock specistring lua envspeci lockspeci avoiddeadlock multivariant threadvariant lua envvariant deadlockvariant lua envmulti lua envthread deadlocklua env",
      "methodobject translat pool lockmethod lockturn threadturn luamachin machinvirtual multithread machinvirtual"
    ]
  },
  "349": {
    "summary": "[+] blacklist",
    "description": "Added a blacklist of errors reported in version 2017 and reserved several macros.",
    "summary_bilingual_indexes": [
      0
    ],
    "description_bilingual_indexes": [
      0
    ],
    "summary_multi_trans": [
      [
        "[+] blacklisted",
        "The Black List",
        "[+]Blacklist",
        "[+] blacklist"
      ]
    ],
    "description_multi_trans": [
      [
        "A blacklist was added in the 2017 version, reserving several macros.",
        "A blacklist of errors in the 2017 version was added, with several macros reserved.",
        "Added a blacklist of errors reported in the 2017 version, and reserved several macros.",
        "Added a blacklist of errors reported in version 2017 and reserved several macros."
      ]
    ],
    "biterm": [
      "blacklist",
      ""
    ]
  },
  "388": {
    "summary": "Update perflib.c",
    "description": "To warn that the array type cannot be a null pointer",
    "summary_bilingual_indexes": [],
    "description_bilingual_indexes": [
      0
    ],
    "summary_multi_trans": [],
    "description_multi_trans": [
      [
        "Warning: Array type cannot be empty pointer",
        "Go Warning Array types cannot be empty pointers.",
        "To warn that the array type cannot be a null pointer",
        "To warn that the array type cannot be a null pointer"
      ]
    ],
    "biterm": [
      "",
      "arraytype pointertype emptipointer pointerwarn typewarn nullpointer pointerwarn"
    ]
  },
  "395": {
    "summary": "Implement the mapping of events to indexes in interface",
    "description": "",
    "summary_bilingual_indexes": [
      0
    ],
    "description_bilingual_indexes": [],
    "summary_multi_trans": [
      [
        "Event and index mapping of the interface",
        "Implementation of interface events and index mapping.",
        "Implement event and index mapping of interface",
        "Implement the mapping of events to indexes in interface"
      ]
    ],
    "description_multi_trans": [],
    "biterm": [
      "implementmap eventmap eventimplement eventimplement",
      ""
    ]
  },
  "398": {
    "summary": "Correction of Xlua English documents",
    "description": "The original translation is already very good, just a little modified according to their own views, greatly refueling",
    "summary_bilingual_indexes": [
      0
    ],
    "description_bilingual_indexes": [
      0
    ],
    "summary_multi_trans": [
      [
        "Xlua English documentation corrected",
        "Xlua English documentation corrected",
        "Xlua English document correction",
        "Correction of Xlua English documents"
      ]
    ],
    "description_multi_trans": [
      [
        "The original translation is fine, but I've made a few changes to it, and I'm really happy with it.",
        "The original translation is already good, only according to your own opinion a little modified, greatly added.",
        "The translation of the original text is already very good. I just made some modifications based on my own opinions. Thank you very much.",
        "The original translation is already very good, just a little modified according to their own views, greatly refueling"
      ]
    ],
    "biterm": [
      "documentenglish correctenglish correctdocument",
      "origintranslat goodtranslat goodopinion origintext texttranslat goodtext goodorigin"
    ]
  },
  "399": {
    "summary": "A little change.",
    "description": "This translation is really good, very good.",
    "summary_bilingual_indexes": [
      0
    ],
    "description_bilingual_indexes": [
      0
    ],
    "summary_multi_trans": [
      [
        "A little change",
        "A small change.",
        "a small change",
        "A little change."
      ]
    ],
    "description_multi_trans": [
      [
        "This translation is really well done, very good.",
        "This translation is really good, very good.",
        "This translation is really well done, very good",
        "This translation is really good, very good."
      ]
    ],
    "biterm": [
      "changsmall",
      "goodtranslat"
    ]
  },
  "400": {
    "summary": "A little modification",
    "description": "There is no problem as a whole. It is easy to read smoothly.",
    "summary_bilingual_indexes": [
      0
    ],
    "description_bilingual_indexes": [
      0
    ],
    "summary_multi_trans": [
      [
        "A little modification",
        "A little modified.",
        "A little modification",
        "A little modification"
      ]
    ],
    "description_multi_trans": [
      [
        "Overall, no problems, and it's a fluent read.",
        "There is no problem, it is read fluently.",
        "Overall, there is no problem and it reads smoothly.",
        "There is no problem as a whole. It is easy to read smoothly."
      ]
    ],
    "biterm": [
      "",
      "fluentread problemread"
    ]
  },
  "415": {
    "summary": "Add examples of automatic builds from the command line and editor menus",
    "description": "Test Environment Unity2017.4.3f1",
    "summary_bilingual_indexes": [
      0
    ],
    "description_bilingual_indexes": [
      0
    ],
    "summary_multi_trans": [
      [
        "Added examples of automatic builds from command line and editor menus",
        "Adding examples that are automatically built from the command line and editor menu",
        "Added examples of automatic builds from the command line and editor menu",
        "Add examples of automatic builds from the command line and editor menus"
      ]
    ],
    "description_multi_trans": [
      [
        "Testing environment Unity2017.4.3f1",
        "Testing environment Unity2017.4.3f1",
        "Test environment Unity2017.4.3f1",
        "Test Environment Unity2017.4.3f1"
      ]
    ],
    "biterm": [
      "adexampl builtexampl commandline builtline editorline linemenu",
      ""
    ]
  },
  "416": {
    "summary": "Modify the packaging interface compatible with version 5.x",
    "description": "",
    "summary_bilingual_indexes": [
      0
    ],
    "description_bilingual_indexes": [],
    "summary_multi_trans": [
      [
        "Modified 5.x-compatible packaging interface",
        "Changes to the packaging interface compatible with version 5.x",
        "Modify the packaging interface compatible with version 5.x",
        "Modify the packaging interface compatible with version 5.x"
      ]
    ],
    "description_multi_trans": [],
    "biterm": [
      "",
      ""
    ]
  },
  "417": {
    "summary": "Fixed problems with newline characters and outputDir",
    "description": "",
    "summary_bilingual_indexes": [
      0
    ],
    "description_bilingual_indexes": [],
    "summary_multi_trans": [
      [
        "Fixed issue with line switches and outputDir",
        "Fix the problem with switchers and outputDir",
        "Fixed issues with line breaks and outputDir",
        "Fixed problems with newline characters and outputDir"
      ]
    ],
    "description_multi_trans": [],
    "biterm": [
      "fixproblem fixswitcher output dirswitcher",
      ""
    ]
  },
  "444": {
    "summary": "Eliminate compilation warnings",
    "description": "It will be a little troublesome to use the warning as a wrong project.",
    "summary_bilingual_indexes": [
      0
    ],
    "description_bilingual_indexes": [
      0
    ],
    "summary_multi_trans": [
      [
        "Remove compiled warnings",
        "Remove the compiled warning.",
        "Eliminate compilation warnings",
        "Eliminate compilation warnings"
      ]
    ],
    "description_multi_trans": [
      [
        "It's a little bit of a hassle to use a warning as a wrong project.",
        "Considering the warning as being used in the wrong project would be a little bit of trouble.",
        "If you use it in a project that treats warnings as errors, it will be a little troublesome.",
        "It will be a little troublesome to use the warning as a wrong project."
      ]
    ],
    "biterm": [
      "compilwarn removwarn",
      ""
    ]
  },
  "447": {
    "summary": "Fix the Bug that cannot be accessed by the method of public with the same name after xlua.private_accessible access",
    "description": "",
    "summary_bilingual_indexes": [
      0
    ],
    "description_bilingual_indexes": [],
    "summary_multi_trans": [
      [
        "Fixed a bug that the public method of the same name could not access after access to xlua.private_accessible",
        "Fix bug that fails to access the same public method after xlua.private_accessible access",
        "Fixed the bug that the public method with the same name cannot be accessed after xlua.private_accessible is accessed",
        "Fix the Bug that cannot be accessed by the method of public with the same name after xlua.private_accessible access"
      ]
    ],
    "description_multi_trans": [],
    "biterm": [
      "accessfail accessmethod accessmethod accessmethod",
      ""
    ]
  },
  "449": {
    "summary": "When SINGLE_EVN is turned on, there are some redundant variable definitions",
    "description": "",
    "summary_bilingual_indexes": [
      0
    ],
    "description_bilingual_indexes": [],
    "summary_multi_trans": [
      [
        "SINGLE_EVN is open, and there are some redundant variables defined",
        "When SINGLE_EVN opens, there will be some redundant variable definitions.",
        "When SINGLE_EVN is turned on, there will be some redundant variable definitions",
        "When SINGLE_EVN is turned on, there are some redundant variable definitions"
      ]
    ],
    "description_multi_trans": [],
    "biterm": [
      "evnsingl evnopen definitopen evnturn definitturn",
      ""
    ]
  },
  "454": {
    "summary": "Update the api.md of the manual",
    "description": "The c#api document in Asset Doc is arranged and placed here.\nAsset XLua_API.md\nThe requested URL/public/v1/guide/api.html was not found on this server.",
    "summary_bilingual_indexes": [
      0
    ],
    "description_bilingual_indexes": [
      0,
      2
    ],
    "summary_multi_trans": [
      [
        "The manual is updated",
        "Updated manual API.md",
        "Update manual api.md",
        "Update the api.md of the manual"
      ]
    ],
    "description_multi_trans": [
      [
        "The c# api document in the Asset Doc was compiled and placed here.",
        "The c# api document in Asset Doc is placed here.",
        "The c# api documentation in Asset Doc has been organized and placed here.",
        "The c#api document in Asset Doc is arranged and placed here."
      ],
      [
        "The project manual /xLua/public/v1/guide/api.html",
        "Project Manual /xLua/public/v1/guide/api.html",
        "Project Manual/xLua/public/v1/guide/api.html",
        "The requested URL/public/v1/guide/api.html was not found on this server."
      ]
    ],
    "biterm": [
      "manualupdat",
      "apidocument assetdoc docdocument compildocument documentorgan"
    ]
  },
  "456": {
    "summary": "Osx platform no longer supports 32bit version construction",
    "description": "Xcode 10 no longer supports the 32-bit macos platform architecture, removing it from CMakeFileLists.txt",
    "summary_bilingual_indexes": [
      0
    ],
    "description_bilingual_indexes": [
      0
    ],
    "summary_multi_trans": [
      [
        "OSX platform no longer supports 32-bit builds",
        "OSX platform no longer supports 32-bit version builds",
        "The osx platform no longer supports 32bit version building",
        "Osx platform no longer supports 32bit version construction"
      ]
    ],
    "description_multi_trans": [
      [
        "xcode 10 no longer supports 32-bit macOS platform architecture, removing the platform from CMakeFileLists.txt",
        "xcode 10 no longer supports the 32-bit macOS platform architecture, remove the platform from CMakeFileLists.txt",
        "xcode 10 no longer supports the 32-bit macos platform architecture, remove this platform from CMakeFileLists.txt",
        "Xcode 10 no longer supports the 32-bit macos platform architecture, removing it from CMakeFileLists.txt"
      ]
    ],
    "biterm": [
      "osxplatform buildsupport constructsupport",
      ""
    ]
  },
  "467": {
    "summary": "06 Coroutine example supports co-program waiting for co-program",
    "description": "It seems that the original IEnumeratorHolder exists to be stopped, and the Coroutine returned by StartCoroutine can also be stopped.\ncoroutine as the return value can be implemented in the coroutine waiting to start a new coroutine, but IEnumeratorHolder can not",
    "summary_bilingual_indexes": [
      0
    ],
    "description_bilingual_indexes": [
      0,
      1
    ],
    "summary_multi_trans": [
      [
        "06 Coroutine example support synchronization wait synchronization",
        "06 Coroutine Example Supports Waiting Syntax",
        "06 Coroutine example supports coroutine waiting for coroutine",
        "06 Coroutine example supports co-program waiting for co-program"
      ]
    ],
    "description_multi_trans": [
      [
        "It seems that the original IEnumeratorHolder existed to be stopped, and that the Coroutine returned with StartCoroutine could also be stopped, but it is not possible to stop the current version of the program.",
        "The original IEnumeratorHolder appears to exist to be stopped, and the Coroutine returned with StartCoroutine can also stop.",
        "It seems that the original IEnumeratorHolder exists to be stopped, and the Coroutine returned by StartCoroutine can also be stopped.",
        "It seems that the original IEnumeratorHolder exists to be stopped, and the Coroutine returned by StartCoroutine can also be stopped."
      ],
      [
        "Returning values with coroutine allows the synchronizer to wait for the new synchronizer to start, whereas IEnumeratorHolder does not.",
        "Returning a value with coroutine enables a new syntax in the syntax to wait for launch, while IEnumeratorHolder does not.",
        "Using coroutine as the return value can implement a new coroutine waiting to be started in the coroutine, but IEnumeratorHolder cannot",
        "coroutine as the return value can be implemented in the coroutine waiting to start a new coroutine, but IEnumeratorHolder can not"
      ]
    ],
    "biterm": [
      "supportsyntax supportsynchron synchronwait synchronwait coroutinsupport coroutinwait coroutinwait programsupport programwait programwait",
      "coroutinwait"
    ]
  },
  "474": {
    "summary": "Build lib under Windows. If you fail to execute cmake with the parameter vs 2015, continue to try to use vs 2017",
    "description": "",
    "summary_bilingual_indexes": [
      0
    ],
    "description_bilingual_indexes": [],
    "summary_multi_trans": [
      [
        "Build lib under Windows, if the vs 2015 parameter fails to execute cmake, continue trying to use vs 2017",
        "Build a lib under Windows, and if the cmake fails with the vs 2015 parameter, continue to try using vs 2017.",
        "Build lib under Windows. If cmake fails using vs 2015 parameters, continue trying to use vs 2017.",
        "Build lib under Windows. If you fail to execute cmake with the parameter vs 2015, continue to try to use vs 2017"
      ]
    ],
    "description_multi_trans": [],
    "biterm": [
      "buildlib libwindow failparamet executfail cmakeexecut buildlib",
      ""
    ]
  },
  "483": {
    "summary": "Reduced mode export code reported error",
    "description": "Reduced mode export code reported error",
    "summary_bilingual_indexes": [
      0
    ],
    "description_bilingual_indexes": [
      0
    ],
    "summary_multi_trans": [
      [
        "Exporting the streamlined mode for error",
        "Simplify the code error.",
        "Error when exporting code in simplified mode",
        "Reduced mode export code reported error"
      ]
    ],
    "description_multi_trans": [
      [
        "Exporting the streamlined mode for error",
        "Simplify the code error.",
        "Error when exporting code in simplified mode",
        "Reduced mode export code reported error"
      ]
    ],
    "biterm": [
      "codeexport modestreamlin errormode codeexport modesimplifi codemode",
      "codeexport modestreamlin errormode codeexport modesimplifi codemode"
    ]
  },
  "488": {
    "summary": "Build luac under Windows. If you fail to execute cmake with the parameter vs 2015, continue to try to use vs 2017",
    "description": "",
    "summary_bilingual_indexes": [
      0
    ],
    "description_bilingual_indexes": [],
    "summary_multi_trans": [
      [
        "Build luac under Windows, if cmake fails to execute using vs 2015 parameters, continue trying to use vs 2017",
        "Build a luac under Windows, and if the cmake fails with the vs 2015 parameter, continue to try using vs 2017.",
        "When building luac under Windows, if cmake fails using vs 2015 parameters, continue trying to use vs 2017.",
        "Build luac under Windows. If you fail to execute cmake with the parameter vs 2015, continue to try to use vs 2017"
      ]
    ],
    "description_multi_trans": [],
    "biterm": [
      "buildluac luacwindow cmakefail buildluac executfail buildluac",
      ""
    ]
  },
  "494": {
    "summary": "Fix warnings when compare array member of struct to NULL.",
    "description": "Should fix #492",
    "summary_bilingual_indexes": [],
    "description_bilingual_indexes": [],
    "summary_multi_trans": [],
    "description_multi_trans": [],
    "biterm": [
      "fixwarn arraymember comparmember memberstruct membernull",
      ""
    ]
  },
  "507": {
    "summary": "add switch support",
    "description": "HI, recently doing pre-research related to Switch, added some compilation conditions to xLua. Hope to adopt it.",
    "summary_bilingual_indexes": [],
    "description_bilingual_indexes": [
      0
    ],
    "summary_multi_trans": [],
    "description_multi_trans": [
      [
        "HI, recently, I've been doing some preliminary work on Switch, and I've added some compilation conditions to xLua.",
        "HI, recently doing Switch-related preliminary research, added some compilation conditions to xLua.",
        "HI, I have been doing pre-research on Switch recently and added some compilation conditions to xLua. I hope you will adopt it.",
        "HI, recently doing pre-research related to Switch, added some compilation conditions to xLua. Hope to adopt it."
      ]
    ],
    "biterm": [
      "",
      "adlua"
    ]
  }
}