{
  "25b4727b543145a2ccd6d6be4693c932dbf88d2e": {
    "message": "Merge pull request #470 from master\nfix request image for asset memory leaks",
    "diff": "[QMUIAsset.m]\n+ [[[QMUIAssetsManager sharedInstance] phCachingImageManager] requestImageDataForAsset:_phAsset options:phImageRequestOptions resultHandler: (NSData * _Nullable imageData, NSString * _Nullable dataUTI, UIImageOrientation orientation, NSDictionary * _Nullable info) {\n+ resultImage = [UIImage imageWithData:imageData] \n+ }] "
  },
  "9d8b436fe3b933aebfe3d2be9df2b10d49037df3": {
    "message": "Merge pull request #1 from master\nMerge pull request #468 from master",
    "diff": ""
  },
  "90b9c98d51ce71dbab7d8491b9cde71025506eee": {
    "message": "Merge pull request #468 from master\nfix: request image for asset memory leaks",
    "diff": "[QMUIAsset.m]\n+ return [[[QMUIAssetsManager sharedInstance] phCachingImageManager] requestImageDataForAsset:_phAsset options:imageRequestOptions resultHandler: (NSData * _Nullable imageData, NSString * _Nullable dataUTI, UIImageOrientation orientation, NSDictionary * _Nullable info) {\n+ completion ([UIImage imageWithData:imageData], info) "
  },
  "bcd6789d8f9aa2bb50437804d697c5e46ea00286": {
    "message": "Merge pull request #465 from patch-1\n[fix] NSNotFound 逻辑判断回滚到错误版本",
    "diff": "[UITableView+QMUI.m]\n+ } else if (indexPath.row = NSNotFound) {\n+ isIndexPathLegal = indexPath.row rows "
  },
  "088d151b741fd10ce30da8c84057770f3bbbff2f": {
    "message": "Merge pull request #453 from patch-1\nUpdate README.md",
    "diff": "[README.md]\n+ [Launch]/1190261/49869307-041fdf00-fe4b-11e8-8f77-8007317e71c6.gif\n+ [UIColor]/1190261/49869346-1d289000-fe4b-11e8-9e75-00b861f72b2a.gif\n+ [Popup]/1190261/49869336-169a1880-fe4b-11e8-9fab-b3ff8233d562.gif\n+ [MarqueeLabel]/1190261/49869323-100ba100-fe4b-11e8-947c-92082fb4ddd8.gif"
  },
  "0725bb2d9fb391ed52591646d7b33ab7c7a5422e": {
    "message": "Merge pull request #436 from patch-2\n[fix] scrollToRowAtIndexPath 中 indexPath 是否合法的判断",
    "diff": "[UITableView+QMUI.m]\n+ } else if (indexPath.row = NSNotFound) {\n+ isIndexPathLegal = indexPath.row rows "
  },
  "e28e682c32161db93cde531c6a07b32eb00f82f1": {
    "message": "Merge pull request #432 from patch-1\n[fix] [UITableView (QMUI) scrollToRowAtIndexPath:atScrollPosition:animated] 内将 row 为 NSNotFound 的 indexPath 误认为非法值",
    "diff": "[UITableView+QMUI.m]\n+ isIndexPathLegal = rows 0 indexPath.row rows : indexPath.row == NSNotFound "
  },
  "7b05d2dedd3db1949ffcd92b375353dc3e24c61b": {
    "message": "Merge pull request #389 from Swift\nNullability and Objective-C",
    "diff": "[QMUIAlbumViewController.h]\n++ (nonnull instancetype)appearance \n[QMUIAlbumViewController.m]\n++ (nonnull instancetype)appearance {\n[QMUIImagePickerPreviewViewController.h]\n++ (nonnull instancetype)appearance \n[QMUIImagePickerPreviewViewController.m]\n++ (nonnull instancetype)appearance {\n[QMUIImagePickerViewController.h]\n++ (nonnull instancetype)appearance \n[QMUIImagePickerViewController.m]\n++ (nonnull instancetype)appearance {\n[QMUIAlertController.h]\n++ (nonnull instancetype)actionWithTitle: (nullable NSString *)title style: (QMUIAlertActionStyle)style handler: (nullable void ( ) (__kindof QMUIAlertController *aAlertController, QMUIAlertAction *action))handler \n+- (nonnull instancetype)initWithTitle: (nullable NSString *)title message: (nullable NSString *)message preferredStyle: (QMUIAlertControllerStyle)preferredStyle \n++ (nonnull instancetype)alertControllerWithTitle: (nullable NSString *)title message: (nullable NSString *)message preferredStyle: (QMUIAlertControllerStyle)preferredStyle \n+- (void)addAction: (nonnull QMUIAlertAction *)action \n++ (nonnull instancetype)appearance \n[QMUIAlertController.m]\n++ (nonnull instancetype)actionWithTitle: (nullable NSString *)title style: (QMUIAlertActionStyle)style handler: (void ( ) (__kindof QMUIAlertController *, QMUIAlertAction *))handler {\n+- (nonnull instancetype)init {\n++ (nonnull instancetype)appearance {\n++ (nonnull instancetype)alertControllerWithTitle: (nullable NSString *)title message: (nullable NSString *)message preferredStyle: (QMUIAlertControllerStyle)preferredStyle {\n+- (nonnull instancetype)initWithTitle: (nullable NSString *)title message: (nullable NSString *)message preferredStyle: (QMUIAlertControllerStyle)preferredStyle {\n+- (void)addAction: (nonnull QMUIAlertAction *)action {\n[QMUIDialogViewController.h]\n++ (nonnull instancetype)appearance \n[QMUIDialogViewController.m]\n++ (nonnull instancetype)appearance {\n++ (nonnull instancetype)appearance {\n++ (nonnull instancetype)appearance {\n[QMUIImagePreviewViewController.h]\n++ (nonnull instancetype)appearance \n[QMUIImagePreviewViewController.m]\n++ (nonnull instancetype)appearance {\n[QMUIModalPresentationViewController.h]\n++ (nonnull instancetype)appearance \n[QMUIModalPresentationViewController.m]\n++ (nonnull instancetype)appearance {\n[QMUIMoreOperationController.h]\n++ (nonnull instancetype)appearance \n[QMUIMoreOperationController.m]\n++ (nonnull instancetype)appearance {\n[QMUIToastView.h]\n+- (nonnull instancetype)initWithView: (nonnull UIView *)view NS_DESIGNATED_INITIALIZER \n++ (nullable instancetype)toastInView: (UIView *)view \n[QMUIToastView.m]\n+- (nonnull instancetype)initWithView: (nonnull UIView *)view {\n++ (nullable instancetype)toastInView: (UIView *)view {\n[QMUICommonTableViewController.h]\n+- (nullable instancetype)initWithCoder: (NSCoder *)aDecoder NS_DESIGNATED_INITIALIZER \n[QMUICommonTableViewController.m]\n+- (nullable instancetype)initWithCoder: (NSCoder *)aDecoder {\n[QMUICommonViewController.h]\n+- (nullable instancetype)initWithCoder: (NSCoder *)aDecoder NS_DESIGNATED_INITIALIZER \n[QMUICommonViewController.m]\n+- (nullable instancetype)initWithCoder: (NSCoder *)aDecoder {"
  },
  "d9720fc992d3b681de54df1bfaad4e5eb5ac5688": {
    "message": "Merge pull request #321 from fix-bug-for-QMUIMultipleDelegates\n保护 QMUIMultipleDelegates 在 methodSignatureForSelector: 里返回 nil 可能导致 crash 的情况",
    "diff": "[QMUIMultipleDelegates.m]\n+ 1562\n+ Unfortunately, in order to get this object to work properly, the use of a method which creates an NSMethodSignature\n+ from a C string. -methodSignatureForSelector is called when a compiled definition for the selector cannot be found.\n+ This is the place where we have to create our own dud NSMethodSignature. This is necessary because if this method\n+ returns nil, a selector not found exception is raised. The string argument to -signatureWithObjCTypes: outlines\n+ the return type and arguments to the message. To return a dud NSMethodSignature, pretty much any signature will\n+ suffice. Since the -forwardInvocation call will do nothing if the delegate does not respond to the selector,\n+ the dud NSMethodSignature simply gets us around the exception.\n+ return [NSMethodSignature signatureWithObjCTypes: v c ] "
  },
  "a0be225d086f7eb1db89a32a2636760b68e5f90f": {
    "message": "fixed #270 1. 增加若干个 QMUIDialogViewController 的 UI 属性 2. 修复 2.2.2 版本里新增的 QMUIDialogViewController.buttonBackgroundColor 默认值错误导致应用默认样式的 dialogViewController 按钮文字看不见的问题",
    "diff": "[QMUIDialogViewController.h]\n+ QMUILabel \n+ (nonatomic, assign) UIEdgeInsets dialogViewMargins UI_APPEARANCE_SELECTOR \n+ (nonatomic, strong) UIColor *headerSeparatorColor UI_APPEARANCE_SELECTOR \n+ (nonatomic, assign) UIEdgeInsets contentViewMargins UI_APPEARANCE_SELECTOR \n+ (nonatomic, strong) UIColor *footerSeparatorColor UI_APPEARANCE_SELECTOR \n+ (nonatomic, copy) NSString *textFieldTitle 输入框的标题\n+ (nonatomic, strong, readonly) QMUILabel *textFieldLabel \n+ (nonatomic, strong, readonly) CALayer *textFieldSeparatorLayer \n[QMUIDialogViewController.m]\n+#import QMUILabel.h \n+ dialogViewControllerAppearance.dialogViewMargins = UIEdgeInsetsMake (20, 20, 20, 20) 在实例的 didInitialized 里会适配 iPhone X 的 safeAreaInsets\n+ dialogViewControllerAppearance.maximumContentViewWidth = [QMUIHelper screenSizeFor55Inch].width - UIEdgeInsetsGetHorizontalValue (dialogViewControllerAppearance.dialogViewMargins) \n+ dialogViewControllerAppearance.headerSeparatorColor = UIColorMake (222, 224, 226) \n+ dialogViewControllerAppearance.contentViewMargins = UIEdgeInsetsZero \n+ dialogViewControllerAppearance.footerSeparatorColor = UIColorMake (222, 224, 226) \n+ dialogViewControllerAppearance.buttonBackgroundColor = nil \n+ self.dialogViewMargins = UIEdgeInsetsConcat ([QMUIDialogViewController appearance].dialogViewMargins, IPhoneXSafeAreaInsets) \n+ self.headerSeparatorColor = [QMUIDialogViewController appearance].headerSeparatorColor \n+ self.contentViewMargins = [QMUIDialogViewController appearance].contentViewMargins \n+ self.footerSeparatorColor = [QMUIDialogViewController appearance].footerSeparatorColor \n+ self.titleView.verticalTitleFont = titleLabelFont \n+ self.titleView.verticalSubtitleFont = subTitleLabelFont \n+- (void)setHeaderSeparatorColor: (UIColor *)headerSeparatorColor {\n+ _headerSeparatorColor = headerSeparatorColor \n+ self.headerViewSeparatorLayer.backgroundColor = headerSeparatorColor.CGColor \n+}\n+- (void)setFooterSeparatorColor: (UIColor *)footerSeparatorColor {\n+ _footerSeparatorColor = footerSeparatorColor \n+ self.footerViewSeparatorLayer.backgroundColor = footerSeparatorColor.CGColor \n+ self.buttonSeparatorLayer.backgroundColor = footerSeparatorColor.CGColor \n+ self.headerViewSeparatorLayer.backgroundColor = self.headerSeparatorColor.CGColor \n+ self.headerViewSeparatorLayer.frame = CGRectFlatMake (0, self.headerViewHeight, CGRectGetWidth (self.view.bounds), PixelOne) \n+ CGFloat contentViewMinY = CGRectGetMaxY (self.headerView.frame) + self.contentViewMargins.top \n+ CGFloat contentViewHeight = (isFooterViewShowing CGRectGetMinY (self.footerView.frame) - self.contentViewMargins.bottom : CGRectGetHeight (self.view.bounds)) - contentViewMinY \n+ self.contentView.frame = CGRectMake (self.contentViewMargins.left, contentViewMinY, CGRectGetWidth (self.view.bounds) - UIEdgeInsetsGetHorizontalValue (self.contentViewMargins), contentViewHeight) \n+ self.footerViewSeparatorLayer.backgroundColor = self.footerSeparatorColor.CGColor \n+ modalPresentationViewController.contentViewMargins = self.dialogViewMargins \n+ CGFloat footerHeight = isFooterViewShowing self.footerViewHeight : 0 \n+ CGFloat contentViewVerticalMargin = UIEdgeInsetsGetVerticalValue (self.contentViewMargins) \n+ CGSize contentViewLimitSize = CGSizeMake (limitSize.width, limitSize.height - self.headerViewHeight - contentViewVerticalMargin - footerHeight) \n+ CGSize finalSize = CGSizeMake (fmin (limitSize.width, contentViewSize.width), fmin (limitSize.height, self.headerViewHeight + contentViewSize.height + contentViewVerticalMargin + footerHeight)) \n+ CGFloat tableViewMinY = CGRectGetMaxY (self.headerView.frame) + self.contentViewMargins.top \n+ CGFloat tableViewHeight = CGRectGetHeight (self.view.bounds) - tableViewMinY - ( self.footerView.hidden (CGRectGetHeight (self.footerView.bounds) + self.contentViewMargins.bottom) : 0) \n+ self.tableView.frame = CGRectMake (self.contentViewMargins.left, tableViewMinY, CGRectGetWidth (self.view.bounds) - UIEdgeInsetsGetHorizontalValue (self.contentViewMargins), tableViewHeight) \n+ CGFloat contentViewVerticalMargin = UIEdgeInsetsGetVerticalValue (self.contentViewMargins) \n+ CGFloat footerHeight = self.footerView.hidden CGRectGetHeight (self.footerView.frame) : 0 \n+ CGFloat tableViewLimitHeight = limitSize.height - CGRectGetHeight (self.headerView.frame) - footerHeight - contentViewVerticalMargin \n+ return CGSizeMake (limitSize.width, CGRectGetHeight (self.headerView.frame) + finalTableViewHeight + contentViewVerticalMargin + footerHeight) \n+ (nonatomic, strong, readwrite) QMUILabel *textFieldLabel \n+ (nonatomic, strong, readwrite) CALayer *textFieldSeparatorLayer \n+ (nonatomic, strong, readwrite) QMUITextField *textField \n+ self.textFieldLabel = [[QMUILabel alloc] init] \n+ self.textFieldLabel.font = UIFontBoldMake (12) \n+ self.textFieldLabel.contentEdgeInsets = UIEdgeInsetsMake (11, 16, 8, 16) \n+ self.textFieldLabel.text = \n+ self.textFieldLabel.hidden = YES \n+ [self.view addSubview:self.textFieldLabel] \n+ self.textFieldSeparatorLayer = [CALayer layer] \n+ [self.textFieldSeparatorLayer qmui_removeDefaultAnimations] \n+ self.textFieldSeparatorLayer.backgroundColor = UIColorSeparator.CGColor \n+ [self.view.layer addSublayer:self.textFieldSeparatorLayer] \n+ CGFloat minY = CGRectGetMaxY (self.headerView.frame) + self.contentViewMargins.top \n+ CGFloat horizontalMargin = UIEdgeInsetsGetHorizontalValue (self.contentViewMargins) \n+ CGFloat widthLimit = CGRectGetWidth (self.view.bounds) - horizontalMargin \n+ CGFloat separatorOffsetY = 13.0 \n+ if ( self.textFieldLabel.hidden) {\n+ [self.textFieldLabel sizeToFit] \n+ self.textFieldLabel.frame = CGRectMake (self.contentViewMargins.left, minY, widthLimit, CGRectGetHeight (self.textFieldLabel.bounds)) \n+ minY += CGRectGetHeight (self.textFieldLabel.bounds) \n+ }\n+ CGFloat textFieldHeight = 0 \n+ if (self.footerView.hidden) {\n+ textFieldHeight = CGRectGetHeight (self.view.bounds) - self.contentViewMargins.bottom - minY \n+ } else {\n+ textFieldHeight = CGRectGetMinY (self.footerView.frame) - self.contentViewMargins.bottom - minY \n+ }\n+ self.textField.frame = CGRectMake (self.contentViewMargins.left, minY, widthLimit, textFieldHeight) \n+ self.textFieldSeparatorLayer.frame = CGRectMake (self.contentViewMargins.left + self.textField.textInsets.left, CGRectGetMaxY (self.textField.frame) - PixelOne + separatorOffsetY, widthLimit - self.textField.textInsets.left - self.textField.textInsets.right, PixelOne) \n+#pragma mark - Setters\n+- (void)setTextFieldTitle: (NSString *)textFieldTitle {\n+ _textFieldTitle = textFieldTitle \n+ if (textFieldTitle.length 0) {\n+ self.textFieldLabel.hidden = NO \n+ self.textFieldLabel.text = textFieldTitle \n+ } else {\n+ self.textFieldLabel.hidden = YES \n+ }\n+ [self.view setNeedsLayout] \n+}\n+ CGFloat textFieldHeight = self.textFieldLabel.hidden 56.0 : 25.0 25.0 考虑了行高导致的 offsetoffset\n+ CGFloat textFieldTitleHeight = 29.0 \n+ return CGSizeMake (limitSize.width, CGRectGetHeight (self.headerView.frame) + UIEdgeInsetsGetVerticalValue (self.contentViewMargins) + ( self.textFieldLabel.hidden textFieldTitleHeight : 0) + textFieldHeight + ( self.footerView.hidden CGRectGetHeight (self.footerView.frame) : 0)) "
  },
  "aeabecfe2c9e7e18ca7130783e1ed456e0909ab3": {
    "message": "fixed #268 开启 QMUINavigationControllerDelegate customNavigationBarTransition 功能后，在 pop 时 vc.qmui_navigationBarMaxYInViewCoordinator 为 0 导致布局跳动",
    "diff": "[UIViewController+QMUI.m]\n+ (nonatomic, strong) UINavigationBar by molice 对应 UIViewController (NavigationBarTransition) 里的 transitionNavigationBar，为了让这个属性在这里可以被访问到，有点 hack，具体请查看 268\n+ 这里为什么要把 transitionNavigationBar 考虑进去，请参考 268\n+ UINavigationBar *navigationBar = self.navigationController.navigationBarHidden self.navigationController.navigationBar self.navigationController.navigationBar : ([self respondsToSelector: (transitionNavigationBar)] self.transitionNavigationBar self.transitionNavigationBar : nil) \n+ if ( navigationBar) {\n+ CGRect navigationBarFrameInView = [self.view convertRect:navigationBar.frame fromView:navigationBar.superview] "
  },
  "1613a08a7d0d4cc8396fbf7c66492076625094ae": {
    "message": "fixed #264 1. 配置表改为在 App 启动时自动运行 2. 增加 QMUIConfigurationTemplateProtocol 用于规定配置表的能力",
    "diff": "[QMUIConfigurationTemplate.h]\n+ * QMUIConfigurationTemplate 是一份配置表，用于配合 QMUIConfiguration 来管理整个 App 的全局样式，使用方式 \n+ * 在 QMUI 项目代码的文件夹里找到 QMUIConfigurationTemplate 目录，把里面所有文件复制到自己项目里，保证能被编译到即可，不需要在某些地方 import，也不需要手动运行。\n+ * 更新 QMUIKit 的版本时，请留意 Release Log 里是否有提醒更新配置表，请尽量保持自己项目里的配置表与 QMUIKit 里的配置表一致，避免遗漏新的属性。\n+ * 配置表的 class 名必须以 QMUIConfigurationTemplate 开头，并且实现 QMUIConfigurationTemplateProtocol ，因为这两者是 QMUI 识别该 NSObject 是否为一份配置表的条件。\n+ * QMUI 2.3.0 之后，配置表改为自动运行，不需要再在某个地方手动运行了。\n+ QMUIConfigurationTemplate : NSObject QMUIConfigurationTemplateProtocol \n[QMUIConfigurationTemplate.m]\n+#pragma mark - QMUIConfigurationTemplateProtocol \n+- (void)applyConfigurationTemplate {\n+ QMUICMI.navBarBackIndicatorImage = nil NavBarBackIndicatorImage : 导航栏的返回按钮的图片，图片尺寸需要为 (13, 21)，如果尺寸不一致则会自动调整，以保证与系统的返回按钮图片布局相同。\n+// QMUI 2.3.0 版本里，配置表新增这个方法，返回 YES 表示在 App 启动时要自动应用这份配置表。仅当你的 App 里存在多份配置表时，才需要把除默认配置表之外的其他配置表的返回值改为 NO。\n+- (BOOL)shouldApplyTemplateAutomatically {\n+ return YES \n+}\n[QMUIConfiguration.h]\n+/// 所有配置表都应该实现的 protocol\n+ QMUIConfigurationTemplateProtocol NSObject \n+/// 应用配置表的设置\n+- (void)applyConfigurationTemplate \n+/// 当返回 YES 时，启动 App 的时候 QMUIConfiguration 会自动应用这份配置表。但启动 App 时自动应用的配置表最多只允许一份，如果有多份则其他的会被忽略，需要在某些时机手动应用\n+- (BOOL)shouldApplyTemplateAutomatically \n+- (void)applyInitialTemplate \n[QMUIConfiguration.m]\n+#import runtime.h \n+ static QMUIConfiguration *sharedInstance \n+static BOOL QMUI_hasAppliedInitialTemplate \n+- (void)applyInitialTemplate {\n+ if (QMUI_hasAppliedInitialTemplate) {\n+ return \n+ }\n+ 自动寻找并应用模板的解释参照这里 264\n+ Protocol *protocol = (QMUIConfigurationTemplateProtocol) \n+ int numberOfClasses = objc_getClassList (NULL, 0) \n+ if (numberOfClasses 0) {\n+ Class *classes = (__unsafe_unretained Class *)malloc (sizeof (Class) * numberOfClasses) \n+ numberOfClasses = objc_getClassList (classes, numberOfClasses) \n+ for (int i = 0 i numberOfClasses i++) {\n+ Class class = classes[i] \n+ if ([NSStringFromClass (class) hasPrefix: QMUIConfigurationTemplate ] [class conformsToProtocol:protocol]) {\n+ if ([class instancesRespondToSelector: (shouldApplyTemplateAutomatically)]) {\n+ id QMUIConfigurationTemplateProtocol template = [[class alloc] init] \n+ if ([template shouldApplyTemplateAutomatically]) {\n+ QMUI_hasAppliedInitialTemplate = YES \n+ [template applyConfigurationTemplate] \n+ 只应用第一个 shouldApplyTemplateAutomatically 的主题\n+ break \n+ }\n+ }\n+ }\n+ }\n+ free (classes) \n+ }\n+ QMUI_hasAppliedInitialTemplate = YES \n+}\n+ _navBarBackIndicatorImage = [[_navBarBackIndicatorImage qmui_imageWithSpacingExtensionInsets:UIEdgeInsetsMake (imageExtensionVerticalFloat,\n+ 0,\n+ imageExtensionVerticalFloat,\n+ systemBackIndicatorImageSize.width - customBackIndicatorImageSize.width)] imageWithRenderingMode:_navBarBackIndicatorImage.renderingMode] \n[QMUIConfigurationMacros.h]\n+#define QMUICMI ({[[QMUIConfiguration sharedInstance] applyInitialTemplate] [QMUIConfiguration sharedInstance] })"
  },
  "c96c2431020acbcd06cf0ec11caf4cc18de05c42": {
    "message": "fixed #263 增加 QMUICellHeightCache_UITableViewDelegate 用于在 QMUICellHeightCache 里 safeAreaInsetsDidChange 时通知外面",
    "diff": "[QMUITableViewProtocols.h]\n+ QMUICellHeightCache_UITableViewDataSource\n+/// 搭配 QMUICellHeightCache 使用，对于 UITableView 而言如果要用 QMUICellHeightCache 那套高度计算方式，则必须实现这个方法\n+ QMUICellHeightCache_UITableViewDelegate\n+/// 搭配 QMUICellHeightCache 使用，在 UITableView safeAreaInsetsChange 之后会通过这个方法通知到外面。至于缓存到内存的高度清理、tableView reloadData 的调用，都是在这个方法执行之后才执行。\n+- (void)qmui_willReloadAfterSafeAreaInsetsDidChangeInTableView: (UITableView *)tableView \n+ QMUITableViewDelegate UITableViewDelegate, QMUICellHeightCache_UITableViewDelegate \n+ QMUITableViewDataSource UITableViewDataSource, QMUICellHeightCache_UITableViewDataSource \n[UITableView+QMUIStaticCell.m]\n+ static dispatch_once_t onceToken \n+ dispatch_once ( onceToken, {\n+ ReplaceMethod ([UITableView class], (setDataSource:), (staticCell_setDataSource:)) \n+ ReplaceMethod ([UITableView class], (setDelegate:), (staticCell_setDelegate:)) \n+ }) "
  },
  "1bf181f4bf01aaee454cd0aa8b60886991280073": {
    "message": "fixed #263 修复 UIView (QMUI).qmui_safeAreaInsetsBeforeChange 属性对 UITableView (QMUI) 无效，导致 QMUICellHeightCache 在 safeAreaInsetsDidChange 时没有正确地去 reloadData，从而导致列表 cell 高度错误的问题",
    "diff": "[QMUICellHeightCache.h]\n+ (nonatomic, assign) BOOL automaticallyInvalidateEnabled \n+ (nonatomic, strong, readonly) QMUICellHeightKeyCache *qmui_keyedHeightCache \n+ (nonatomic, strong, readonly) QMUICellHeightIndexPathCache *qmui_indexPathHeightCache \n+ (nonatomic, strong, readonly) QMUICellHeightKeyCache *qmui_keyedHeightCache \n+ (nonatomic, strong, readonly) QMUICellHeightIndexPathCache *qmui_indexPathHeightCache \n[QMUICellHeightCache.m]\n+ static dispatch_once_t onceToken \n+ dispatch_once ( onceToken, {\n+ SEL selectors[] = {\n+ (reloadData),\n+ (insertSections:withRowAnimation:),\n+ (deleteSections:withRowAnimation:),\n+ (reloadSections:withRowAnimation:),\n+ (moveSection:toSection:),\n+ (insertRowsAtIndexPaths:withRowAnimation:),\n+ (deleteRowsAtIndexPaths:withRowAnimation:),\n+ (reloadRowsAtIndexPaths:withRowAnimation:),\n+ (moveRowAtIndexPath:toIndexPath:)\n+ } \n+ for (NSUInteger index = 0 index sizeof (selectors) sizeof (SEL) ++index) {\n+ SEL originalSelector = selectors[index] \n+ SEL swizzledSelector = NSSelectorFromString ([ qmui_ stringByAppendingString:NSStringFromSelector (originalSelector)]) \n+ ReplaceMethod ([self class], originalSelector, swizzledSelector) \n+ }\n+ if ( (iOS 11, *)) {\n+ ReplaceMethod ([self class], (safeAreaInsetsDidChange), (cellHeightCache_safeAreaInsetsDidChange)) \n+ }\n+ }) \n+- (void)cellHeightCache_safeAreaInsetsDidChange {\n+ [self cellHeightCache_safeAreaInsetsDidChange] \n+ if ([self.delegate respondsToSelector: (qmui_willReloadAfterSafeAreaInsetsDidChangeInTableView:)]) {\n+ id QMUICellHeightCache_UITableViewDelegate delegate = (id QMUICellHeightCache_UITableViewDelegate )self.delegate \n+ [delegate qmui_willReloadAfterSafeAreaInsetsDidChangeInTableView:self] \n+ }\n+ id QMUICellHeightCache_UITableViewDataSource dataSource = (id QMUICellHeightCache_UITableViewDataSource )self.dataSource \n[UIView+QMUI.m]\n+ [self qmui_safeAreaInsetsDidChange] "
  },
  "7c5d268ed205d9a9d94edf250782a9f9f45a3681": {
    "message": "fixed #261 修复 QMUINavigationController 存在 presentdViewController 时进行 push 后 isViewControllerTransiting 标志位无法正常被重置，导致后续的所有 push 都被拦截的 bug",
    "diff": "[QMUINavigationController.m]\n+ 增加一个 presentedViewController 作为判断条件是因为这个 261\n+ if ( self.presentedViewController animated) {\n+ if (self.presentedViewController) {\n+ QMUILogInfo ( push 的时候 navigationController 存在一个盖在上面的 presentedViewController，可能导致一些 UINavigationControllerDelegate 不会被调用 ) \n+ }"
  },
  "ca92e3b97442687cfc81303dec86bd4d3971b7db": {
    "message": "Merge pull request #228 from master\nFixed 当使用 xib storyboard 时，button 和 label 的大小展示错误",
    "diff": "[QMUIButton.m]\n+- (CGSize)intrinsicContentSize {\n+ return [self sizeThatFits:CGSizeMake (CGFLOAT_MAX, CGFLOAT_MAX)] \n+}\n[QMUILabel.m]\n+- (CGSize)intrinsicContentSize {\n+ CGFloat preferredMaxLayoutWidth = self.preferredMaxLayoutWidth \n+ if (preferredMaxLayoutWidth = 0) {\n+ preferredMaxLayoutWidth = CGFLOAT_MAX \n+ }\n+ return [self sizeThatFits:CGSizeMake (preferredMaxLayoutWidth, CGFLOAT_MAX)] \n+}"
  },
  "e0f5887cae095bc69924fc50eb22276d7ca5babe": {
    "message": "#230 UIView convertRect:fromView: 在 iOS 8 下可能转换错误导致 crash",
    "diff": "[QMUICommonDefines.h]\n+/// 系统提供的 CGRectIsInfinite 接口只能判断 CGRectInfinite 的情况，而该接口可以用于判断 INFINITY 的值\n+CG_INLINE BOOL\n+CGRectIsInf (CGRect rect) {\n+ return isinf (rect.origin.x) isinf (rect.origin.y) isinf (rect.size.width) isinf (rect.size.height) \n+}\n+/// 判断一个 CGRect 是否合法 例如不带无穷大的值、不带非法数字 \n+ return CGRectIsNull (rect) CGRectIsInfinite (rect) CGRectIsNaN (rect) CGRectIsInf (rect) \n[UIViewController+QMUI.m]\n+ CGRect navigationBarFrameInView = [self.view convertRect:self.navigationController.navigationBar.frame fromView:self.navigationController.navigationBar.superview] \n+ if (IOS_VERSION 9.0) {\n+ iOS 8 用上面的方法转换得到的 x = 1408 iPad 横屏下 ，不知道为什么，暂时认为是系统的 bug，所以这时候先改为转换到 window 坐标系里\n+ navigationBarFrameInView = [self.view convertRect:self.navigationController.navigationBar.frame fromView:nil] \n+ }\n+ CGRect navigationBarFrame = CGRectIntersection (self.view.bounds, navigationBarFrameInView) \n+ 两个 rect 如果不存在交集，CGRectIntersection 计算结果可能为非法的 rect，所以这里做个保护\n+ if ( CGRectIsValidated (navigationBarFrame)) {\n+ return 0 \n+ }\n+ 两个 rect 如果不存在交集，CGRectIntersection 计算结果可能为非法的 rect，所以这里做个保护\n+ if ( CGRectIsValidated (toolbarFrame)) {\n+ return 0 \n+ }"
  },
  "91381d7b8c83882982510e4ec78ca6fab6ff54c0": {
    "message": "Merge pull request #222 from master\n修复代理回调会调用多次的问题,修改AlertAction的Handler的回调时机",
    "diff": "[QMUIAlertController.m]\n+// 再调block回调\n+// if (self.handler) {\n+// self.handler (self) \n+// }\n+ if ([weakSelf.delegate respondsToSelector: (willShowAlertController:)]) {\n+ [weakSelf.delegate willShowAlertController:weakSelf] \n+ }\n+ if ([weakSelf.delegate respondsToSelector: (didShowAlertController:)]) {\n+ [weakSelf.delegate didShowAlertController:weakSelf] \n+ }\n+ if ([weakSelf.delegate respondsToSelector: (willShowAlertController:)]) {\n+ [weakSelf.delegate willShowAlertController:weakSelf] \n+ }\n+ if ([weakSelf.delegate respondsToSelector: (didShowAlertController:)]) {\n+ [weakSelf.delegate didShowAlertController:weakSelf] \n+ }\n+ if ([weakSelf.delegate respondsToSelector: (willHideAlertController:)]) {\n+ [weakSelf.delegate willHideAlertController:weakSelf] \n+ }\n+ if ([weakSelf.delegate respondsToSelector: (didHideAlertController:)]) {\n+ [weakSelf.delegate didHideAlertController:weakSelf] \n+ }\n+ if ([weakSelf.delegate respondsToSelector: (didHideAlertController:)]) {\n+ [weakSelf.delegate didHideAlertController:weakSelf] \n+ }\n+- (void)hideWithAnimated: (BOOL)animated{\n+ [self hideWithAnimated:animated completion:nil] \n+}\n+- (void)hideWithAnimated: (BOOL)animated completion: (void ( ) (void))completion{\n+ if (completion) {\n+ completion () \n+ }\n+ [self hideWithAnimated:YES completion:nil] \n+ [self hideWithAnimated:YES completion: {\n+ if (alertAction.handler) {\n+ alertAction.handler (alertAction) \n+ alertAction.handler = nil \n+ }\n+ }] \n+ [self hideWithAnimated:NO completion:nil] "
  },
  "1276a7d7988160ec3d8025767b37bbfd61e7cb77": {
    "message": "update: optimize the code of creating image by path url #197",
    "diff": "[QMUIAssetsManager.h]\n+#define EnforceUseAssetsLibraryForTest NO 强制在 iOS 8.0 及以上版本中也使用 ALAssetsLibrary，用于调试\n+/// 保存图片到指定相册 传入 UIImage ，该方法是一个 C 方法，与系统 ALAssetsLibrary 保存图片的 C 方法 UIImageWriteToSavedPhotosAlbum 对应，方便调用\n+/// 保存图片到指定相册 传入图片路径 ，该方法是一个 C 方法\n+extern void QMUISaveImageAtPathToSavedPhotosAlbumWithAlbumAssetsGroup (NSString *imagePath, QMUIAssetsGroup *albumAssetsGroup, QMUIWriteAssetCompletionBlock completionBlock) \n[QMUIAssetsManager.m]\n+void QMUISaveImageAtPathToSavedPhotosAlbumWithAlbumAssetsGroup (NSString *imagePath, QMUIAssetsGroup *albumAssetsGroup, QMUIWriteAssetCompletionBlock completionBlock) {\n+ albumAssetsGroup:assetGroup\n+ orientation:orientation\n+ completionBlock: (NSURL *assetURL, NSError *error) {\n+ [_alAssetsLibrary assetForURL:assetURL\n+ resultBlock: (ALAsset *asset) {\n+ QMUIAsset *resultAsset = [[QMUIAsset alloc] initWithALAsset:asset] \n+ completionBlock (resultAsset, error) \n+ } failureBlock: (NSError *error) {\n+ QMUILog ( Get ALAsset of image error : , error) \n+ completionBlock (nil, error) \n+ }] \n+ }] \n+ albumAssetsGroup:assetsGroup\n+ completionBlock: (NSURL *assetURL, NSError *error) {\n+ [_alAssetsLibrary assetForURL:assetURL\n+ resultBlock: (ALAsset *asset) {\n+ QMUIAsset *resultAsset = [[QMUIAsset alloc] initWithALAsset:asset] \n+ completionBlock (resultAsset, error) \n+ } failureBlock: (NSError *error) {\n+ QMUILog ( Get ALAsset of video error: , error) \n+ completionBlock (nil, error) \n+ }] \n+ }] \n+ [[PHPhotoLibrary sharedPhotoLibrary] addImageToAlbum:targetImage imagePathURL:nil albumAssetCollection:albumAssetCollection completionHandler:completionHandler] \n+}\n+- (void)addImageToAlbum: (NSURL *)imagePathURL albumAssetCollection: (PHAssetCollection *)albumAssetCollection completionHandler: (void ( ) (BOOL success, NSDate *creationDate, NSError *error))completionHandler {\n+ [[PHPhotoLibrary sharedPhotoLibrary] addImageToAlbum:nil imagePathURL:imagePathURL albumAssetCollection:albumAssetCollection completionHandler:completionHandler] \n+- (void)addImageToAlbum: (UIImage *)image imagePathURL: (NSURL *)imagePathURL albumAssetCollection: (PHAssetCollection *)albumAssetCollection completionHandler: (void ( ) (BOOL success, NSDate *creationDate, NSError *error))completionHandler {\n+ PHAssetChangeRequest *assetChangeRequest \n+ if (image) {\n+ assetChangeRequest = [PHAssetChangeRequest creationRequestForAssetFromImage:image] \n+ } else if (imagePathURL) {\n+ assetChangeRequest = [PHAssetChangeRequest creationRequestForAssetFromImageAtFileURL:imagePathURL] \n+ } else {\n+ QMUILog ( Creating asset with empty data ) \n+ return \n+ }\n+ BOOL creatingSuccess = success creationDate 若创建时间为 nil，则说明 performChanges 中传入的资源为空，因此需要同时判断 performChanges 是否执行成功以及资源是否有创建时间。\n+ completionHandler (creatingSuccess, creationDate, error) \n+ if (completionBlock) {\n+ completionBlock (assetURL, error) \n+ }\n+ }] \n+ albumAssetsGroup:albumAssetsGroup"
  },
  "49afd65768484636191fd647df37acde8aaf8361": {
    "message": "Merge pull request #197 from master\n使QMUIAssetsManager可以使用图片的本地路径来保存到系统相册",
    "diff": "[QMUIAssetsManager.h]\n+#define EnforceUseAssetsLibraryForTest NO 强制在 iOS 8.0 以上也使用 ALAssetsLibrary，用于调试\n+/// 保存图片到指定相册，该方法是一个 C 方法，与系统 ALAssetsLibrary 保存图片的 C 方法 UIImageWriteToSavedPhotosAlbum 对应，方便调用\n+/// 保存图片到指定相册，该方法是一个 C 方法，方便调用\n+extern void QMUIImageAtPathWriteToSavedPhotosAlbumWithAlbumAssetsGroup (NSString *imagePath, QMUIAssetsGroup *albumAssetsGroup, QMUIWriteAssetCompletionBlock completionBlock) \n+/// 保存视频到指定相册，该方法是一个 C 方法，与系统 ALAssetsLibrary 保存图片的 C 方法 UISaveVideoAtPathToSavedPhotosAlbum 对应，方便调用\n+- (void)saveImageWithImagePathURL: (NSURL *)imagePathURL albumAssetsGroup: (QMUIAssetsGroup *)albumAssetsGroup completionBlock: (QMUIWriteAssetCompletionBlock)completionBlock \n+/// 强制刷新单例中的 ALAssetsLibrary，但你的相册资源发生改变时 创建或删除相册 可以手工调用该方法及时更新\n+- (void)addImageToAlbum: (NSURL *)imagePathURL albumAssetCollection: (PHAssetCollection *)albumAssetCollection completionHandler: (void ( ) (BOOL success, NSDate *creationDate, NSError *error))completionHandler \n+- (void)writeImageAtPathToSavedPhotosAlbum: (NSURL *)imagePathURL albumAssetsGroup: (ALAssetsGroup *)albumAssetsGroup completionBlock: (ALAssetsLibraryWriteImageCompletionBlock)completionBlock \n[QMUIAssetsManager.m]\n+void QMUIImageAtPathWriteToSavedPhotosAlbumWithAlbumAssetsGroup (NSString *imagePath, QMUIAssetsGroup *albumAssetsGroup, QMUIWriteAssetCompletionBlock completionBlock) {\n+ [[QMUIAssetsManager sharedInstance] saveImageWithImagePathURL:[NSURL fileURLWithPath:imagePath] albumAssetsGroup:albumAssetsGroup completionBlock:completionBlock] \n+}\n+- (void)saveImageWithImagePathURL: (NSURL *)imagePathURL albumAssetsGroup: (QMUIAssetsGroup *)albumAssetsGroup completionBlock: (QMUIWriteAssetCompletionBlock)completionBlock {\n+ if (_usePhotoKit) {\n+ PHAssetCollection *albumPhAssetCollection = albumAssetsGroup.phAssetCollection \n+ 把图片加入到指定的相册对应的 PHAssetCollection\n+ [[PHPhotoLibrary sharedPhotoLibrary] addImageToAlbum:imagePathURL\n+ albumAssetCollection:albumPhAssetCollection\n+ completionHandler: (BOOL success, NSDate *creationDate, NSError *error) {\n+ if (success) {\n+ PHFetchOptions *fetchOptions = [[PHFetchOptions alloc] init] \n+ fetchOptions.predicate = [NSPredicate predicateWithFormat: creationDate = , creationDate] \n+ PHFetchResult *fetchResult = [PHAsset fetchAssetsInAssetCollection:albumPhAssetCollection options:fetchOptions] \n+ PHAsset *phAsset = fetchResult.lastObject \n+ QMUIAsset *asset = [[QMUIAsset alloc] initWithPHAsset:phAsset] \n+ completionBlock (asset, error) \n+ } else {\n+ QMUILog ( Get PHAsset of image error: , error) \n+ completionBlock (nil, error) \n+ }\n+ }] \n+ } else {\n+ ALAssetsGroup *assetGroup = albumAssetsGroup.alAssetsGroup \n+ [_alAssetsLibrary writeImageAtPathToSavedPhotosAlbum:imagePathURL albumAssetsGroup:assetGroup completionBlock: (NSURL *assetURL, NSError *error) {\n+ [_alAssetsLibrary assetForURL:assetURL\n+ resultBlock: (ALAsset *asset) {\n+ QMUIAsset *resultAsset = [[QMUIAsset alloc] initWithALAsset:asset] \n+ completionBlock (resultAsset, error) \n+ } failureBlock: (NSError *error) {\n+ QMUILog ( Get ALAsset of image error : , error) \n+ completionBlock (nil, error) \n+ }] \n+ }] \n+ }\n+}\n+- (void)addImageToAlbum: (NSURL *)imagePathURL albumAssetCollection: (PHAssetCollection *)albumAssetCollection completionHandler: (void ( ) (BOOL, NSDate *, NSError *))completionHandler {\n+ __block NSDate *creationDate = nil \n+ [self performChanges: {\n+ 创建一个以图片生成新的 PHAsset，这时图片已经被添加到“相机胶卷”\n+ PHAssetChangeRequest *assetChangeRequest = [PHAssetChangeRequest creationRequestForAssetFromImageAtFileURL:imagePathURL] \n+ assetChangeRequest.creationDate = [NSDate date] \n+ creationDate = assetChangeRequest.creationDate \n+ if (albumAssetCollection.assetCollectionType == PHAssetCollectionTypeAlbum) {\n+ 如果传入的相册类型为标准的相册 非“智能相册”和“时刻” ，则把刚刚创建的 Asset 添加到传入的相册中。\n+ 创建一个改变 PHAssetCollection 的请求，并指定相册对应的 PHAssetCollection\n+ PHAssetCollectionChangeRequest *assetCollectionChangeRequest = [PHAssetCollectionChangeRequest changeRequestForAssetCollection:albumAssetCollection] \n+ **\n+ * 把 PHAsset 加入到对应的 PHAssetCollection 中，系统推荐的方法是调用 placeholderForCreatedAsset ，\n+ * 返回一个的 placeholder 来代替刚创建的 PHAsset 的引用，并把该引用加入到一个 PHAssetCollectionChangeRequest 中。\n+ [assetCollectionChangeRequest addAssets: [[assetChangeRequest placeholderForCreatedAsset]]] \n+ }\n+ } completionHandler: (BOOL success, NSError *error) {\n+ if ( success) {\n+ QMUILog ( Creating asset of image error : , error) \n+ }\n+ if (completionHandler) {\n+ **\n+ * performChanges:completionHandler 不在主线程执行，若用户在该 block 中操作 UI 时会产生一些问题，\n+ * 为了避免这种情况，这里该 block 主动放到主线程执行。\n+ dispatch_async (dispatch_get_main_queue (), {\n+ completionHandler (success, creationDate, error) \n+ }) \n+ }\n+ }] \n+}\n+- (void)writeImageAtPathToSavedPhotosAlbum: (NSURL *)imagePathURL albumAssetsGroup: (ALAssetsGroup *)albumAssetsGroup completionBlock: (ALAssetsLibraryWriteImageCompletionBlock)completionBlock {\n+ 调用系统的添加照片的接口，把图片保存到相机胶卷，从而生成一个图片的 ALAsset\n+ NSData *imageData = [NSData dataWithContentsOfURL:imagePathURL] \n+ [self writeImageDataToSavedPhotosAlbum:imageData metadata:nil completionBlock: (NSURL *assetURL, NSError *error) {\n+ if (error) {\n+ if (completionBlock) {\n+ completionBlock (assetURL, error) \n+ }\n+ } else {\n+ 把获取到的 ALAsset 添加到用户指定的相册中\n+ [self addAssetURL:assetURL\n+ albumAssetsGroup:albumAssetsGroup\n+ completionBlock: (NSError *error) {\n+ if (completionBlock) {\n+ completionBlock (assetURL, error) \n+ }\n+ }] \n+ }\n+ }] \n+}"
  },
  "05bb938a19cf445836a054affc72ad8ec48f406d": {
    "message": "bugfix: added support for synchronized albums from itunes #191",
    "diff": "[QMUIAssetsManager.m]\n+ 获取从 macOS 设备同步过来的相册，同步过来的相册不允许删除照片，因此不会为空\n+ PHFetchResult *macCollections = [PHAssetCollection fetchAssetCollectionsWithType:PHAssetCollectionTypeAlbum subtype:PHAssetCollectionSubtypeAlbumSyncedAlbum options:nil] \n+ 循环从 macOS 设备同步过来的相册\n+ for (NSInteger i = 0 i macCollections.count i++) {\n+ 获取一个相册\n+ PHCollection *collection = macCollections[i] \n+ if ([collection isKindOfClass:[PHAssetCollection class]]) {\n+ PHAssetCollection *assetCollection = (PHAssetCollection *)collection \n+ [tempAlbumsArray addObject:assetCollection] \n+ }\n+ }"
  },
  "832432b8ca56c1d7d8e7243a55b6911ff37ed3fd": {
    "message": "Merge pull request #144 from master\n修复 imageData 为空时可能造成的闪退",
    "diff": "[QMUIAsset.m]\n+ if (imageData) {\n+ [tempInfo setObject:imageData forKey:kAssetInfoImageData] \n+ [tempInfo setObject: (imageData.length) forKey:kAssetInfoSize] \n+ }"
  },
  "d79cd133d719aaff4cc0f62ea52278fbb381a1a8": {
    "message": "Merge pull request #139 from master\n为QMUITips增加Nullability",
    "diff": "[QMUITips.h]\n+NS_ASSUME_NONNULL_BEGIN\n+- (void)showWithText: (nullable NSString *)text \n+- (void)showWithText: (nullable NSString *)text hideAfterDelay: (NSTimeInterval)delay \n+- (void)showWithText: (nullable NSString *)text detailText: (nullable NSString *)detailText \n+- (void)showWithText: (nullable NSString *)text detailText: (nullable NSString *)detailText hideAfterDelay: (NSTimeInterval)delay \n+- (void)showLoading: (nullable NSString *)text \n+- (void)showLoading: (nullable NSString *)text hideAfterDelay: (NSTimeInterval)delay \n+- (void)showLoading: (nullable NSString *)text detailText: (nullable NSString *)detailText \n+- (void)showLoading: (nullable NSString *)text detailText: (nullable NSString *)detailText hideAfterDelay: (NSTimeInterval)delay \n+- (void)showSucceed: (nullable NSString *)text \n+- (void)showSucceed: (nullable NSString *)text hideAfterDelay: (NSTimeInterval)delay \n+- (void)showSucceed: (nullable NSString *)text detailText: (nullable NSString *)detailText \n+- (void)showSucceed: (nullable NSString *)text detailText: (nullable NSString *)detailText hideAfterDelay: (NSTimeInterval)delay \n+- (void)showError: (nullable NSString *)text \n+- (void)showError: (nullable NSString *)text hideAfterDelay: (NSTimeInterval)delay \n+- (void)showError: (nullable NSString *)text detailText: (nullable NSString *)detailText \n+- (void)showError: (nullable NSString *)text detailText: (nullable NSString *)detailText hideAfterDelay: (NSTimeInterval)delay \n+- (void)showInfo: (nullable NSString *)text \n+- (void)showInfo: (nullable NSString *)text hideAfterDelay: (NSTimeInterval)delay \n+- (void)showInfo: (nullable NSString *)text detailText: (nullable NSString *)detailText \n+- (void)showInfo: (nullable NSString *)text detailText: (nullable NSString *)detailText hideAfterDelay: (NSTimeInterval)delay \n++ (QMUITips *)showWithText: (nullable NSString *)text inView: (UIView *)view \n++ (QMUITips *)showWithText: (nullable NSString *)text inView: (UIView *)view hideAfterDelay: (NSTimeInterval)delay \n++ (QMUITips *)showWithText: (nullable NSString *)text detailText: (nullable NSString *)detailText inView: (UIView *)view \n++ (QMUITips *)showWithText: (nullable NSString *)text detailText: (nullable NSString *)detailText inView: (UIView *)view hideAfterDelay: (NSTimeInterval)delay \n++ (QMUITips *)showLoading: (nullable NSString *)text inView: (UIView *)view \n++ (QMUITips *)showLoading: (nullable NSString *)text inView: (UIView *)view hideAfterDelay: (NSTimeInterval)delay \n++ (QMUITips *)showLoading: (nullable NSString *)text detailText: (nullable NSString *)detailText inView: (UIView *)view \n++ (QMUITips *)showLoading: (nullable NSString *)text detailText: (nullable NSString *)detailText inView: (UIView *)view hideAfterDelay: (NSTimeInterval)delay \n++ (QMUITips *)showSucceed: (nullable NSString *)text inView: (UIView *)view \n++ (QMUITips *)showSucceed: (nullable NSString *)text inView: (UIView *)view hideAfterDelay: (NSTimeInterval)delay \n++ (QMUITips *)showSucceed: (nullable NSString *)text detailText: (nullable NSString *)detailText inView: (UIView *)view \n++ (QMUITips *)showSucceed: (nullable NSString *)text detailText: (nullable NSString *)detailText inView: (UIView *)view hideAfterDelay: (NSTimeInterval)delay \n++ (QMUITips *)showError: (nullable NSString *)text inView: (UIView *)view \n++ (QMUITips *)showError: (nullable NSString *)text inView: (UIView *)view hideAfterDelay: (NSTimeInterval)delay \n++ (QMUITips *)showError: (nullable NSString *)text detailText: (nullable NSString *)detailText inView: (UIView *)view \n++ (QMUITips *)showError:nullable (NSString *)text detailText: (nullable NSString *)detailText inView: (UIView *)view hideAfterDelay: (NSTimeInterval)delay \n++ (QMUITips *)showInfo: (nullable NSString *)text inView: (UIView *)view \n++ (QMUITips *)showInfo: (nullable NSString *)text inView: (UIView *)view hideAfterDelay: (NSTimeInterval)delay \n++ (QMUITips *)showInfo: (nullable NSString *)text detailText: (nullable NSString *)detailText inView: (UIView *)view \n++ (QMUITips *)showInfo: (nullable NSString *)text detailText: (nullable NSString *)detailText inView: (UIView *)view hideAfterDelay: (NSTimeInterval)delay \n+NS_ASSUME_NONNULL_END"
  },
  "3389e826f56af2554eb1d9d555eed16ba5e68c00": {
    "message": "Merge pull request #127 from master\nfix QMUIButton s bug when It s load from a nib file.",
    "diff": "[QMUIButton.m]\n+ iOS7以后的button，sizeToFit后默认会自带一个上下的contentInsets，为了保证按钮大小即为内容大小，这里直接去掉，改为一个最小的值。\n+ 不能设为0，否则无效 也不能设置为小数点，否则无法像素对齐\n+ self.contentEdgeInsets = UIEdgeInsetsMake (1, 0, 1, 0) "
  },
  "6b17cb5ffd071cd94d138000021c4c40f80ddd9a": {
    "message": "Merge pull request #81 from master\nMaster",
    "diff": "[QMUIGridView.m]\n+ self.separatorColor = UIColorSeparator "
  },
  "25c5d6ed46d128bf3ca44471c0f42c95e9e36bdb": {
    "message": "Merge pull request #58 from master\nUIImage (QMUI):\n1.修复-[UIImage (QMUI) qmui_grayImage]方法中一个CGImageRef实例没有释放的问题。\n2.修复-[UIImage (QMUI) qmui_imageWithAlpha:]方法在原图片不带alpha通道的情况下透明度调整不正确的问题。\n3.改进+[UIImage (QMUI) qmui_imageWithColor:size:cornerRadius:]方法，使之在圆角为0且颜色不透明的情况下能生成不带alpha通道的纯色图片。",
    "diff": "[UIImage+QMUI.m]\n+ grayImage = [UIImage imageWithCGImage:maskedGrayImageRef scale:self.scale orientation:self.imageOrientation] \n+ UIGraphicsBeginImageContextWithOptions (self.size, NO, self.scale) \n+ UIGraphicsBeginImageContextWithOptions (size, opaque, 0) "
  },
  "9d8f39f6ae08bb42aa43cff7c5179a0e08df47ba": {
    "message": "Merge pull request #53 from master\nfixed typo error",
    "diff": "[QMUIAsset.m]\n+ if (_livePhoto) {"
  },
  "8f94a96236550aacba89d2b287b4b6d3538c1108": {
    "message": "Merge pull request #50 from master\nadd paging effect",
    "diff": "[QMUIImagePreviewView.m]\n+ self.collectionView.decelerationRate = UIScrollViewDecelerationRateFast "
  },
  "c290a97db8fff5729911db6daf543994ee6c79fb": {
    "message": "Merge pull request #47 from master\nMaster",
    "diff": "[UIImage+QMUI.m]\n+ green: ( (CGFloat)rgba[1]) 255.0\n+ CGImageRef grayImageRef = CGBitmapContextCreateImage (context) "
  },
  "03a9da043e5f38dba8f886c1797f60d8c5f22154": {
    "message": "Merge pull request #34 from master\nFix incorrect property naming",
    "diff": "[QMUIDialogViewController.h]\n+ (nonatomic, strong) NSDictionary NSString *, id *buttonTitleAttributes UI_APPEARANCE_SELECTOR \n[QMUIDialogViewController.m]\n+ dialogViewControllerAppearance.buttonTitleAttributes = {NSForegroundColorAttributeName: UIColorBlue, NSKernAttributeName: } \n+ self.buttonTitleAttributes = [QMUIDialogViewController appearance].buttonTitleAttributes \n+- (void)setButtonTitleAttributes: (NSDictionary NSString *,id *)buttonTitleAttributes {\n+ _buttonTitleAttributes = buttonTitleAttributes \n+ [self.cancelButton setAttributedTitle:[[NSAttributedString alloc] initWithString:[self.cancelButton attributedTitleForState:UIControlStateNormal].string attributes:buttonTitleAttributes] forState:UIControlStateNormal] \n+ [self.submitButton setAttributedTitle:[[NSAttributedString alloc] initWithString:[self.submitButton attributedTitleForState:UIControlStateNormal].string attributes:buttonTitleAttributes] forState:UIControlStateNormal] \n+ [button setAttributedTitle:[[NSAttributedString alloc] initWithString:buttonText attributes:self.buttonTitleAttributes] forState:UIControlStateNormal] \n[QMUIAlertController.h]\n+ (nonatomic, strong) NSDictionary NSString *, id *alertTitleAttributes UI_APPEARANCE_SELECTOR \n+ (nonatomic, strong) NSDictionary NSString *, id *alertMessageAttributes UI_APPEARANCE_SELECTOR \n+ (nonatomic, strong) NSDictionary NSString *, id *alertButtonAttributes UI_APPEARANCE_SELECTOR \n+ (nonatomic, strong) NSDictionary NSString *, id *alertButtonDisabledAttributes UI_APPEARANCE_SELECTOR \n+ (nonatomic, strong) NSDictionary NSString *, id *alertCancelButtonAttributes UI_APPEARANCE_SELECTOR \n+ (nonatomic, strong) NSDictionary NSString *, id *alertDestructiveButtonAttributes UI_APPEARANCE_SELECTOR \n+ (nonatomic, strong) NSDictionary NSString *, id *sheetTitleAttributes UI_APPEARANCE_SELECTOR \n+ (nonatomic, strong) NSDictionary NSString *, id *sheetMessageAttributes UI_APPEARANCE_SELECTOR \n+ (nonatomic, strong) NSDictionary NSString *, id *sheetButtonAttributes UI_APPEARANCE_SELECTOR \n+ (nonatomic, strong) NSDictionary NSString *, id *sheetButtonDisabledAttributes UI_APPEARANCE_SELECTOR \n+ (nonatomic, strong) NSDictionary NSString *, id *sheetCancelButtonAttributes UI_APPEARANCE_SELECTOR \n+ (nonatomic, strong) NSDictionary NSString *, id *sheetDestructiveButtonAttributes UI_APPEARANCE_SELECTOR \n[QMUIAlertController.m]\n+ alertControllerAppearance.alertTitleAttributes = {NSForegroundColorAttributeName:UIColorBlack,NSFontAttributeName:UIFontBoldMake (17),NSParagraphStyleAttributeName:[NSMutableParagraphStyle qmui_paragraphStyleWithLineHeight:0 lineBreakMode:NSLineBreakByTruncatingTail]} \n+ alertControllerAppearance.alertMessageAttributes = {NSForegroundColorAttributeName:UIColorBlack,NSFontAttributeName:UIFontMake (13),NSParagraphStyleAttributeName:[NSMutableParagraphStyle qmui_paragraphStyleWithLineHeight:0 lineBreakMode:NSLineBreakByTruncatingTail]} \n+ alertControllerAppearance.alertButtonAttributes = {NSForegroundColorAttributeName:UIColorBlue,NSFontAttributeName:UIFontMake (17),NSKernAttributeName: (0)} \n+ alertControllerAppearance.alertButtonDisabledAttributes = {NSForegroundColorAttributeName:UIColorMake (129, 129, 129),NSFontAttributeName:UIFontMake (17),NSKernAttributeName: (0)} \n+ alertControllerAppearance.alertCancelButtonAttributes = {NSForegroundColorAttributeName:UIColorBlue,NSFontAttributeName:UIFontBoldMake (17),NSKernAttributeName: (0)} \n+ alertControllerAppearance.alertDestructiveButtonAttributes = {NSForegroundColorAttributeName:UIColorRed,NSFontAttributeName:UIFontMake (17),NSKernAttributeName: (0)} \n+ alertControllerAppearance.sheetTitleAttributes = {NSForegroundColorAttributeName:UIColorMake (143, 143, 143),NSFontAttributeName:UIFontBoldMake (13),NSParagraphStyleAttributeName:[NSMutableParagraphStyle qmui_paragraphStyleWithLineHeight:0 lineBreakMode:NSLineBreakByTruncatingTail]} \n+ alertControllerAppearance.sheetMessageAttributes = {NSForegroundColorAttributeName:UIColorMake (143, 143, 143),NSFontAttributeName:UIFontMake (13),NSParagraphStyleAttributeName:[NSMutableParagraphStyle qmui_paragraphStyleWithLineHeight:0 lineBreakMode:NSLineBreakByTruncatingTail]} \n+ alertControllerAppearance.sheetButtonAttributes = {NSForegroundColorAttributeName:UIColorBlue,NSFontAttributeName:UIFontMake (20),NSKernAttributeName: (0)} \n+ alertControllerAppearance.sheetButtonDisabledAttributes = {NSForegroundColorAttributeName:UIColorMake (129, 129, 129),NSFontAttributeName:UIFontMake (20),NSKernAttributeName: (0)} \n+ alertControllerAppearance.sheetCancelButtonAttributes = {NSForegroundColorAttributeName:UIColorBlue,NSFontAttributeName:UIFontBoldMake (20),NSKernAttributeName: (0)} \n+ alertControllerAppearance.sheetDestructiveButtonAttributes = {NSForegroundColorAttributeName:UIColorRed,NSFontAttributeName:UIFontMake (20),NSKernAttributeName: (0)} \n+ self.alertTitleAttributes = [QMUIAlertController appearance].alertTitleAttributes \n+ self.alertMessageAttributes = [QMUIAlertController appearance].alertMessageAttributes \n+ self.alertButtonAttributes = [QMUIAlertController appearance].alertButtonAttributes \n+ self.alertButtonDisabledAttributes = [QMUIAlertController appearance].alertButtonDisabledAttributes \n+ self.alertCancelButtonAttributes = [QMUIAlertController appearance].alertCancelButtonAttributes \n+ self.alertDestructiveButtonAttributes = [QMUIAlertController appearance].alertDestructiveButtonAttributes \n+ self.sheetTitleAttributes = [QMUIAlertController appearance].sheetTitleAttributes \n+ self.sheetMessageAttributes = [QMUIAlertController appearance].sheetMessageAttributes \n+ self.sheetButtonAttributes = [QMUIAlertController appearance].sheetButtonAttributes \n+ self.sheetButtonDisabledAttributes = [QMUIAlertController appearance].sheetButtonDisabledAttributes \n+ self.sheetCancelButtonAttributes = [QMUIAlertController appearance].sheetCancelButtonAttributes \n+ self.sheetDestructiveButtonAttributes = [QMUIAlertController appearance].sheetDestructiveButtonAttributes \n+- (void)setAlertButtonAttributes: (NSDictionary NSString *,id *)alertButtonAttributes {\n+ _alertButtonAttributes = alertButtonAttributes \n+- (void)setSheetButtonAttributes: (NSDictionary NSString *,id *)sheetButtonAttributes {\n+ _sheetButtonAttributes = sheetButtonAttributes \n+- (void)setAlertButtonDisabledAttributes: (NSDictionary NSString *,id *)alertButtonDisabledAttributes {\n+ _alertButtonDisabledAttributes = alertButtonDisabledAttributes \n+- (void)setSheetButtonDisabledAttributes: (NSDictionary NSString *,id *)sheetButtonDisabledAttributes {\n+ _sheetButtonDisabledAttributes = sheetButtonDisabledAttributes \n+- (void)setAlertCancelButtonAttributes: (NSDictionary NSString *,id *)alertCancelButtonAttributes {\n+ _alertCancelButtonAttributes = alertCancelButtonAttributes \n+- (void)setSheetCancelButtonAttributes: (NSDictionary NSString *,id *)sheetCancelButtonAttributes {\n+ _sheetCancelButtonAttributes = sheetCancelButtonAttributes \n+- (void)setAlertDestructiveButtonAttributes: (NSDictionary NSString *,id *)alertDestructiveButtonAttributes {\n+ _alertDestructiveButtonAttributes = alertDestructiveButtonAttributes \n+- (void)setSheetDestructiveButtonAttributes: (NSDictionary NSString *,id *)sheetDestructiveButtonAttributes {\n+ _sheetDestructiveButtonAttributes = sheetDestructiveButtonAttributes \n+- (void)setAlertTitleAttributes: (NSDictionary NSString *,id *)alertTitleAttributes {\n+ _alertTitleAttributes = alertTitleAttributes \n+- (void)setAlertMessageAttributes: (NSDictionary NSString *,id *)alertMessageAttributes {\n+ _alertMessageAttributes = alertMessageAttributes \n+- (void)setSheetTitleAttributes: (NSDictionary NSString *,id *)sheetTitleAttributes {\n+ _sheetTitleAttributes = sheetTitleAttributes \n+- (void)setSheetMessageAttributes: (NSDictionary NSString *,id *)sheetMessageAttributes {\n+ _sheetMessageAttributes = sheetMessageAttributes \n+ NSAttributedString *attributeString = [[NSAttributedString alloc] initWithString:self.title attributes:self.preferredStyle == QMUIAlertControllerStyleAlert self.alertTitleAttributes : self.sheetTitleAttributes] \n+ NSAttributedString *attributeString = [[NSAttributedString alloc] initWithString:self.message attributes:self.preferredStyle == QMUIAlertControllerStyleAlert self.alertMessageAttributes : self.sheetMessageAttributes] \n+ attributeString = [[NSAttributedString alloc] initWithString:alertAction.title attributes:self.preferredStyle == QMUIAlertControllerStyleAlert self.alertCancelButtonAttributes : self.sheetCancelButtonAttributes] \n+ attributeString = [[NSAttributedString alloc] initWithString:alertAction.title attributes:self.preferredStyle == QMUIAlertControllerStyleAlert self.alertDestructiveButtonAttributes : self.sheetDestructiveButtonAttributes] \n+ attributeString = [[NSAttributedString alloc] initWithString:alertAction.title attributes:self.preferredStyle == QMUIAlertControllerStyleAlert self.alertButtonAttributes : self.sheetButtonAttributes] \n+ attributeString = [[NSAttributedString alloc] initWithString:alertAction.title attributes:self.preferredStyle == QMUIAlertControllerStyleAlert self.alertButtonDisabledAttributes : self.sheetButtonDisabledAttributes] "
  },
  "6fafed79d21d76db70b0efcb8057b46e445fc24f": {
    "message": "Merge pull request #33 from master\n[Fix] 前后2个controller都需要hold时的BUG",
    "diff": "[UINavigationController+QMUI.m]\n+ item == viewController.navigationItem to fix: 如果前后2个controller都需要hold时的BUG.\n+ if ( (item == viewController.navigationItem) \n+ [viewController respondsToSelector: (shouldHoldBackButtonEvent)] \n+ [viewController shouldHoldBackButtonEvent] "
  },
  "a4777e002c8ed32f86cb5b68864f5afe0cbd1a90": {
    "message": "Merge pull request #12 from master\nNSMutableArray 改用 strong，改错别字。",
    "diff": "[QMUIImagePickerViewController.h]\n+ (nonatomic, strong) NSMutableArray QMUIAsset * *selectedImageAssetArray 当前被选择的图片对应的 QMUIAsset 对象数组\n[QMUITableViewCell.m]\n+ 否则会导致textLabel的minX逐渐叠加从而使textLabel被移出屏幕外"
  },
  "00d75bdfd5c9548b6de7d09243242a8f4a43e7f4": {
    "message": "Merge pull request #1 from master\nsync",
    "diff": ""
  },
  "59023be1cf32aeecbd4bf6db040d5e9ba98edb05": {
    "message": "Merge pull request #7 from master\nUpdate podspec",
    "diff": ""
  },
  "29991d2bae3b5f43036a1d6a5bf868abcfb91bb9": {
    "message": "Merge pull request #8 from master\n修改错误的注释",
    "diff": "[QMUIMoreOperationController.h]\n+/// 获取当前所有的item\n[UIView+QMUI.h]\n+ * 设置view的width和height\n+ * 设置view的height\n+ * 设置view的y"
  }
}