{
  "1": {
    "summary": "[Support Carthage]",
    "description": "[Support Carthage]"
  },
  "7": {
    "summary": "Update podspec",
    "description": "Add missing resources bundle to podspec file."
  },
  "8": {
    "summary": "fix typo",
    "description": ""
  },
  "12": {
    "summary": "NSMutableArray 改用 strong，改错别字。",
    "description": ""
  },
  "33": {
    "summary": "[Fix] 前后2个controller都需要hold时的BUG",
    "description": ""
  },
  "34": {
    "summary": "Fix incorrect property naming",
    "description": "Should be Attributes not Attributeds "
  },
  "47": {
    "summary": "Master",
    "description": ""
  },
  "50": {
    "summary": "add paging effect",
    "description": "better user experience"
  },
  "53": {
    "summary": "fixed typo error",
    "description": "use _livePhoto"
  },
  "58": {
    "summary": "UIImage (QMUI)分类的四处小改进",
    "description": "1.修复-[UIImage (QMUI) qmui_grayImage]方法中一个CGImageRef实例没有释放的问题。\n2.修复-[UIImage (QMUI) qmui_imageWithAlpha:]方法在原图片不带alpha通道的情况下透明度调整不正确的问题。\n3.改进+[UIImage (QMUI)\nqmui_imageWithColor:size:cornerRadius:]方法，使之在圆角为0且颜色不透明的情况下能生成不带alpha通道的纯色图片。"
  },
  "81": {
    "summary": "Master",
    "description": "当 separatorLayer 创建成功后才设置 separatorColor"
  },
  "127": {
    "summary": "fix QMUIButton s bug when It s load from a nib file.",
    "description": "初始化的时候，如果 contentEdgeInsets 有值，就不应该再强制设置 contentEdgeInsets。"
  },
  "139": {
    "summary": "为QMUITips增加Nullability",
    "description": "为保证在Swift中使用可在Detail中传入nil，增加起Nullability"
  },
  "144": {
    "summary": "修复 imageData 为空时可能造成的闪退",
    "description": "这里 imageData 是可能为空的，所以需要做保护。"
  },
  "191": {
    "summary": "通过iTunes导入的相册，相册列表看不到",
    "description": " 请填写运行环境\n- [x] 设备 iPhone iPad 模拟器 \n- [x] 系统 iOS 10.x \n- [x] Xcode 版本 8.x \n- [x] QMUI iOS 版本 1.x.x \n 请描述具体问题\n 相关截图 断点的堆栈、控制台的 log \n"
  },
  "197": {
    "summary": "使QMUIAssetsManager可以使用图片的本地路径来保存到系统相册",
    "description": "1、有些RAW图片格式，如如索尼的ARW格式，无法转换为UIImage，但是可以通过转化为NSData保存到系统相册，因此增加通过使用图片路径的保存方法。\n2、修复一些typo。"
  },
  "222": {
    "summary": "修复代理回调会调用多次的问题,修改AlertAction的回调时机",
    "description": "修复代理回调会调用多次的问题,修改AlertAction的回调时机为AlertController消失后"
  },
  "228": {
    "summary": "Fixed 当使用 xib storyboard 时，button 和 label 的大小展示错误",
    "description": "当使用 xib storyboard 时, 如果使用 button 和 label 只约束 x，y ，那么系统会使用\nintrinsicContentSize: 方法返回的大小。而 QMUIButton 以及 QMUILabel\n是使用自己的方式计算大小，那么我们也应当复写系统的 intrinsicContentSize 保持计算方式的一致性。"
  },
  "230": {
    "summary": "UIView convertRect:fromView: 在 iOS 8 下可能转换错误",
    "description": " 请填写运行环境\n- [x] 设备 模拟器 \n- [x] 系统 iOS 8.x \n- [x] Xcode 版本 9.x \n- [x] QMUI iOS 版本 2.0.0 \n 请描述具体问题\niPad 横屏，测试代码如下 \n Objective-C\n// 明明 navigationBar.x 是 0，但转换后却得到 1408\nCGRect navigationBarFrameInView = [self.view convertRect:self.navigationController.navigationBar.frame fromView:self.navigationController.navigationBar.superview] \n "
  },
  "261": {
    "summary": "QMUINavigationController 在 present 的同时 push，那么 dismiss 后，原本的 push 界面看不到，以后的 push 也无法响应了",
    "description": " 请填写运行环境\n- [x] 设备 模拟器 \n- [x] 系统 iOS 11.2 \n- [x] Xcode 版本 9.2 \n- [x] QMUI iOS 版本 2.2.2 \n 请描述具体问题\n Objective-C\n// 1. 先 present 一个 vc\nUIViewController *vc = [[UIViewController alloc] init] \n[self presentViewController:vc animated:YES completion:NULL] \n// 2. 同时 push 一个 vc\nUIViewController *vc2 = [[UIViewController alloc] init] \n[self.navigationController pushViewController:vc2 animated:YES] \n// 过了 n 久...\n// 3. 将 1 里 present 的那个 vc dismiss 下来\nvc dismissX \n// 4. 再次 push，会发现无法 push\nUIViewController *vc3 = [[UIViewController alloc] init] \n[self.navigationController pushViewController:vc3 animated:YES] \n \n 原因分析\n在 QMUINavigationController 里为了保护“上一次 push 动画尚未结束就开始下一次 push 操作”容易导致的 crash，增加了属性 isViewControllerTransiting 保护，在 push 时会置为 YES ，在 push 结束后 也即 navigationController:didShowViewController: 恢复为 NO ，只要 isViewControllerTransiting 为 YES 的情况下就不响应任何的 push、pop 操作。\n而在上述的场景下，由于 QMUINavigationController 被 presentedViewController 盖住，导致 push 后并不会走到 navigationController:didShowViewController: ，从而 isViewControllerTransiting 属性没有被正确重置，从而影响了后续的 push 操作。\n"
  },
  "263": {
    "summary": "QMUICellHeightCache 控件在 iPhone X 横竖屏下传给 cell sizeThatFits: 的宽度错误",
    "description": " 请填写运行环境\n- [x] 设备 模拟器 \n- [x] 系统 iOS 11.2 \n- [x] Xcode 版本 9.2 \n- [x] QMUI iOS 版本 2.2.2 \n 请描述具体问题\niPhone X 下横竖屏旋转时， UITableView 的 bounds 和 safeAreaInsets 会在不同的时机更新，每次更新都需要去重新计算 cell 的高度 因为列表的宽度和列表的 insets 均会影响 cell 的高度 ，而使用 QMUICellHeightCache 来计算 cell 高度时，在 qmui_safeAreaDidChange 里没有正确判断 safeAreaInsets 在水平方向的值是否发生了变化，导致在某些时机没有去调用 reloadData，cell 的高度计算就不准确了。\n"
  },
  "264": {
    "summary": "QMUIConfigurationTemplate 没有保证执行时机",
    "description": " 请填写运行环境\n- [x] 设备 模拟器 \n- [x] 系统 iOS 11.2 \n- [x] Xcode 版本 9.2 \n- [x] QMUI iOS 版本 2.2.2 \n 请描述具体问题\n某些 QMUI 控件在用到配置表的值时配置表尚未初始化完成，导致控件的 UI 错误。\n按照文档，目前 QMUI 的配置表使用时机是在项目的 application:didFinishLaunchingWithOptions: 里，但很多 QMUI 控件的 appearance 是在 + initialize 里就使用配置表的值了，此时配置表尚未设置好，导致这时候的值错误。"
  },
  "268": {
    "summary": "开启 QMUINavigationControllerDelegate customNavigationBarTransition 功能后，在 pop 时 vc.qmui_navigationBarMaxYInViewCoordinator 为 0 导致布局跳动",
    "description": " 请填写运行环境\n- [x] 设备 模拟器 \n- [x] 系统 iOS 11.2 \n- [x] Xcode 版本 9.2 \n- [x] QMUI iOS 版本 2.2.2 \n 请描述具体问题\n1. 在某个 vc 的 viewDidLayoutSubviews 方法里布局的时候使用 self.qmui_navigationBarMaxYInViewCoordinator 获取导航栏的位置并相对它布局。\n2. 开启 QMUINavigationControllerDelegate 里优化 pop 时的 navigationBar 效果的相关方法，例如 shouldCustomNavigationBarTransitionWhenPopDisappearing 。\n3. 将该 vc pop 掉。\n4. 会发现布局往上跳动。\n 相关截图\n [image]/1190261/34640299-014c6270-f32b-11e7-80d7-057c7f38ba67.png\n [image]/1190261/34640304-119a2d4c-f32b-11e7-9a8e-93ec70facadc.png\n"
  },
  "270": {
    "summary": "QMUIDialogTextFieldViewController创建的界面,取消和确认按钮均不可见,",
    "description": " 请填写运行环境\n- [x] 设备 iPhone iPad 模拟器 \n- [x] 系统 iOS 11.x \n- [x] Xcode 版本 9.2 \n- [x] QMUI iOS 版本 2.2.2 \n 请描述具体问题\n使用QMUIDialogTextFieldViewController,创建的界面,取消和确认按钮均不可见,\n - (void)showQMUIDialogTextFieldView {\n QMUIDialogTextFieldViewController *dialogViewController = [[QMUIDialogTextFieldViewController alloc] init] \n dialogViewController.title = 请输入昵称 \n dialogViewController.textField.delegate = self \n [simulator screen shot - iphone x - 2018-01-08 at 20 33 34671169-709a8230-f4b4-11e7-94eb-0cff2cfd6333.png\n dialogViewController.textField.placeholder = 昵称 \n dialogViewController.textField.maximumTextLength = 16 \n [dialogViewController addCancelButtonWithText: 取消 block:nil] \n self.currentTextFieldDialogViewController = dialogViewController \n [dialogViewController addSubmitButtonWithText: 确定 block: (QMUIDialogViewController *dialogViewController) {\n [dialogViewController hide] \n }] \n [dialogViewController show] \n} \n 相关截图 断点的堆栈、控制台的 log \n见截图\n"
  },
  "321": {
    "summary": "Fixed bug for QMUIMultipleDelegates",
    "description": "当 delegates 中能够响应的对象在执行 -methodSignatureForSelector: 方法时可能正好被释放掉，那么会返回 nil，而这会导致程序崩溃"
  },
  "389": {
    "summary": "Nullability and Objective-C",
    "description": "增加一些nonnull和nullable以更好的兼容Swift"
  },
  "432": {
    "summary": "[fix] scrollToRowAtIndexPath 中 indexPath 是否合法的判断",
    "description": "未做对section为空row时的判断\n img width= 494 alt= 2018-11-14 4 36 54 48470966-cf117400-e82d-11e8-812c-3574b7cc8a22.png \n"
  },
  "436": {
    "summary": "[fix] scrollToRowAtIndexPath 中 indexPath 是否合法的判断",
    "description": "当 indexPath.row==NSNotFound 时，不管当前 tableview 是否有 rows 都能滚动。"
  },
  "453": {
    "summary": "Update README.md",
    "description": ""
  },
  "465": {
    "summary": "[fix] NSNotFound 逻辑判断回滚到错误版本",
    "description": "当indexPath.row == NSNotFound时，无需再取numberOfRowsInSection做判断。"
  },
  "468": {
    "summary": "fix: request image for asset memory leaks",
    "description": "fix the issue 376] (url)\nIf the image is too big and use the requestImageForAsset function will lead to memory leaks.\n requestImageDataForAsset function will fix this issue. and it default uses the PHImageManagerMaximumSize and PHImageContentModeDefault compared with the requestImageForAsset .\nAlready tested by Xcode instrument leaks .\n"
  },
  "470": {
    "summary": "fix request image for asset memory leaks",
    "description": ""
  }
}