{
  "11": {
    "summary": "MeCab.Tagger import issues",
    "description": "/e9t/konlpy/blob/master/konlpy/tag/_mecab.py\n py\ntry:\n from MeCab import Tagger\nexcept ImportError:\n pass\n \nWithout the MeCab package, it won't work anyway, so it's better not to write except phrases here or raise meaningful exceptions.\n \n",
    "summary_bilingual_indexes": [
      0
    ],
    "description_bilingual_indexes": [
      7
    ]
  },
  "14": {
    "summary": "Update references.rst (UMorpheme link fixed)",
    "description": "",
    "summary_bilingual_indexes": [],
    "description_bilingual_indexes": []
  },
  "17": {
    "summary": "Add Python 3 compatibility.",
    "description": "This patch allows most part of konlpy (except MeCab) to run on Python 3. All other tests in the test suite were passed on both 2.7 and 3.4. Thank you for the great project \n",
    "summary_bilingual_indexes": [],
    "description_bilingual_indexes": []
  },
  "19": {
    "summary": "MeCab Python 3 support",
    "description": "Though most of the wrappers works fine with Python 3, MeCab-ko wrapper for python does not supports Python 3. Monkey patching or waiting for MeCab-ko-python wrapper developers to enhance their libraries, or any other ideas \n",
    "summary_bilingual_indexes": [],
    "description_bilingual_indexes": []
  },
  "25": {
    "summary": "Manual source code OTA",
    "description": "Developer, you have a lot of trouble.\nNot different, but there is OTA in the source code listed in the manual.\n/en/latest/api/konlpy.tag/\nThe part of OTA is here.\nFrom Kkma Class\nprint kkma.morph (you don't use it often, so it's all forgotten.)\nCorrect the morph to morph.\nthank you .\n",
    "summary_bilingual_indexes": [
      0
    ],
    "description_bilingual_indexes": [
      0,
      1,
      3,
      4,
      5,
      6,
      7
    ]
  },
  "26": {
    "summary": "Update install.po",
    "description": "Adjusted by OTA.\n(62bit Windows - 64bit Windows, win-amd62 - win-amd64)\n",
    "summary_bilingual_indexes": [],
    "description_bilingual_indexes": [
      0,
      1
    ]
  },
  "37": {
    "summary": "Fix konlpy.utils.pprint on Windows",
    "description": "When you use konlpy.utils.pprint in Windows, gibberish comes out.\n pre \n from konlpy.utils import pprint\nPprint is\nby\n /pre \n",
    "summary_bilingual_indexes": [],
    "description_bilingual_indexes": [
      0,
      3,
      4
    ]
  },
  "41": {
    "summary": "Correction of Interface",
    "description": "Changes to the algorithm that continues to generate instances when analyze is run\nImproved analysis speed.\n",
    "summary_bilingual_indexes": [
      0
    ],
    "description_bilingual_indexes": [
      0,
      1
    ]
  },
  "42": {
    "summary": "Modify bash script syntax",
    "description": "I tried to install konlpy in virtual environment python3 but failed a lot of time.\nI found bash script syntax error.\nThanks.\n",
    "summary_bilingual_indexes": [],
    "description_bilingual_indexes": []
  },
  "43": {
    "summary": "FileNotFoundError occurred in virtualenv python3",
    "description": " bash\n (python3)Documents pip3 install konlpy\nDownloading/unpacking konlpy\n Downloading konlpy-0.4.0.tar.gz (13.4MB): 13.4MB downloaded\n Running setup.py setup.py) egg_info for package konlpy\n Traceback (most recent call last):\n File string , line 17, in module \n File setup.py , line 59, in module \n install_requires=requirements ())\n File setup.py , line 14, in requirements\n with open (os.path.join (os.path.dirname (__file__), reqfile)) as f:\n FileNotFoundError: [Errno 2] No such file or directory: requirements-py3.txt \n Complete output from command python setup.py egg_info:\n Traceback (most recent call last):\n File string , line 17, in module \n File setup.py , line 59, in module \n install_requires=requirements ())\n File setup.py , line 14, in requirements\n with open (os.path.join (os.path.dirname (__file__), reqfile)) as f:\nFileNotFoundError: [Errno 2] No such file or directory: requirements-py3.txt \n \nCleaning up...\nCommand python setup.py egg_info failed with error code 1 in konlpy\nStoring debug log for failure in pip.log\n \nPython 2.x is installed.\n",
    "summary_bilingual_indexes": [],
    "description_bilingual_indexes": [
      25
    ]
  },
  "48": {
    "summary": "Pypi Upload to Wheel Generation",
    "description": "See also:\n",
    "summary_bilingual_indexes": [
      0
    ],
    "description_bilingual_indexes": [
      0
    ]
  },
  "49": {
    "summary": "Add a Gitter chat badge to README.rst",
    "description": " konlpy now has a Chat Room on Gitter\n has just created a chat room. You can visit it here: konlpy.\nThis pull-request adds this badge to your README.rst:\n[ [Gitter]/Join 20Chat.svg]/konlpy/konlpy\nIf my aim is a little off, please [let me issues.\nHappy chatting.\nPS: [Click opt-out if you would prefer not to receive automatic pull-requests from Gitter in future.\n",
    "summary_bilingual_indexes": [],
    "description_bilingual_indexes": []
  },
  "50": {
    "summary": "Installation error in Python3 when installing version 0.4.2 as a whl file via pip",
    "description": "Originally, Python3 requires the JPype1-py3 package instead of JPype1, and the installation log is being installed on Voni Electronics.\n pre \nepark : pip3 install konlpy --upgrade\nDownloading/unpacking konlpy from konlpy-0.4.2-py2.py3-none-any.whl\n Downloading konlpy-0.4.2-py2.py3-none-any.whl (22.4MB): 22.4MB downloaded\nDownloading/unpacking JPype1 =0.5.7 (from konlpy)\n Downloading JPype1-0.5.7.tar.gz (138kB): 138kB downloaded\n Running setup.py setup.py) egg_info for package JPype1\n Traceback (most recent call last):\n File string , line 17, in module \n File setup.py , line 9, in module \n import exceptions\n ImportError: No module named exceptions \n Complete output from command python setup.py egg_info:\n Traceback (most recent call last):\n File string , line 17, in module \n File setup.py , line 9, in module \n import exceptions\nImportError: No module named exceptions \n \nCleaning up...\nCommand python setup.py egg_info failed with error code 1 in JPype1\nStoring debug log for failure in pip.log\n /pre \nNow we are delivering the requirements.txt, requirements-py3.txt to Python 2, 3 through setup.py in setup.py, and the requirements.txt is being delivered.\n",
    "summary_bilingual_indexes": [
      0
    ],
    "description_bilingual_indexes": [
      0,
      24
    ]
  },
  "59": {
    "summary": "global name jpype is not defined in Kkma ()",
    "description": "- Environment: MacOS, Python 2.7, JPype 0.6.0 (or 0.5.7), python and the majority of modules were installed by Anaconda.\nHi, I had this error message when I try to initiate Kkma ()\n NameError: global name jpype is not defined\n, on the line82 of _kkma.py, where the init function checks jpype.isJVMStarted ()\nIt doesn t throw any error when I manually import jpype in the interpreter. But It fails to import jpype in the _kkma.py, which was confirmed by adding an error message in the _italic_ except statement at the beginning of _kkma.py. I also tried to fix it by adding the path of jpype.egg before it imports jpype, still doesn t work. It may be my problem, not konlpy s, but do you have any idea \nCheers,\nKeunwoo\n",
    "summary_bilingual_indexes": [],
    "description_bilingual_indexes": []
  },
  "67": {
    "summary": "Process finished with exit code -1073741819 (0xC0000005)",
    "description": " python\nfrom konlpy.tag import Twitter\ntwitter = Twitter (jvmpath=None)\nprint (twitter.morphs (in the case of retaliatory procurement rather than single procurement)\n \nProcess finished with exit code -1073741819 (0xC0000005)\n",
    "summary_bilingual_indexes": [
      0
    ],
    "description_bilingual_indexes": [
      3,
      5
    ]
  },
  "69": {
    "summary": "add installation guide for centos6.4",
    "description": "I added installation guide for Centos6.4\n",
    "summary_bilingual_indexes": [],
    "description_bilingual_indexes": []
  },
  "73": {
    "summary": " Kkma ().nouns raises jpype._jexception.java.lang.OutOfMemoryErrorPyRaisable on a weird sentence",
    "description": " \nfrom konlpy.tag import Kkma\n\nnouns = Kkma ().nouns (text)\n \nIf you perform the above text in the form of Kkma ().nouns (text), the CPU and memory resources will be used to the maximum until the error occurs, and it will end with the jpype._jexception.java.lang.OutOfMemoryErrorPyRaisable error after a few minutes.\nNLP is no problem.\n",
    "summary_bilingual_indexes": [],
    "description_bilingual_indexes": [
      2,
      5,
      6
    ]
  },
  "76": {
    "summary": "Problem not finding Java runtime when running on Mac (Yosemite 10.10.4)",
    "description": "When you install konlpy on your Mac and call kkma.nouns (), the instructions to install Java 6 appear with the following error message.\n \nNo Java runtime present, requesting install.\n \n img width= 532 alt= screen shot 2015-09-06 at 1 56 13 am 81662794-543a-11e5-96f5-4dcfcc9f3fc1.png \nJava 7 is currently installed on the system.\n \n java -version \njava version 1.7.0_51 \nJava (TM) SE Runtime Environment (build 1.7.0_51-b13) \nJava HotSpot (TM) 64-Bit Server VM (build 24.51-b03, mixed mode) \n \nNot only JRE but also JDK is installed.\n \n javac -version\njavac 1.7.0_51\n \n",
    "summary_bilingual_indexes": [
      0
    ],
    "description_bilingual_indexes": [
      0,
      5,
      12
    ]
  },
  "86": {
    "summary": "Simplify, replace method to using equals",
    "description": "We changed what was used to use == when comparing strings to call equals.\nWe changed the for door to use the foreach door.\nKonlpy has changed new ArrayList String () to new ArrayList () because it requires an installation of JDK 1.7 or later.\nIn the case of list.toArray (new String[0]), if an element exists in the list, the array is smaller than the list, so the array is always re-generated, which is changed to deliver the list.toArray (new String[list.size ()]) array to be as large as the list.\nThe wording that added element to the list list.add (morphemes[j]) was changed to Collections.addAll (list, morphemes) and the wording for was removed.\n",
    "summary_bilingual_indexes": [],
    "description_bilingual_indexes": [
      0,
      1,
      2,
      3,
      4
    ]
  },
  "101": {
    "summary": "removing sudo check python3 on mecab install script",
    "description": "with sudo , installing on virtual environment fails.\n",
    "summary_bilingual_indexes": [],
    "description_bilingual_indexes": []
  },
  "126": {
    "summary": "Update reference link",
    "description": "#124 Reference related links have been modified.",
    "summary_bilingual_indexes": [],
    "description_bilingual_indexes": [
      0
    ]
  },
  "135": {
    "summary": "Add join parameter",
    "description": "This pull request is about issue #75 .\nDeveloped parts are as follows.\n- Development target\n - _hannanum\n - Add join parameter at parse function (default : False)\n - Add join parameter at pos function (default: False)\n - _kkma\n - Add join parameter at pos function (default: False)\n - _komoran\n - Add join parameter at parse function (default : False)\n - Add join parameter at _parse function (default : False)\n - Add join parameter at pos function (default: False)\n - _mecab\n - Add join parameter at parse function (default : False)\n - Add join parameter at split function (default : False)\n - Add join parameter at pos function (default: False)\n - _twitter\n - Add join parameter at pos function (default: False)\n- Test target\n - Cover pos functions of all the development targets.\n- Documentation\n - Add join parameter description at pos functinos of all the development targets.\n Thanks ",
    "summary_bilingual_indexes": [],
    "description_bilingual_indexes": []
  },
  "158": {
    "summary": "install automake with dependency, check sudo",
    "description": "I don’t know if I only do.\nWhen installing automake directly in Ubuntu 16.04 version, autoconf dependency is not installed normally, so it is fixed to install as a package manager.\nAdditionally, if 93aff9e6e0bde2de77a3e897c18a664193f43c70 is not a virtual environment with a commit, sudo is corrected for permission issues.",
    "summary_bilingual_indexes": [],
    "description_bilingual_indexes": [
      0,
      1,
      2
    ]
  },
  "161": {
    "summary": "Edit directory explicitly: mecab-ko-dic",
    "description": "zsh does not understand cd automake-* and outputs cd: string not in pwd: automake-1.11 \n [image]/18069263/30518866-1f0c21ba-9bc4-11e7-97a1-e5056f2a055e.png\n cd automake-1.11 works\n [image]/18069263/30518872-4f9b83ac-9bc4-11e7-8755-002068f2e5c7.png\n",
    "summary_bilingual_indexes": [],
    "description_bilingual_indexes": []
  },
  "179": {
    "summary": "Utils.pprint gets stream=sys.stderr as an option",
    "description": "In PrettyPrint, you can receive the original stream as an option, which is not allowed in konlpy.\nNo, I simply patched it.\nPprint (Hello) #Existence style\npprint (Hello,stream=sys.stdout) #new to display stdout\npprint (Hello,stream=sys.stderr) #Send print to new stderr\nIt is also possible to use a backward version.\nthank you .",
    "summary_bilingual_indexes": [
      0
    ],
    "description_bilingual_indexes": [
      0,
      1,
      2,
      3,
      4,
      5,
      6
    ]
  },
  "194": {
    "summary": "Remove description.py and change author name",
    "description": "This PR includes the following changes:\nThe package's metadata is divided into description.py, __init__.py, so the electron is removed and only the latter remains.\nIn the case of __version__, the distribution version of koshort has been deleted.\nIn this case, the version imported from the outside through pkg_resources was deleted when you installed the python setup.py install, so it appeared to be installed as the existing package version instead of the version of the current package, if I was wrong, please correct it again.\nPreviously, the package’s author name was Lucy Park, and it was modified to Team KoNLPy.I want to expand my authorship and become a project where the team and the community can participate and contribute.",
    "summary_bilingual_indexes": [],
    "description_bilingual_indexes": [
      0,
      1,
      2,
      3,
      4
    ]
  },
  "198": {
    "summary": " Update Komoran 2.4 - 3",
    "description": "- Komoran 2.4 - Updated to Komoran 3.0.\n- In Komoran added the ability to register user dictionaries in the form of text files.",
    "summary_bilingual_indexes": [],
    "description_bilingual_indexes": [
      0,
      1
    ]
  },
  "199": {
    "summary": "JVM Heap Memory",
    "description": "- When you drive JVM with jpype, there is a phenomenon that the memory continues to increase while using KoNLPy if you do not set the heap memory maximum.\nIf the maximum value is not set, the default value is 32 GB for 64 bits and 1 GB for 32 bits.\nIt is estimated that gc does not work until memory is lacking and leaves memory unnecessarily accumulated.\n- If you get an argument to set heap memory on __init__ of each tagger in konlpy.tag, you will be able to adjust the memory to suit each situation.",
    "summary_bilingual_indexes": [
      0
    ],
    "description_bilingual_indexes": [
      0,
      1,
      2,
      3
    ]
  },
  "200": {
    "summary": "Fix #199",
    "description": "The maximum memory usage limit was placed in the argument of each tagger.",
    "summary_bilingual_indexes": [],
    "description_bilingual_indexes": [
      0
    ]
  },
  "201": {
    "summary": "Ignore empty sentence",
    "description": "When the phrase is divided by sentence (n), an empty sentence is created from the sentence containing the last line separator.\nExample n) — [ is the foregoing , ]\nIn Komoran, if empty str is entered as an input, the null point exception occurs, so if the sentence is empty, the part that ignores it is added.\n",
    "summary_bilingual_indexes": [],
    "description_bilingual_indexes": [
      0,
      1,
      2
    ]
  },
  "211": {
    "summary": "Koshort ♥ KoNLPy",
    "description": "# [Koshort] KoNLPy #202\nChange of\n* Version changed from 0.5.1 to 0.5.2.\n*Koshort utility and data-related functions have been added to konlpy.utils and konlpy.data.\nThe constants module that stored the constants of koshort was transplanted to konlpy.constants.\n* Using the stream subpackage, you can now stream Korean websites with konlpy.\nWhen the pull-request applies, the konlpy package is installed, stream_twitter, stream_naver, stream_daum, stream_google, stream_dcinside and other command line commands can be used.\nLxml, beautifulsoup and other dependencies.\n* Supports Python 2.7, which is not supported by the existing koshort package ( )\nKoshort’s unittest has passed to konlpy.",
    "summary_bilingual_indexes": [],
    "description_bilingual_indexes": [
      1,
      2,
      3,
      4,
      5,
      6,
      7,
      8,
      9
    ]
  },
  "214": {
    "summary": "update latest versions for mecab.sh",
    "description": "update latest mecab-0.996-ko and mecab-ko-dic",
    "summary_bilingual_indexes": [],
    "description_bilingual_indexes": []
  }
}