{
  "1": {
    "summary": "God, would you like to split the source file?",
    "description": "It's tiring to read a document.\n",
    "summary_bilingual_indexes": [
      0
    ],
    "description_bilingual_indexes": [
      0
    ]
  },
  "9": {
    "summary": "It looks like BR will repeat the output. ",
    "description": " js\nvar HelloWorld = Component.defineComponent ({ \n template: div ,\n initData: function () {\n return {\n name: hello world \n } \n }\n}) \nvar foo = new HelloWorld () \nfoo.attach (document.body) \n \n [image]/assets/104052/22020887/77d9846a-dcf5-11e6-98ab-bfdd6c7e8915.png\n",
    "summary_bilingual_indexes": [
      0
    ],
    "description_bilingual_indexes": []
  },
  "10": {
    "summary": "It seems that sometimes Element.bindEvents will be called repeatedly.",
    "description": "Both Element.prototype._created and Element.prototype.attach have the logic to call bindEvents.",
    "summary_bilingual_indexes": [
      0
    ],
    "description_bilingual_indexes": [
      0
    ]
  },
  "11": {
    "summary": "In the value bind handler of select, input.attr returns undefined.",
    "description": " [image]/assets/104052/22615247/d774c8ec-eacb-11e6-9df2-94ef188c103c.png\n",
    "summary_bilingual_indexes": [
      0
    ],
    "description_bilingual_indexes": []
  },
  "12": {
    "summary": "new Tag",
    "description": "-fix # 9 adds a list of self-closing tags\n-add svg support\n-fixed a test problem",
    "summary_bilingual_indexes": [],
    "description_bilingual_indexes": [
      0,
      1,
      2
    ]
  },
  "13": {
    "summary": "Example/todos-amd cannot run. San-router does not contain compiled dist.",
    "description": "RT",
    "summary_bilingual_indexes": [
      0
    ],
    "description_bilingual_indexes": []
  },
  "15": {
    "summary": "property addEventListener : object is null or undefined",
    "description": "Recurrence step\n1. Download the git directory of san\ntwo。 Try to run san's slot example in ie compatibility mode of 360. the mode is ie8, as shown below\n [image]/assets/6822604/23286803/ee0fd750-fa74-11e6-9815-1ece1a20782b.png\n",
    "summary_bilingual_indexes": [],
    "description_bilingual_indexes": [
      0,
      1,
      2
    ]
  },
  "16": {
    "summary": "View update errors caused by multiple set",
    "description": "San version\n3.0.3-rc.6\nDescription\nTemplate\n \n span class= page-num san-if= current - 2 totalPage {{ current - 2 span \n span class= page-num san-if= current - 1 totalPage {{ current - 1 span \n span class= page-num san-if= current totalPage {{ current span \n button button \n \nInitial value\n \n{\n totalPage: 5,\n current: 5\n}\n \nEvent handling\n js\n{\n changeVal () {\n this.data.set ( current , 19) \n this.data.set ( totalPage , 19) \n }\n}\n \nOperation\nClick button\nWrong result\nVbl.\nExpect the result\n \n span 17 /span span 18 /span \n \nProblem positioning\nTwo dispose child task are generated in the first set to remove the first and second span\nThe second set produces two update child task to update the first and second span\nThe root cause is that tasks is executed asynchronously, and view is inconsistent with model before tasks execution is completed. On both occasions, set diff the base state view. The second set should calculate the diff based on the view after the previous set.\nSolution\nIf every set is to do a full amount of diff at the same time, empty the task queue.\n",
    "summary_bilingual_indexes": [
      0
    ],
    "description_bilingual_indexes": [
      0,
      2,
      3,
      10,
      17,
      26,
      27,
      28,
      29,
      30,
      34,
      35,
      36,
      37,
      38,
      39
    ]
  },
  "18": {
    "summary": "Subcomponent data is updated with finer granularity",
    "description": " javascript\n san.defineComponent ({\n components: {\n ui-user : UserInfo\n },\n template: div ui-user div \n }) \n \nWhen data.set (md.user.name), update the info.name of the data items inside the user component, do not inject the entire info",
    "summary_bilingual_indexes": [
      0
    ],
    "description_bilingual_indexes": [
      8
    ]
  },
  "19": {
    "summary": "When the array item contains a data reference to the array itself, and the array operation causes the array to change, the view of the existing array item is not refreshed.",
    "description": " \n a title= {{1 + list.length}} san-for= item in a \n \n \ninitData: function () {\n return {\n list: [1,2],\nthis.data.push ( list , 3)\n \n",
    "summary_bilingual_indexes": [
      0
    ],
    "description_bilingual_indexes": []
  },
  "24": {
    "summary": "The problem of incorrect parsing of multiple attribute assignment in input [type=file]",
    "description": "Problems encountered when implementing a file upload component\nIn file input, the single and multiple selections of files controlled by a Boolean value cannot be parsed correctly. The code is as follows\n [image]/assets/8756716/24289517/9ef61fe0-10bc-11e7-93e6-24055f1d125a.png\n",
    "summary_bilingual_indexes": [
      0
    ],
    "description_bilingual_indexes": [
      0,
      1
    ]
  },
  "25": {
    "summary": "support ime composition",
    "description": "fix #6 ",
    "summary_bilingual_indexes": [],
    "description_bilingual_indexes": []
  },
  "26": {
    "summary": "fix param error",
    "description": "Error in modifying parameters",
    "summary_bilingual_indexes": [],
    "description_bilingual_indexes": [
      0
    ]
  },
  "28": {
    "summary": "fix typo error",
    "description": "A problem often encountered by a novice, but misspelled",
    "summary_bilingual_indexes": [],
    "description_bilingual_indexes": [
      0
    ]
  },
  "30": {
    "summary": "The created life cycle does not meet expectations when components have a parent-child relationship",
    "description": "Environment\n-Library version 3.0.3\n-browser version Chrome 58\n-system version macOS Sierra 10.12.4\nDescription\nWhen there is a parent-child relationship, the created hook function of the parent component is executed twice, and the created hook function of the child component gets the el property of the instance as undefined, so the performance of the parent and child components is inconsistent in the same life cycle.\nCase\nOnline demonstration\n/Dafrok/pen/oWEZYE\nBusiness logic\nCreate and mount two components with a parent-child relationship, and output the el properties of the current instance on the console during the create cycle, respectively.\nExpected output\n \nparent el: div div ​\nchildren el: div div ​\n \nActual output\n \nparent el: div div ​\nchildren el: undefined\nparent el: div div ​\n ",
    "summary_bilingual_indexes": [
      0
    ],
    "description_bilingual_indexes": [
      0,
      1,
      2,
      3,
      4,
      5,
      6,
      7,
      9,
      10,
      11,
      16
    ]
  },
  "32": {
    "summary": "Anonymous Boolean type variables are treated as variable names in properties, instructions, and event parameters",
    "description": "Reproduce use case\n[Codepen]/Dafrok/pen/XRBGwB\nExpected output\n- Boolean Prop: true\n- Named Variable Prop: false\n- Number Prop: 666\n \ntrue - log (true)\nfalse - log (false)\n \nActual output\n- Boolean Prop:\n- Named Variable Prop: It s a variable named false \n- Number Prop: 666\nYou can never see me if san-if= true .\nYou can see me although san-if= false .\n \nundefined - log (true)\nIt s a variable named false - log (false)\n \nSupplementary explanation\nIt doesn't make any sense to use anonymous variables in san-if instructions, just to enumerate one case.\nSource code\n javascript\nconst Children = san.defineComponent ({\n template: ul \n li Boolean Prop: li \n li Named Variable Prop: li \n li Number Prop: li \n ul \n})\nconst Parent = san.defineComponent ({\n components: {\n child-comp : Children\n },\n template: div \n child-comp\n booleanProp= {{true}} \n namedVariableProp= {{false}} \n numberProp= {{666}} \n child-comp \n p san-if= true You can never see me if p \n p san-if= false You can see me although p \n button button \n button button \n div ,\n initData () {\n return {\n false: It s a variable named false \n }\n },\n log (msg) {\n console.log (msg)\n }\n})\nconst comp = new Parent ()\ncomp.attach (document.body)\n ",
    "summary_bilingual_indexes": [
      0
    ],
    "description_bilingual_indexes": [
      0,
      2,
      10,
      20,
      21,
      22
    ]
  },
  "34": {
    "summary": "The ergodic option cannot be correctly select",
    "description": "Environment\n- Chrome \n- san .1.0\nReproduce use case\n/Dafrok/pen/OmrqgZ\nExpected output\nSelect element value is bar\nActual output\nSelect element value is foo",
    "summary_bilingual_indexes": [
      0
    ],
    "description_bilingual_indexes": [
      0,
      3,
      5,
      6,
      7,
      8
    ]
  },
  "36": {
    "summary": "Data cannot be synchronized when two-way binding declares properties in square brackets",
    "description": "Environment\n- Chrome \n- san .1.0-alpha.1\nReproduce use case\n/Dafrok/pen/LyqdxG\nExpected output\nWhen you change any of the input values, the rest of the tags are synchronized to the current values.\n \nActual output\nWhen you change the input value marked in red, the rest of the tags are not synchronized and the model layer does not change.",
    "summary_bilingual_indexes": [
      0
    ],
    "description_bilingual_indexes": [
      0,
      3,
      5,
      6,
      8,
      9
    ]
  },
  "38": {
    "summary": "Provide support for dynamic draggable properties",
    "description": "problem\nAfter binding the draggable property, change the value of model, and you can observe that the draggable property does not continue to change after it becomes true.\nReproduce use case\n/Dafrok/pen/ZKgZmm",
    "summary_bilingual_indexes": [
      0
    ],
    "description_bilingual_indexes": [
      0,
      1,
      2
    ]
  },
  "39": {
    "summary": "Sets the selected state of reset checkbox when the data item bound by checkbox is an empty array",
    "description": "",
    "summary_bilingual_indexes": [
      0
    ],
    "description_bilingual_indexes": []
  },
  "40": {
    "summary": "Support for dataType",
    "description": "And after discussion, determine\n1. Only do validate, not type conversion first.\n2. Dev version supports it, while release version ignores it\nThen there is form.\n json schema\nIt's too big, and it can only support types defined by json. I didn't read spec properly, and I don't know how to support date, a commonly used compound type.\n react propType\n/facebook/prop-types\nIn this way, in addition to supporting basic types,\n-support for required\n-support for multiple types\n-support enumeration\n-support range in disguise\n-support for deep structures\n-it's annoying to write, such as defining an array in which each item contains id,age, which seems to be PropTypes.arrayOf (PropTypes.shape ({id,age}))\nSimilar to vue, close to JS\n js\ndataType= {\n name: String,\n age: Number,\n addr: {\n provider: String,\n city: String\n }\n}\n \nIn this way, in addition to supporting basic types, it can support deep structures at most, but many value-related ones cannot be done. Of course, you can open support for function to customize the validation rules. If there are built-in verification rules, it is no different from react propType.\nLet's discuss it.\nWhich one do you two think is better?\n",
    "summary_bilingual_indexes": [
      0
    ],
    "description_bilingual_indexes": [
      0,
      1,
      2,
      3,
      5,
      8,
      9,
      10,
      11,
      12,
      13,
      14,
      15,
      26,
      27,
      28
    ]
  },
  "41": {
    "summary": "The problem of bidirectional binding of data",
    "description": " js\nvar Foo = san.defineComponent ({\n template: \n + template \n + div san-for= item in items \n + div class= row \n + label {{item.label}} - label \n + div class= boxes \n + span san-for= box in item.datasource \n + input type= checkbox value= {{box.value}} {{box.title}} \n + span \n + div end of boxes\n + div end of row\n + div \n + template ,\n \n filters: {\n join (value) {\n return value.join ( , )\n } \n },\n \n initData () {\n return {\n items: [\n {\n label: A ,\n datasource: [\n {\n title: foo ,\n value: foo \n },\n {\n title: bar ,\n value: bar \n }\n ],\n values: [ foo ]\n },\n {\n label: B ,\n datasource: [\n {\n title: foo ,\n value: foo \n },\n {\n title: bar ,\n value: bar \n }\n ],\n values: [ bar , foo ]\n }\n ]\n }\n }\n}) \nvar foo = new Foo () \nfoo.attach (document.body) \n \nAm I using this place checked= {= item.values=} incorrectly?",
    "summary_bilingual_indexes": [
      0
    ],
    "description_bilingual_indexes": [
      60
    ]
  },
  "42": {
    "summary": "Add DataTypes function",
    "description": "For more information, see # 40",
    "summary_bilingual_indexes": [
      0
    ],
    "description_bilingual_indexes": [
      0
    ]
  },
  "43": {
    "summary": "The view has not been updated after the Data change",
    "description": " \n var Issue = san.defineComponent ({\n template: template \n }) \n var Foo = san.defineComponent ({\n components: {\n x-issue : Issue\n },\n template: \n + template \n + div san-for= item, index in items \n + div class= row \n + label \n + x-issue \n + button button \n + table border= 1px tr san-for= o in table \n + x-issue end of x-issue\n + div end of row\n + div \n + template ,\n addText (index) {\n this.data.push ( items[ + index + ].datasource , {label: Date.now ()}) \n },\n initData () {\n return {\n items: [\n {\n label: A ,\n datasource: []\n }\n ]\n }\n }\n }) \n var foo = new Foo () \n foo.attach (document.body) \n \nThere will be no problem if you replace x-issue with div, so it's a little weird.",
    "summary_bilingual_indexes": [
      0
    ],
    "description_bilingual_indexes": [
      37
    ]
  },
  "44": {
    "summary": "There seems to be something wrong with san-if 's judgment logic.",
    "description": " \n var Foo = san.defineComponent ({\n template: \n + template \n + input type= text value= {=value=} \n + div san-if= {{isFoo}} is div \n + div san-if= {{ isFoo}} is not div \n + template ,\n computed: {\n isFoo () {\n const value = this.data.get ( value ) \n return value foo \n }\n },\n initData () {\n return {\n value: oo \n }\n }\n }) \n var foo = new Foo () \n foo.attach (document.body) \n \nIf the div san-if= {{isFoo}} is not div is changed to div san-else is not div, it is in line with expectations.\nOr changing it to div san-if= {{value = = foo}} is not div is also as expected.",
    "summary_bilingual_indexes": [
      0
    ],
    "description_bilingual_indexes": [
      23,
      24
    ]
  },
  "45": {
    "summary": "The binding of dynamic multi-level expressions does not take effect",
    "description": " \n it ( dynamic expr long path , function (done) {\n var wrap = document.createElement ( div ) \n document.body.appendChild (wrap) \n var MyComponent = san.defineComponent ({\n template: \n + div \n + div san-for= item, index in config \n + div \n + div san-for= child, ci in item.children \n + {{index}} - {{ci}} : input \n + div \n + div \n + div ,\n initData: function () {\n return {\n result: {},\n config: [\n {\n name: erik ,\n children: [\n {\n name: erik-child-0 \n },\n {\n name: erik-child-1 \n }\n ]\n }\n ]\n }\n },\n attached: function () {\n var input = wrap.getElementsByTagName ( input )[0] \n triggerEvent ( # + input.id, input , 666 ) \n setTimeout (this.doneSpec.bind (this), 600) \n },\n doneSpec: function () {\n var result = this.data.get ( result ) \n expect (result.erik).toBe ( 666 ) \n this.dispose () \n document.body.removeChild (wrap) \n done () \n },\n }) \n var myComponent = new MyComponent () \n myComponent.attach (wrap) \n }) \n ",
    "summary_bilingual_indexes": [
      0
    ],
    "description_bilingual_indexes": []
  },
  "47": {
    "summary": "View does not change after data update",
    "description": " \n var Block = san.defineComponent ({\n template: template div template \n }) \n var Foo = san.defineComponent ({\n components: {\n x-block : Block\n },\n template: \n + template \n + x-block x-block \n + x-block x-block \n + template ,\n initData () {\n return {\n f: false,\n foo: foo ,\n bar: bar \n }\n }\n }) \n var foo = new Foo () \n foo.attach (document.body) \n \nAfter the page is opened, if you perform foo.data.set (bar, 123) in the console, the page should be updated, but not.",
    "summary_bilingual_indexes": [
      0
    ],
    "description_bilingual_indexes": [
      24
    ]
  },
  "50": {
    "summary": "After using Slot, Data and View are out of sync",
    "description": " \nvar BoxGroup = san.defineComponent ({\n template: template div class= box-group \n + div san-for= item in datasource \n + label input type= checkbox value= {{item.value}} checked= {=value=} label \n + div \n + template ,\n initData: function () {\n return {\n datasource: [],\n value: []\n } \n }\n}) \nvar Issue = san.defineComponent ({\n template: div \n}) \nvar App = san.defineComponent ({\n components: {\n ui-boxgroup : BoxGroup,\n x-issue : Issue\n },\n template: template \n + button \n + x-issue san-for= p in groups \n + div value: div \n + ui-boxgroup datasource= {{p.datasource}} value= {=p.value=} \n + x-issue \n + template ,\n initData: function () {\n return {\n groups: [\n {\n datasource: [\n {text: foo , value: foo },\n {text: bar , value: bar }\n ],\n value: []\n },\n {\n datasource: [\n {text: abc , value: abc },\n {text: 123 , value: 123 }\n ],\n value: []\n }\n ]\n }\n },\n onClick: function () {\n this.data.set ( groups[0].value , []) \n this.data.set ( groups[1].value , []) \n }\n}) \nvar app = new App () \napp.attach (document.body)\n \nIf you replace x-issue with div, everything will be fine.",
    "summary_bilingual_indexes": [
      0
    ],
    "description_bilingual_indexes": [
      57
    ]
  },
  "51": {
    "summary": "Life cycle problems of san",
    "description": "Recently, when using san, I found that the created method of san component will be called twice.\nSo clone the latest version of san, use todos_esnext in example to verify in list.san, and also find that created executes the order of life cycle twice is normal.\nHere is what the console prints\n \nList.san 7f39:67 compiled\nList.san 7f39:63 inited\nList.san 7f39:59 created\nList.san 7f39:59 created\nList.san 7f39:55 attached\n ",
    "summary_bilingual_indexes": [
      0
    ],
    "description_bilingual_indexes": [
      0,
      1,
      2
    ]
  },
  "56": {
    "summary": "Fixed a problem where data types check verifies without data binding",
    "description": "",
    "summary_bilingual_indexes": [
      0
    ],
    "description_bilingual_indexes": []
  },
  "57": {
    "summary": "Camel-component-binds.js complements the dependency of the IndexedList module",
    "description": "",
    "summary_bilingual_indexes": [
      0
    ],
    "description_bilingual_indexes": []
  },
  "58": {
    "summary": "[bug] presentation problems caused by dispatch-messages modifying parent component data",
    "description": "Version san. 1.3\nBecause the Element of san initializes the child component during the genHTML process, the data of the parent component can be modified through dispatch after the initial completion of the child component. This leads to data inconsistencies throughout the process, with dom rendering in front of the sub-component in template using data before dispatch, while dom after the sub-component is rendered as new data.\n[reproducible demo QgJeKQ",
    "summary_bilingual_indexes": [
      0
    ],
    "description_bilingual_indexes": [
      0,
      1,
      2
    ]
  },
  "59": {
    "summary": "Stump for script tags will affect CSS selector. It is recommended to use comment tag instead.",
    "description": "Description\nIn some scenarios, when using the s-if s-for instruction, san will insert a script tag into the first or last node of the parent node, causing CSS selector to misjudge.\nReproduce use case\nInput\n Stylus\n stylus\nul\n li\n color green\n li:first-child\n color blue\n li:last-child\n color red\n \n JavaScript\n es\nconst App = san.defineComponent ({\n template: ul \n li s-for= item in li \n ul ,\n initData () {\n return {\n list: [1, 2, 3]\n }\n }\n})\nconst app = new App ()\napp.attach (document.body)\n \nExpected output\n html\n ul \nLi-blue-\nLi-green--\nLi-red-\n /ul \n \nActual output\n html\n ul \nLi-blue-\nLi-green--\nLi-green--\n script script \n /ul \n \nOnline demonstration\n/Dafrok/pen/LLQexv\nSuggestion\nUse special comment tag instead of script tags as placeholders.",
    "summary_bilingual_indexes": [
      0
    ],
    "description_bilingual_indexes": [
      0,
      1,
      2,
      3,
      29,
      32,
      33,
      34,
      37,
      40,
      41,
      42,
      46,
      48,
      49
    ]
  },
  "62": {
    "summary": "IE9 has a few questions below.",
    "description": "Version 3.1.3\n [image]/104052/28259499-1e372f28-6b09-11e7-98c4-44f0c1c81783.png\n \n [image]/104052/28259512-37aa3054-6b09-11e7-96e5-14c2c1eb0e64.png\n",
    "summary_bilingual_indexes": [
      0
    ],
    "description_bilingual_indexes": [
      0
    ]
  },
  "69": {
    "summary": "Questions about the form-select",
    "description": "At first I thought there was something wrong with the document, but later I found out that it was not. In select, you can indeed use {==} to achieve bidirectional binding.\nBut there are still a few problems with writing code \n \nvar MyApp = san.defineComponent ({\n template: \n select value= {=online=} \n option option \n option option \n option option \n select \n \n }) \n var myApp = new MyApp () \n myApp.attach (document.body) \n \nIt's a mistake. \n \nsan.dev.js:2627 Uncaught TypeError: Cannot read property get of undefined\n at evalExpr (san.dev.js:2627)\n at ComponentClass.Node.evalExpr (san.dev.js:3381)\n at Object.attr (san.dev.js:3710)\n at san.dev.js:3877\n at each (san.dev.js:174)\n at IndexedList.each (san.dev.js:587)\n at genElementStartHTML (san.dev.js:3869)\n at Element.genHTML (san.dev.js:4249)\n at san.dev.js:3949\n at each (san.dev.js:174)\n \nHowever, select bind-value= online or a layer of root elements such as div outside select, the result is normal\nNot sure why, ask for advice...\n",
    "summary_bilingual_indexes": [
      0
    ],
    "description_bilingual_indexes": [
      0,
      1,
      15,
      29,
      30
    ]
  },
  "70": {
    "summary": "The san object cannot be properly mounted on the window.__SAN_DEVTOOL__",
    "description": "In the case of webpack, the parameter root is {}, so the detection of devtool fails and the related message cannot be sent.\n img width= 794 alt= 90cbce75818be28a601c74542 28987151-af22a264-799c-11e7-9504-39dbbb3e4424.png \n",
    "summary_bilingual_indexes": [
      0
    ],
    "description_bilingual_indexes": [
      0
    ]
  },
  "71": {
    "summary": "Todos-esnext cannot be run in an IE browser",
    "description": "/ ecomfe/san/tree/master/example/todos-esnext cannot be run in IE browser\nPrompt\nSCRIPT5009: \"Symbol\" is not defined",
    "summary_bilingual_indexes": [
      0
    ],
    "description_bilingual_indexes": [
      0,
      1,
      2
    ]
  },
  "72": {
    "summary": "this in gen-element-childs-html.js file is undefined",
    "description": " [image]/3760804/29023700-73ac27a8-7ba1-11e7-9807-b09070235e2b.png\n",
    "summary_bilingual_indexes": [
      0
    ],
    "description_bilingual_indexes": []
  },
  "75": {
    "summary": "When a bidirectional binding component is used as the outermost component, the bidirectional binding fails",
    "description": "In the following code, the online property cannot be bound in both directions\n \n DOCTYPE html \n html lang= en \n head \n meta charset= UTF-8 \n title min san title \n meta http-equiv= X-UA-Compatible content= IE=Edge \n meta name= viewport content= width=device-width, initial-scale=1 \n /head \n body \n script script \n script \n var MyApp = san.defineComponent ({\n template: \n input type= text value= {=online=} \n ,\n initData () {\n return {\n online: errorrik ,\n test: \n } \n },\n computed: {\n test () {\n console.log (this.data.get ( online )) \n return this.data.get ( online ) \n }\n }\n }) \n var myApp = new MyApp () \n myApp.attach (document.body) \n script \n /body \n /html \n \nThe following code can implement the binding\n \n DOCTYPE html \n html lang= en \n head \n meta charset= UTF-8 \n title min san title \n meta http-equiv= X-UA-Compatible content= IE=Edge \n meta name= viewport content= width=device-width, initial-scale=1 \n /head \n body \n script script \n script \n var MyApp = san.defineComponent ({\n template: \n div \n input type= text div \n ,\n initData () {\n return {\n online: errorrik ,\n test: \n } \n },\n computed: {\n test () {\n console.log (this.data.get ( online )) \n return this.data.get ( online ) \n }\n }\n }) \n var myApp = new MyApp () \n myApp.attach (document.body) \n script \n /body \n /html \n \nSelect components have the same problem.",
    "summary_bilingual_indexes": [
      0
    ],
    "description_bilingual_indexes": [
      0,
      36,
      73
    ]
  },
  "77": {
    "summary": "Solve the problem of reporting errors under IE after uglify when class for reserved words are key names",
    "description": "Because uglify does not set the screw_ie8 option, the quotes of the object key names in the files compressed by uglify after build are removed, resulting in errors thrown by objects with reserved words such as class for in IE6-8.",
    "summary_bilingual_indexes": [
      0
    ],
    "description_bilingual_indexes": [
      0
    ]
  },
  "79": {
    "summary": "The DOM node generated under IE8 may not be in the correct location.",
    "description": " [image]/104052/29519424-0567a49c-86b0-11e7-960f-f0ac51490488.png\nBut in the source code, the position is actually the first.\n [image]/104052/29519463-250abcd0-86b0-11e7-909e-5b7e95b910e0.png\n",
    "summary_bilingual_indexes": [
      0
    ],
    "description_bilingual_indexes": [
      1
    ]
  },
  "81": {
    "summary": "Add missing screw_ie8 options",
    "description": "In the previous configuration, the generated *. Min.js cannot be run under ie8. For, class, x.else are not dealt with.",
    "summary_bilingual_indexes": [],
    "description_bilingual_indexes": [
      0
    ]
  },
  "82": {
    "summary": "Improve the friendliness of defineComponent method, avoid duplicate definition, throw error in abnormal use",
    "description": "In the project, based on business considerations, e.g. Single-component size, which has tried to separate the component development and runtime environment of san. In this case, when the san wrapper is called recursively, there is a risk of duplicate definition because there is no verification logic inside the defineComponent of san. The pull request adds the internal check logic of the wrapper and throws an error for the exception use case to facilitate the framework user to locate the problem.",
    "summary_bilingual_indexes": [
      0
    ],
    "description_bilingual_indexes": [
      0
    ]
  },
  "83": {
    "summary": "Add s-elif instruction",
    "description": "Imagine\n html\n div div \n div div \n div div \n \nWhen isA is TRUE, both An and C will be printed. If the results are in line with expectations, is it necessary to add a new * smurselaff *",
    "summary_bilingual_indexes": [
      0
    ],
    "description_bilingual_indexes": [
      0,
      6
    ]
  },
  "84": {
    "summary": "Manipulating data in an inited hook function, such as calling the set method or the push method, triggers two data changes",
    "description": "When you call the this.data.set method or this.data.push in inited, it will cause two data changes, both of which will trigger the view changes, resulting in the view update not as expected. Reproduction address [codepen address] / asd123freedom/pen/brZvMg",
    "summary_bilingual_indexes": [
      0
    ],
    "description_bilingual_indexes": [
      0
    ]
  },
  "86": {
    "summary": "When s-if is used in conjunction with svg, svg loses the viewBox attribute when the value of s-if changes.",
    "description": "[codepen address] / asd123freedom/pen/mBJMPM",
    "summary_bilingual_indexes": [
      0
    ],
    "description_bilingual_indexes": [
      0
    ]
  },
  "87": {
    "summary": "Expressions in {{}} do not support modular operations when evaluating",
    "description": "",
    "summary_bilingual_indexes": [
      0
    ],
    "description_bilingual_indexes": []
  },
  "88": {
    "summary": "Fix #86",
    "description": "",
    "summary_bilingual_indexes": [],
    "description_bilingual_indexes": []
  },
  "90": {
    "summary": "S-if cannot be used with events such as on-click, and cannot be used with slot",
    "description": "RT",
    "summary_bilingual_indexes": [
      0
    ],
    "description_bilingual_indexes": []
  },
  "91": {
    "summary": "The detached hook function of the 3.2.4 component will be called twice",
    "description": "Reproduce the environment [codepen address] / asd123freedom/pen/eGvRYL. You can see that the detached hook function will be called twice in the console.",
    "summary_bilingual_indexes": [
      0
    ],
    "description_bilingual_indexes": [
      0
    ]
  },
  "92": {
    "summary": "The checked attribute of input [type=checkbox], which is awkward to use",
    "description": "For example, when I write html, I can directly achieve the effect of checked.\n html\n input type= checkbox checked \n \nBut if you encapsulate a component, the checked property must be synchronized with a property and write directly\n js\nvar App = san.defineComponent ({\n template: div input type= checkbox checked div \n}) \nvar app = new App () \napp.attach (document.body)\n \nIt has no effect.",
    "summary_bilingual_indexes": [
      0
    ],
    "description_bilingual_indexes": [
      0,
      4,
      12
    ]
  },
  "94": {
    "summary": "In s-for, if slot is used, how to get the elements of each loop in owner [request scoped slot]",
    "description": "For example, it is possible to work in this way.\n js\nvar List = san.defineComponent ({\n template: \n + div \n + ul \n + li s-for= item in li \n + ul \n + div \n}) \nvar l = new List ({data: {\n datasource: [\n {text: a },\n {text: b },\n {text: c },\n ]\n}}) \nl.attach (document.body) \n \nBut if you want to make List more generic and change {{item.text}} to {{slot}}, then when you use it, you want to customize the content of slot, which doesn't seem to work.\n js\nvar List2 = san.defineComponent ({\n template: \n + div \n + ul \n + li s-for= item in li \n + ul \n + div \n}) \nvar App = san.defineComponent ({\n template: \n + template \n + x-list datasource= {{datasource}} \n + {{item.text}} \n + x-list \n + template ,\n components: {\n x-list : List2\n }\n}) \nvar app = new App ({data: {\n datasource: [\n {text: a },\n {text: b },\n {text: c },\n ]\n}}) \napp.attach (document.body) \n ",
    "summary_bilingual_indexes": [
      0
    ],
    "description_bilingual_indexes": [
      0,
      19
    ]
  },
  "96": {
    "summary": "Open the Element.prototype.on interface.",
    "description": "Now it seems that elementAddElEvent has become private, and there was a _ onEl before. Sometimes you may want to bind some events to the DOM node, but you don't want to manage the unbinding logic yourself, so you want to deal with it automatically when you dispose.",
    "summary_bilingual_indexes": [
      0
    ],
    "description_bilingual_indexes": [
      0
    ]
  },
  "97": {
    "summary": "The checked status of checkbox in s-for is sometimes inconsistent with the data state.",
    "description": "Latest master edit\nAfter entering bar in input, the filteredDatasource changes, expecting bar to always be selected, but it is not.",
    "summary_bilingual_indexes": [
      0
    ],
    "description_bilingual_indexes": [
      0,
      1
    ]
  },
  "98": {
    "summary": "When parsing template, whether to kill the whitespace-only text between element by default",
    "description": "Take a vote.",
    "summary_bilingual_indexes": [
      0
    ],
    "description_bilingual_indexes": [
      0
    ]
  },
  "99": {
    "summary": "The this.dynamicProps in elementOwnUpdate may not exist.",
    "description": "this.dynamicProps.each (function (prop)){",
    "summary_bilingual_indexes": [
      0
    ],
    "description_bilingual_indexes": [
      0
    ]
  },
  "100": {
    "summary": "The checked status of checkbox is occasionally out of sync",
    "description": "Input type= checkbox checked= {= checked=} when checked is true false, manually change the state of checkbox, the data will not change",
    "summary_bilingual_indexes": [
      0
    ],
    "description_bilingual_indexes": [
      0
    ]
  },
  "101": {
    "summary": "San. 2.6 the data change view has not changed",
    "description": " sm-tr san-for= item in list.arr \n sm-td \n sm-td \nThe non-item item {{list.a}} does not change after the list is changed.",
    "summary_bilingual_indexes": [
      0
    ],
    "description_bilingual_indexes": [
      3
    ]
  },
  "102": {
    "summary": "Attributes are not updated after data changes",
    "description": " js\nvar App = san.defineComponent ({\n template: template \n + button on-click= onClick Click button \n + div div \n + template ,\n initData: function () {\n return {\n ariaLabel: HELLO \n }\n },\n attached: function () {\n console.log (this.el.innerHTML)\n },\n onClick: function () {\n this.data.set ( ariaLabel , WORLD ) \n console.log (this.el.innerHTML)\n }\n})\nvar app = new App () \napp.attach (document.body) \n \nAfter the implementation of this.data.set (ariaLabel), the aria-label property of DIV is expected to change, but in fact there is no",
    "summary_bilingual_indexes": [
      0
    ],
    "description_bilingual_indexes": [
      22
    ]
  },
  "105": {
    "summary": "Can san add binding to dom native events on custom elements",
    "description": "Vue is supported with the .native modifier. If it can be supported, it is more flexible when using the components of the component library, independent of which events are exposed within the component.",
    "summary_bilingual_indexes": [
      0
    ],
    "description_bilingual_indexes": [
      0
    ]
  },
  "108": {
    "summary": "f (data) == view issue",
    "description": " js\nvar MyApp = san.defineComponent ({\n template: \n + dl \n + dt \n + dd san-for= item, index in items {{index + 1}}. dd \n + dl ,\n initData: function () {\n return {\n } \n },\n attached: function () {\n this.data.set ( items , [ q ]) \n this.data.splice ( items , [1, 0, a ]) \n this.data.push ( items , a )\n }\n}) \nvar myApp = new MyApp () \nmyApp.attach (document.body) \n ",
    "summary_bilingual_indexes": [],
    "description_bilingual_indexes": []
  },
  "109": {
    "summary": "fix #108",
    "description": "Ignore splice operations when both set and splice are in the same tick",
    "summary_bilingual_indexes": [],
    "description_bilingual_indexes": [
      0
    ]
  },
  "112": {
    "summary": "How to get whether the runtime slot is inserted and what is inserted",
    "description": " \n div slot default div \n \nThere is a requirement that when content is inserted into the slot, the border is solid. When the content is default content, the border is dotted.\nThis external need for judgment based on runtime scenarios is still not easy to achieve.\nWe may need some way to judge",
    "summary_bilingual_indexes": [
      0
    ],
    "description_bilingual_indexes": [
      3,
      4,
      5
    ]
  },
  "114": {
    "summary": "[feature request] component custom events provide default event parameters",
    "description": "Current situation\nComponent custom event\n \nvar MyComponent = san.defineComponent ({\n components: {\n ui-label : Label\n },\n template: div ui-label bind-text= name div ,\n labelDone: function (doneMsg) {\n alert (doneMsg) \n }\n}) \n \nIf you want to get the doneMsg parameter in the labelDone function, you must explicitly write on-down= labelDown (event) in the template. And it is not clearly stated in the document.\nproblem\nIn most cases, when a custom event is triggered through this.fire, the parameter of the default event handler is the parameter when the custom event is triggered, so it is troublesome to write fun (event) in the template every time.\nSuggestion\nProvides a default event parameter for custom events, making on-down= labelDown equivalent to on-down= labelDown (event).\nThat is,\n \nvar MyComponent = san.defineComponent ({\n components: {\n ui-label : Label\n },\n template: div ui-label bind-text= name div ,\n labelDone: function (doneMsg) {\n doneMsg won t be undefined\n alert (doneMsg) \n }\n}) \n \nIf additional parameters are provided in the template, the existing logic is left unchanged.\nThat is,\n \nvar MyComponent = san.defineComponent ({\n components: {\n ui-label : Label\n },\n template: div ui-label bind-text= name div ,\n labelDone: function (doneMsg) {\n doneMsg is foo \n alert (doneMsg) \n }\n}) \n ",
    "summary_bilingual_indexes": [
      0
    ],
    "description_bilingual_indexes": [
      0,
      1,
      13,
      14,
      15,
      16,
      17,
      18,
      31,
      32
    ]
  },
  "115": {
    "summary": "[feature request] transition animation",
    "description": "#Transition animation\nLet's talk about demand first. \n- [ ] Single element and list transition animation supported\n- [ ] Support CSS hooks and JS hooks\n- [ ] Support transition animation and animation animation\n- [ ] Single-element transition animation prevents two instances of the same component from appearing on the view\n- [ ] Support in-out and out-in transitions.html \n- [ ] transitions.html transitions.html \n \nAgain, based on the current version of the implementation of animation when stepping on the pit to see \n- Transition animation for individual elements\n The transition animation of a single element has been refactored twice, and this is a crude implementation at present.\n The first version simply hacks out the Component.prototype.attach and Component.prototype.dispose methods, inserts and removes CSS hooks at appropriate times, and asynchronously destroys components. However, this creates a problem in fast switching states, because the dispose process is asynchronous and there is no VNode to control, the later component cannot know whether the first component has been destroyed, so you can observe that there are multiple instances of the same component on the view at the same time, and the experience is very bad.\n The second version simply hacks out the internal updateView method and places the temporary variables needed to perform the animation on the component's owner. This implementation is basically perfect in terms of animation effect. Owner can replace VNode to observe and control whether components in transition need to be really mounted or destroyed from God's perspective, and will not produce redundant Elements during rapid state switching. Unfortunately, in actual combat, it was found that the root component had no owner. The most intuitive effect was that the component transition animations registered on san-router were all hung up.\n- List transition animation\n Since the update mechanism of san is to modify innerHTML while maintaining the existing nodes as unchanged as possible, if you want to achieve smooth list update, you must hack the existing node update mechanism by frequently inserting and deleting nodes. This creates a subtle contradiction with the high performance pursued by san, and it is difficult to ensure that san will conflict with hack in future iterations, so there is no perfect solution so far.",
    "summary_bilingual_indexes": [
      0
    ],
    "description_bilingual_indexes": [
      0,
      1,
      2,
      3,
      4,
      5,
      6,
      9,
      10,
      11,
      12,
      13,
      14,
      15
    ]
  },
  "116": {
    "summary": "DevDependencies has repetitive dependency in package.json",
    "description": " img width= 318 alt= 4cf05bbb5242b77c714948b87e4f8436 32090253-194418dc-bab4-11e7-8688-07b89b11d402.png \n",
    "summary_bilingual_indexes": [
      0
    ],
    "description_bilingual_indexes": []
  },
  "117": {
    "summary": "Fix # 116: repetitive dependency in devDependencies",
    "description": "Fix #116 ",
    "summary_bilingual_indexes": [
      0
    ],
    "description_bilingual_indexes": []
  },
  "122": {
    "summary": "childs - children",
    "description": "Or it looks too awkward.",
    "summary_bilingual_indexes": [],
    "description_bilingual_indexes": [
      0
    ]
  },
  "123": {
    "summary": "LifeCycle static",
    "description": "",
    "summary_bilingual_indexes": [
      0
    ],
    "description_bilingual_indexes": []
  },
  "124": {
    "summary": "Remove parent references from ANode",
    "description": "Circular reference is not possible JSON stringify",
    "summary_bilingual_indexes": [
      0
    ],
    "description_bilingual_indexes": [
      0
    ]
  },
  "127": {
    "summary": "[feature request] do not render dom abstract nodes that only undertake instruction attributes, etc.",
    "description": " js\n slot chou slot \n chou s-for= item in items \n tr \n expend \n /chou \n \nA requirement like chou can only be repackaged as a component if it is to be implemented, but it may bring dom nodes that we do not want, so we want to support an abstract node that does not render dom to better control the view",
    "summary_bilingual_indexes": [
      0
    ],
    "description_bilingual_indexes": [
      7
    ]
  },
  "130": {
    "summary": "Fix121: hang a reference to the nextTick function on an instance of the san component",
    "description": "Just local merge 3.3.0-dev found that it seems to be the same as the trunk, there is no merge down the new things, I do not know if there is a problem",
    "summary_bilingual_indexes": [
      0
    ],
    "description_bilingual_indexes": [
      0
    ]
  },
  "131": {
    "summary": "An array traversed by for. When using string property set, there is error.",
    "description": " \nvar MyApp = san.defineComponent ({\n template: h3 p s-for= item in div \n}) \nvar data = {\n list: [ errorrik ]\n} \ndata.list.title = super \nvar myApp = new MyApp ({\n data: data\n}) \nmyApp.attach (document.body) \nmyApp.data.set ( list.title , sb ) \n ",
    "summary_bilingual_indexes": [
      0
    ],
    "description_bilingual_indexes": []
  },
  "137": {
    "summary": "3.3.0 dev",
    "description": "#118 Add a warning when custom event listening methods do not exist",
    "summary_bilingual_indexes": [],
    "description_bilingual_indexes": [
      0
    ]
  },
  "139": {
    "summary": "support default event #114",
    "description": "",
    "summary_bilingual_indexes": [],
    "description_bilingual_indexes": []
  },
  "142": {
    "summary": "update nextTick method",
    "description": "Details of the survey are as follows: 141\nAt first I wanted to use requestAnimationFrame, but after mentioning issue in vue and asking them if they had considered using rAF to implement nextTick, you Yuxi's answer was nextTick exists primarily for scheduling rather than deferring work. So I also gave up using rAF.",
    "summary_bilingual_indexes": [],
    "description_bilingual_indexes": [
      0,
      1
    ]
  },
  "143": {
    "summary": "resolve #128",
    "description": "Add a universal declaration file to take care of ts users.\nNote: Since the export of san does not use CommonJS 2 specification, ts cannot treat san object as default export, so when referring to ts, it can only import * as san from san and cannot be written import san from san. This may need to be noted in the document.",
    "summary_bilingual_indexes": [],
    "description_bilingual_indexes": [
      0,
      1
    ]
  },
  "145": {
    "summary": "feat:native events",
    "description": "#105 ",
    "summary_bilingual_indexes": [],
    "description_bilingual_indexes": []
  },
  "147": {
    "summary": "When ssr uses the s-for instruction to traverse multiple times, the first layer traversal renders only the output that was traversed for the first time.",
    "description": "Reproduce use case\n js\nconst san = require ( san )\nconst App = san.defineComponent ({\n initData () {\n return {\n cates: [\n foo ,\n bar \n ],\n forms: {\n foo: [1, 2, 3],\n bar: [4, 5, 6]\n }\n }\n },\n template: \n form \n fieldset s-for= cate in cates \n label s-for= item in label \n fieldset \n form \n \n})\nconst result = san.compileToRenderer (App) ()\nconsole.log (result)\n \nExpected output\n html\n form \n fieldset \n label \n label \n label \n fieldset \n fieldset \n label \n label \n label \n fieldset \n /form \n \nActual output\n html\n form \n fieldset \n label \n label \n label \n fieldset \n /form \n \nSupplement\nIf you remove the label traversal of the second layer, the first traversal can be output twice as expected, so I think this phenomenon is bug.\n html\n form \n fieldset \n fieldset \n fieldset \n fieldset \n /form \n ",
    "summary_bilingual_indexes": [
      0
    ],
    "description_bilingual_indexes": [
      0,
      27,
      42,
      52,
      53
    ]
  },
  "148": {
    "summary": "san.compileComponent api",
    "description": "Before new Component, provide a way for components to compile ahead of time",
    "summary_bilingual_indexes": [],
    "description_bilingual_indexes": [
      0
    ]
  },
  "151": {
    "summary": "The content returned by slot () does not seem to meet expectations.",
    "description": "Version 3.3.0-beta.1\n \n js\nvar A = san.defineComponent ({\n template: template div template \n}) \nvar B = san.defineComponent ({\n template: template div template ,\n components: {\n x-a : A\n },\n attached: function () {\n var defaultSlot = this.slot () \n console.log (defaultSlot) \n }\n}) \nvar b = new B () \nb.attach (document.body)\n \nIf there is no XMura, then the length of defaultSlot.children is 1. If there is XMura, then the length of defaultSlot.children is 0.\nAs far as I understand it, the length of defaultSlot.children should always be 1.",
    "summary_bilingual_indexes": [
      0
    ],
    "description_bilingual_indexes": [
      0,
      19,
      20
    ]
  },
  "154": {
    "summary": "The multiple attribute of input should be consistent with checked",
    "description": " js\n input type= file \n \nWhether the multiple attribute considers the same special treatment as the checked attribute\nCurrently working on the upload component, it is found that it is impossible to distinguish a single upload from multiple uploads by exposing the api of multiple.",
    "summary_bilingual_indexes": [
      0
    ],
    "description_bilingual_indexes": [
      3,
      4
    ]
  },
  "157": {
    "summary": "Suggest this.data.push, unshift Add return values that match the behavior of javascript array",
    "description": "#150 ",
    "summary_bilingual_indexes": [
      0
    ],
    "description_bilingual_indexes": []
  },
  "158": {
    "summary": "fix: multiple spelling mistakes",
    "description": "#154 ",
    "summary_bilingual_indexes": [],
    "description_bilingual_indexes": []
  },
  "159": {
    "summary": "How to deal with the value of input element",
    "description": "Refer to codepen / LeuisKen/pen/gXeByK\nIn initData, info is an empty object and input is empty\nManually set info to an empty object, and the value in input becomes undefined",
    "summary_bilingual_indexes": [
      0
    ],
    "description_bilingual_indexes": [
      0,
      1,
      2
    ]
  },
  "160": {
    "summary": "Can messages consider supporting * to match all messages from dispatch?",
    "description": " js\nmessages: {\n * : fallbackHandler,\n ping : pingHandler,\n pong : pongHandler\n}\n ",
    "summary_bilingual_indexes": [
      0
    ],
    "description_bilingual_indexes": []
  },
  "161": {
    "summary": "It is better to unify the silent parameters in san and san-router,option.",
    "description": "In san, the option parameter in the this.data.set method identifies silence, while in san-router, the redirect method identifies silent.",
    "summary_bilingual_indexes": [
      0
    ],
    "description_bilingual_indexes": [
      0
    ]
  },
  "164": {
    "summary": "How to use scoped slot in table cell",
    "description": "When displaying a Table, the contents of different columns may be different. We hope that through slot, users who use Table can customize the relevant content, such as the desired usage may be like this.\n html\n ui-table datasource= {{datasource}} columns= {{columns}} \n div div \n div slot= email a div \n /ui-table \n \nIdeally, you want to remove the attribute columns= {{columns}}, but it doesn't seem to be easy to do.\n \nWell, when implementing this Table, because the name of slot is dynamic, it cannot run normally.\n js\nvar Table = san.defineComponent ({\n template: template \n table width= 100 cellpadding= 0 cellspacing= 0 \n thead \n th s-for= col in th \n thead \n tbody \n tr s-for= row in datasource \n td s-for= col in columns \n slot name= {{col.name}} var-row= row var-col= col \n td \n tr \n tbody \n /table \n /template \n}) \n \nIf you change name= {{col.name}} to a fixed name, such as name= cell, it works, but it feels strange to use it.\n html\n ui-table datasource= {{datasource}} columns= {{columns}} \n template slot= cell \n div s-if= col.name name div \n div s-if= col.name email name= email a div \n template \n /ui-table \n \nAnd in this case, the generated DOM structure also has a lot of redundant content, which is not very friendly.\nI don't know if there is any better plan. Send an ISSUE and discuss it.",
    "summary_bilingual_indexes": [
      0
    ],
    "description_bilingual_indexes": [
      0,
      7,
      9,
      28,
      37,
      38
    ]
  },
  "166": {
    "summary": "Add better syntax error message to template",
    "description": "Add better syntax error message for template # 61\nWith regard to label matching, san template should comply with this rule\nSelf-closing labels that are not allowed to close are not allowed in html5. Self-closing labels are not forced to close. Other labels must be closed.\nSelf-closing labels are\n area base br col embed hr \n img input keygen param source track wbr \nThat is, it is acceptable to write this way for self-closing tags.\n html\n input or input \n \nBut this won't work.\n html\n input /input \n \nForce closure for non-self-closing tags\n html\n li /li or li \n \nHtml syntax error tip optimizations include the following\n-[x] attribute values are not wrapped, such as input value=\n-[x] the start tag is not closed, such as div\n-[x] the closing tag is not closed, such as section\n-[x] the closing tag contains the attribute div class=\n-[x] self-closing tags using input\n-[x] the start and end tags do not match div\nOther grammatical errors are welcome to add.",
    "summary_bilingual_indexes": [
      0
    ],
    "description_bilingual_indexes": [
      0,
      1,
      2,
      3,
      6,
      10,
      14,
      18,
      19,
      20,
      21,
      22,
      23,
      24,
      25
    ]
  },
  "170": {
    "summary": "Fix two bug",
    "description": "1. When performing a list transition animation, if the list is cleared, the excessive animation will be ignored and the instance will directly empty all DOM elements.\ntwo。 When the list animation is executed, the hook function of leave is triggered quickly and repeatedly. You can observe that child is released after the done function of leave is executed for the first time. When the done function is triggered again, an exception that child does not exist will be thrown.",
    "summary_bilingual_indexes": [
      0
    ],
    "description_bilingual_indexes": [
      0,
      1
    ]
  },
  "171": {
    "summary": "The default parameter is still passed into fun when the event on- = fun () is bound in the component template",
    "description": " \nvar MyComponent = san.defineComponent ({\n components: {\n ui-label : Label\n },\n template: div ui-label bind-text= name on-foo= foo div ,\n foo: function (arg) {\n console.log (arg) \n arg is event\n },\n bar: function (arg) {\n console.log (arg) \n undefined is expected, but event actually\n }\n}) \n \nVisual inspection #114 brought in the problem\n",
    "summary_bilingual_indexes": [
      0
    ],
    "description_bilingual_indexes": [
      16
    ]
  },
  "173": {
    "summary": "[Discussion] Should s-ref support getting DOM nodes? ",
    "description": "If you support it, it is sometimes more convenient.",
    "summary_bilingual_indexes": [
      0
    ],
    "description_bilingual_indexes": [
      0
    ]
  },
  "175": {
    "summary": "Why can't the id property bind data?",
    "description": "Situations where id attribute binding may be required\nIt can be used when input is used with label.\nQuestion supplement\n1. Why does san generate id on all elements\n2. Why it is possible to specify id attributes directly to elements, but not to bind data to id attributes\nDiv div. The generated id is foo.\nDiv id= {{foo div, the generated id is {{foo}}",
    "summary_bilingual_indexes": [
      0
    ],
    "description_bilingual_indexes": [
      0,
      1,
      2,
      3,
      4,
      5,
      6
    ]
  },
  "177": {
    "summary": "There is a problem of xss injection in the two-way binding of input box.",
    "description": " [image]/3760804/33821187-dac5938a-de8d-11e7-8e95-4966c18bce03.png\n",
    "summary_bilingual_indexes": [
      0
    ],
    "description_bilingual_indexes": []
  },
  "178": {
    "summary": "Does scoped slot allow access to the data of the current component?",
    "description": "According to the discussion in the group, should access to the data of the current component be allowed when using scoped slot?\n js\nconst template = \n ui-table \n div slot= col-a \n {{col.name}} {{name}}\n div \n /ui-table \n \nexport default defineComponent ({\n template,\n initData () {\n return {name: my-comp-name } \n }\n}) \n \nIf it is not allowed by default, or you can pass it into div slot= col-an and change it to div slot= col-a var-name= {{name}} where you use it.",
    "summary_bilingual_indexes": [
      0
    ],
    "description_bilingual_indexes": [
      0,
      16
    ]
  },
  "180": {
    "summary": "Update the data in data in the initialized phase, invalid for double-bound attributes",
    "description": "It may be By Design, but it doesn't feel intuitive.\nReproduce address / leeight/pen/ypNmjq",
    "summary_bilingual_indexes": [
      0
    ],
    "description_bilingual_indexes": [
      0,
      1
    ]
  },
  "181": {
    "summary": "Whether to consider opening up evalExpr as well",
    "description": "Because now there is san.parseExpr under san, if san.evalExpr is also opened up, it seems that it can be used as an expression evaluator.\n js\nconst scope = ...\nconst expr = san.parseExpr ( a + b ) \nconst value = san.evalExpr (expr, scope) \n ",
    "summary_bilingual_indexes": [
      0
    ],
    "description_bilingual_indexes": [
      0
    ]
  },
  "183": {
    "summary": "Whether the component should be compatible with newline characters when declaring tags",
    "description": " problem\nThere was a problem with manually declaring component untagging, which failed if the untagging had a newline character before and after it. While this can be done on the backend using compression or strips, it makes the development experience somewhat less friendly.\n example\n Good Case\n html\n span --s-text:{{name}} - {{email}}-- errorrik - span \n \n Bad Case\n html\n span \n --s-text:{{name}} - {{email}}-- errorrik - s-text-- \n /span \n -- or -- \n span \n --s-text:{{name}} - {{email}}-- \n errorrik - errorrik .com\n s-text-- \n /span \n \n recurring use case\n QayEKe",
    "summary_bilingual_indexes": [
      0
    ],
    "description_bilingual_indexes": [
      0,
      1,
      2,
      19
    ]
  },
  "184": {
    "summary": "Uncaught TypeError: Cannot read property firstChild of undefined",
    "description": "Version 3.3.1\nReproduce address / leeight/pen/rpeOGe",
    "summary_bilingual_indexes": [],
    "description_bilingual_indexes": [
      0,
      1
    ]
  },
  "185": {
    "summary": "The parameters of the native event do not appear to have been passed.",
    "description": "Version: latest\nReproduce address / leeight/pen/aENrWM",
    "summary_bilingual_indexes": [
      0
    ],
    "description_bilingual_indexes": [
      0,
      1
    ]
  },
  "186": {
    "summary": "Fix 185",
    "description": "RT",
    "summary_bilingual_indexes": [],
    "description_bilingual_indexes": []
  },
  "188": {
    "summary": "There seems to be a problem when the text node is updated",
    "description": "Reproduce address / leeight/pen/wpWQRQ\nAfter clicking the button, the text is repeated.",
    "summary_bilingual_indexes": [
      0
    ],
    "description_bilingual_indexes": [
      0,
      1
    ]
  },
  "189": {
    "summary": ".3.1 there is a problem with demo",
    "description": "The demo of .3.1 can't run. Src/main.js reported an error.\nUsing the cdn file / san .3.1 / dist/san.dev.js is normal.\nWhat's the difference between these two files? they are both development versions.\nCover your face",
    "summary_bilingual_indexes": [
      0
    ],
    "description_bilingual_indexes": [
      0,
      1,
      2,
      3
    ]
  },
  "190": {
    "summary": "When table uses scoped slot, an error is reported when deleting data rows",
    "description": "Recurrent address/leeight/pen/vpKPqd\nClick Delete the second time, and it's wrong.",
    "summary_bilingual_indexes": [
      0
    ],
    "description_bilingual_indexes": [
      0,
      1
    ]
  },
  "191": {
    "summary": "[discussion] for the attribute value of undefined, should data be initialized?",
    "description": "Generally speaking, you will not encounter this problem, such as a common component\n js\nconst MyComponent = san.defineComponent ({\n template: ... ,\n initData () {\n return {\n foo: 1,\n bar: 2\n } \n }\n}) \n \nThen when in use, if my-comp does not pass any parameters, then the default values in data are foo: 1 and bar: 2.\nIf I want to generate this my-comp component dynamically, because I don't know which values will be passed in, when I generate the component template, I put all the properties that appear in the dataTypes on it, something like this.\n js\nconst keys = Object.keys (MyComponent.prototype.dataTypes) \nconst props = keys.map (key = {key}= {{formData. {key}}} ) \nconst template = my-comp {props.join ( )} \n \nFollowing the above logic, the following code may be generated\n html\n my-comp\n foo= {{formData.foo}} \n bar= {{formData.bar}} \n/ \n \nAt this point, if my formData is {}, the foo and bar in my expected my-comp will still use their default values, but at this point their values will obviously be undefined.\nIf it is compatible in my-comp, it seems to be very painful. You need to deal with all the attributes in inited () at once.\n \nSo what I'm thinking is, can you support a configuration? if the property value is undefined, don't pass it to the component.",
    "summary_bilingual_indexes": [
      0
    ],
    "description_bilingual_indexes": [
      0,
      12,
      13,
      19,
      26,
      27,
      29
    ]
  },
  "192": {
    "summary": "Close #191",
    "description": "RT",
    "summary_bilingual_indexes": [],
    "description_bilingual_indexes": []
  },
  "200": {
    "summary": "Can t use data to control input autofocus",
    "description": "First, in the following situation, input will still automatically get the focus.\n js\nvar MyApp = san.defineComponent ({\n template: p input autofocus= {{false}} p ,\n initData: function () {\n return {\n name: San \n } \n }\n}) \nvar myApp = new MyApp () \nmyApp.attach (document.body) \n \nI tried, as long as the autofocus attribute is added, it will automatically get the focus, and the latter value set to false has no effect.\nWhen writing components, it is troublesome to deal with autofocus. I looked at MDN and found that it was not easy to hack in business.\n autofocus HTML5\n This Boolean attribute lets you specify that a form control should have input focus when the page loads, unless the user overrides it (e.g. by typing in a different control). Only one form element in a document can have the autofocus attribute, which is a Boolean. It cannot be applied if the type attribute is set to hidden (that is, you cannot automatically set focus to a hidden control). Note that the focusing of the control may occur before the firing of the DOMContentLoaded event.\nSecond, suggestions\nCan this support controlling autofocus behavior through data at the framework level?\nAttached\nsan example: ypgBpg\nvue example: xpgKYj\n",
    "summary_bilingual_indexes": [],
    "description_bilingual_indexes": [
      0,
      13,
      14,
      17,
      18,
      19
    ]
  },
  "205": {
    "summary": "The problem of invalid double binding in some browsers of fix:iOS",
    "description": "This question should be the same as that of vue / vuejs/vue/issues/5387",
    "summary_bilingual_indexes": [
      0
    ],
    "description_bilingual_indexes": [
      0
    ]
  },
  "207": {
    "summary": "Running san case under IE10 reported an error.",
    "description": "\n js\npackage.json\n{\n name : todos-esnext ,\n version : 0.0.1 ,\n description : san components todos ,\n author : ecomfe ,\n private : true,\n scripts : {\n dev : node dev-server.js ,\n build : node build.js ,\n test : \n },\n dependencies : {\n babel-runtime : 6.0.0 ,\n san : 3.0.3-rc.10 ,\n san-router : 1.0.1 \n },\n devDependencies : {\n babel-core : 6.0.0 ,\n babel-loader : 6.0.0 ,\n babel-plugin-transform-runtime : 6.0.0 ,\n babel-preset-es2015 : 6.0.0 ,\n babel-preset-stage-2 : 6.0.0 ,\n connect-history-api-fallback : 1.1.0 ,\n css-loader : 0.25.0 ,\n eventsource-polyfill : 0.9.6 ,\n express : 4.13.3 ,\n extract-text-webpack-plugin : 1.0.1 ,\n file-loader : 0.8.4 ,\n html-loader : 0.4.4 ,\n html-webpack-plugin : 2.8.1 ,\n http-proxy-middleware : 0.12.0 ,\n json-loader : 0.5.4 ,\n ora : 0.2.0 ,\n polyfill : 0.1.0 ,\n san-loader : 0.0.6 ,\n shelljs : 0.6.0 ,\n style-loader : 0.13.1 ,\n url-loader : 0.5.7 ,\n webpack : 1.12.2 ,\n webpack-dev-middleware : 1.4.0 ,\n webpack-hot-middleware : 2.6.0 ,\n webpack-merge : 0.8.3 \n }\n}\n \nBabel configuration\n \n.babelrc\n{\n presets : [ es2015 , stage-2 ],\n plugins : [ transform-runtime ],\n comments : false\n}\n \nError message:\n \nSCRIPT5009: \"Set\" is not defined\nSpecific error message: it seems that the internal ES6 of san is not converted successfully.\n// nvar EVENT_PROPERTY_BLACK_LIST = new Set ([ type , target , preventDefault , isDefaultPrevented , stopPropagation , isPropagationStopped , \n \n",
    "summary_bilingual_indexes": [
      0
    ],
    "description_bilingual_indexes": [
      48,
      57,
      59,
      60
    ]
  },
  "208": {
    "summary": "fix #207",
    "description": "The example of es-next is supported by ES5 environment, mainly IE9+.\nAs webpack2 no longer supports ES3, if you change the packaging tool, the change will be relatively big, and it will be a bit non-mainstream, so considering this case comprehensively, you will not adapt to IE8.",
    "summary_bilingual_indexes": [],
    "description_bilingual_indexes": [
      0,
      1
    ]
  },
  "209": {
    "summary": "Todos esnext update",
    "description": "",
    "summary_bilingual_indexes": [],
    "description_bilingual_indexes": []
  },
  "210": {
    "summary": "Add merge, apply methods to Data object",
    "description": "When writing the test, I felt that it was necessary to do the test of Data separately later.\nAt present, Data-related tests are scattered in many places, and some programs throw wrong tests without a suitable place to write them.\nBTW added comments for Data.prototype.splice.",
    "summary_bilingual_indexes": [
      0
    ],
    "description_bilingual_indexes": [
      0,
      1,
      2
    ]
  },
  "212": {
    "summary": "Refactor: optimize merge and apply implementation",
    "description": "",
    "summary_bilingual_indexes": [
      0
    ],
    "description_bilingual_indexes": []
  },
  "213": {
    "summary": "fix error when using space around attribute s = operator",
    "description": "fix a bug, which occurred when using space around attribute s = operator, change the regexp, add space detect: var attrReg = ig ",
    "summary_bilingual_indexes": [],
    "description_bilingual_indexes": []
  },
  "215": {
    "summary": "Volume optimization",
    "description": "The size of the following san refers to the size after the spa version of uglifyjs+gzip\nThe initial size of san is less than 10k, but with the increasing number of features and some performance optimization points, it has exceeded 13k in 3.4.0.\nAlthough we try our best to improve in the process of development, I believe there are still some areas that can be optimized. Seek review, optimize and pull-request\nThis issue is long-term open until the size is less than 12k",
    "summary_bilingual_indexes": [
      0
    ],
    "description_bilingual_indexes": [
      0,
      1,
      2,
      3
    ]
  },
  "217": {
    "summary": "remove fn.toString () in reg",
    "description": "Remove fn.toString ()",
    "summary_bilingual_indexes": [],
    "description_bilingual_indexes": [
      0
    ]
  },
  "218": {
    "summary": "How to bind data to name of attribute",
    "description": "Such as\n \n template: div div ,\n initData () {\n return {\n attrName: disable \n } \n },\n \nExpect to render as\n \n div div \n \nBut it actually rendered as\n \n div div \n \n",
    "summary_bilingual_indexes": [
      0
    ],
    "description_bilingual_indexes": [
      0,
      9,
      13
    ]
  },
  "219": {
    "summary": "Close #191",
    "description": "RT",
    "summary_bilingual_indexes": [],
    "description_bilingual_indexes": []
  },
  "220": {
    "summary": "refactor ssr test",
    "description": "",
    "summary_bilingual_indexes": [],
    "description_bilingual_indexes": []
  },
  "222": {
    "summary": "Filter may cause incorrect view refresh",
    "description": "Version 3.4.1\nReproduce address / leeight/pen/dJgWoy\nInitial state checked ICON: bindx\nClick Switch 2, and then click Switch 1, and the content becomes ICON: bindx checked.\nIf the filter in {{typeDef.name noop}} is removed, it will be normal to change it to {{typeDef.name}}.",
    "summary_bilingual_indexes": [
      0
    ],
    "description_bilingual_indexes": [
      0,
      1,
      2,
      3,
      4
    ]
  },
  "226": {
    "summary": "Bidirectionally bound form items do not respond to the delete character operation IE9 only",
    "description": "Environment\n-system Windows 10\n-browser IE11 simulates IE9\nDescription\nWhen a bidirectionally bound input performs the action of deleting characters, the view is not updated. This problem can only be reproduced under IE9.\nReproduce use case\n/Dafrok/pen/BYaoBY",
    "summary_bilingual_indexes": [
      0
    ],
    "description_bilingual_indexes": [
      0,
      1,
      2,
      3,
      4,
      5
    ]
  },
  "228": {
    "summary": "fix #226",
    "description": "",
    "summary_bilingual_indexes": [],
    "description_bilingual_indexes": []
  },
  "231": {
    "summary": "Add ts type definations",
    "description": "",
    "summary_bilingual_indexes": [],
    "description_bilingual_indexes": []
  },
  "232": {
    "summary": "add typings file test",
    "description": "",
    "summary_bilingual_indexes": [],
    "description_bilingual_indexes": []
  },
  "233": {
    "summary": "Change options.data type from object to Partial T and some other updates",
    "description": "",
    "summary_bilingual_indexes": [],
    "description_bilingual_indexes": []
  },
  "234": {
    "summary": "fix export methods",
    "description": "",
    "summary_bilingual_indexes": [],
    "description_bilingual_indexes": []
  },
  "235": {
    "summary": "Please make the binding symbol changeable",
    "description": "For the problem of double curly braces conflict, Vue can customize the binding symbol, which can be changed to {var}, {* var *} and so on. Don't you think about enabling this function?\n JavaScript\n//Vue \n Vue.config.delimiters = [ { , } ] \n var app= new Vue ({\n delimiters: [ { , } ],\n el: #app ,\n data:{\n//San \nfunction parseText (source) {\n var exprStartReg = ig \n \nCan you turn on a custom function?",
    "summary_bilingual_indexes": [
      0
    ],
    "description_bilingual_indexes": [
      0,
      12
    ]
  },
  "236": {
    "summary": "Add getComponentType for san.Component",
    "description": "Close #229",
    "summary_bilingual_indexes": [],
    "description_bilingual_indexes": []
  },
  "238": {
    "summary": "The problem of ie8-9",
    "description": "Under ie8-9, the drop-down option is rendered with s-for in the select tab. When the data changes, the drop-down option does not change.",
    "summary_bilingual_indexes": [
      0
    ],
    "description_bilingual_indexes": [
      0
    ]
  },
  "239": {
    "summary": "Draggable= true will be parsed into draggable",
    "description": " \n div draggable= true draggable div \n \nExpected to be resolved into\n \n div draggable= true draggable div \n \nThe actual generated dom is\n \n div draggable draggable div \n \nIn this way, I can't drag. How can I write it to make it draggable?",
    "summary_bilingual_indexes": [
      0
    ],
    "description_bilingual_indexes": [
      3,
      7,
      11
    ]
  },
  "242": {
    "summary": "Clean up the attributes in the DOM node",
    "description": "such as\n js\nconst Radiobox = san.defineComponent ({\n template: input type= radio ee= {{ee}} name= {{name}} ,\n \n initData () {\n return {} \n }\n}) \n \nWhen using, if radiobox is written in the template, the generated DOM node is\n html\n input type= radio ee name class style id= _san_ae262 \n \nBut I think it's more appropriate to generate the following code.\n html\n input type= radio id= _san_ae262 \n ",
    "summary_bilingual_indexes": [
      0
    ],
    "description_bilingual_indexes": [
      0,
      10,
      14
    ]
  },
  "243": {
    "summary": "In some cases, when an event is bound with the native modifier, the event is dispatched twice",
    "description": "[Codepen]/pzh_667/pen/oEJaoz\n \nconst Checkbox = san.defineComponent ({\n template: input type= checkbox on-change= onChange ,\n onChange () {\n console.log ( from child ) \n this.fire ( change ) \n }\n}) \nconst MyApp = san.defineComponent ({\n template: div label checkbox checkbox Click me and see div ,\n components: {\n checkbox : Checkbox\n },\n \n onNativeChange () {\n console.log ( from parent ) \n }\n}) \nconst myApp = new MyApp () \nmyApp.attach (document.body) \n \nWhen a parent component binds a custom event to a child component using the native modifier, if there is a native event with the same name in the child component, the custom event in the parent component will be dispatched twice\n",
    "summary_bilingual_indexes": [
      0
    ],
    "description_bilingual_indexes": [
      22
    ]
  },
  "245": {
    "summary": "Fix two bug",
    "description": "Turn it off because it's too ugly without rebase,commit log.",
    "summary_bilingual_indexes": [
      0
    ],
    "description_bilingual_indexes": [
      0
    ]
  },
  "246": {
    "summary": "fix sorts of definition problems",
    "description": "",
    "summary_bilingual_indexes": [],
    "description_bilingual_indexes": []
  },
  "249": {
    "summary": "Fix filter call issue",
    "description": "RT",
    "summary_bilingual_indexes": [],
    "description_bilingual_indexes": []
  },
  "251": {
    "summary": "Uncaught TypeError: this.children[0]._getEl is not a function",
    "description": "Send a screenshot first, and a simple reproduction of the scene still needs to be located.\n [image]/104052/37748347-762ab5ce-2dbe-11e8-9128-b137ff80bb8c.png\n",
    "summary_bilingual_indexes": [],
    "description_bilingual_indexes": [
      0
    ]
  },
  "256": {
    "summary": "TypeError: Cannot read property hotspot of undefined",
    "description": " [image]/104052/38068309-1a60c7d0-3343-11e8-8a0b-5cb0972fe49a.png\nThe possible problem is that ui-textbox value= {= name=} title= task name required= true is changed to ui-textbox value= {= name=} title= task name required= {{true}}",
    "summary_bilingual_indexes": [],
    "description_bilingual_indexes": [
      1
    ]
  },
  "260": {
    "summary": "When four operations are performed in the interpolation of the template, no spaces are added between the operators and the numbers, resulting in NaN.",
    "description": "/pzh_667/pen/rdKbxz",
    "summary_bilingual_indexes": [
      0
    ],
    "description_bilingual_indexes": []
  },
  "266": {
    "summary": " null tag on the DOM Tree",
    "description": "RT\n /leeight/pen/YageyV ",
    "summary_bilingual_indexes": [],
    "description_bilingual_indexes": []
  },
  "268": {
    "summary": "3.5.3-3.5.4 pre tag behavior change",
    "description": "3.5.3 : JLzBGM\n [image]/7701575/38615694-28c6fc46-3dc4-11e8-8fdf-6d29005b4e8e.png\n3.5.4 : JLzZQr\n [image]/7701575/38615716-3a262bba-3dc4-11e8-814b-1a6c93e1bbb7.png\n",
    "summary_bilingual_indexes": [
      0
    ],
    "description_bilingual_indexes": []
  },
  "270": {
    "summary": "Suggestions on the s-elif directive",
    "description": "The conditional judgment statement if...elseif...else that we usually use\nThere is s-if...s-else in * san*\nBasically, you only need to add an s character in front of it.\nBut the corresponding elseif becomes s-elif, hoping to revert to s-elseif.\n1. For students who are new to * san*, it is very easy to accept and integrate.\ntwo。 The semantics of the words with s-elseif are more clear, while s-elif is short, but the semantics are not very good, and some abbreviations are easy to cause trouble.\nWrite at the end:\nIt is also the above 2 points, and it is also suggested that other grammars and instructions should also use a semantically complete and clear instruction word.",
    "summary_bilingual_indexes": [
      0
    ],
    "description_bilingual_indexes": [
      0,
      1,
      2,
      3,
      4,
      5,
      6,
      7
    ]
  },
  "273": {
    "summary": "The rendering result of the svg tag loses the class attribute",
    "description": "RT,[codepen]/asd123freedom/pen/MVNpob, introduced in 3.5.4, still exists in 3.5.5, no problem in 3.5.3.",
    "summary_bilingual_indexes": [
      0
    ],
    "description_bilingual_indexes": [
      0
    ]
  },
  "274": {
    "summary": "reverse data bind to first comment node, not first child, of el.",
    "description": "supporting this:\n \n div id=root \n --s-data:{\n name: San Reverse \n }-- \nHello, span San span.\n /div \n \nnot only this:\n \n div id=root --s-data:{\n name: San Reverse \n }-- \nHello, span San span.\n /div \n ",
    "summary_bilingual_indexes": [],
    "description_bilingual_indexes": [
      6,
      14
    ]
  },
  "276": {
    "summary": "Some HTML escape characters in the template cannot be output correctly",
    "description": "Version 3.5.6\n img width= 338 alt= 6042ab493144cf09017e63b63e2041ac 39063101-53c84654-44fc-11e8-95b9-423e7637bd75.png \n img width= 129 alt= 93327d4448b0616c0e66564142a7b6f4 39063109-58462ffc-44fc-11e8-8758-b76c72dbf3d1.png \n/pzh_667/pen/KRpoGy\nSupplement\nAccording to the size of parse-text.js, decodeHTML only supports partial escape characters, while using dom parsing may cause performance problems to be determined, so it should at least be reflected in the document.",
    "summary_bilingual_indexes": [
      0
    ],
    "description_bilingual_indexes": [
      0,
      4,
      5
    ]
  },
  "278": {
    "summary": "Does this.data.splice consider supporting negative values?",
    "description": "Currently, splice methods do not support negative values, while Array.prototype.splice supports negative values.\n/baidu/san/blob/master/src/runtime/data.js\nSupporting negative values makes it easier to implement requirements such as appending multiple pieces of data to the end of the list, passing in-1 directly, eliminating the need to get length.",
    "summary_bilingual_indexes": [
      0
    ],
    "description_bilingual_indexes": [
      0,
      2
    ]
  },
  "288": {
    "summary": "Transition should not be a special member of a component",
    "description": "problem\nThe transition controller behaves differently when used with a component root element than with a child element or component.\nThe former s-transition instruction defined on the root node will be invalidated, and if you want the root node to have its own dynamic effect, you need to declare a member named transition when defining the component. I think the transition controller should be able to act directly on any element through instructions, and should not hang a special member on the root element to do this.\n Expect\n html\n template \n p p \n /template \n script \nexport default {\n controller: {enter, leave}\n}\n /script \n \n Actual\n html\n template \n p SB /p \n /template \n script \nexport default {\n transition: {enter, leave}\n}\n /script \n \n",
    "summary_bilingual_indexes": [
      0
    ],
    "description_bilingual_indexes": [
      0,
      1,
      2
    ]
  },
  "289": {
    "summary": "Inited and created are inconsistent in the handling of arrays.",
    "description": "This is the correct code.\n [image]/12373328/39664872-06148b12-50bd-11e8-87a4-22432f7fe75c.png\nThe problem is: \"if inited is changed to created, the number of li is six aphaemes.",
    "summary_bilingual_indexes": [
      0
    ],
    "description_bilingual_indexes": [
      0,
      2
    ]
  },
  "293": {
    "summary": "Modified the digital transfer mode of readNumber",
    "description": "By the way, I modified some notes.",
    "summary_bilingual_indexes": [
      0
    ],
    "description_bilingual_indexes": [
      0
    ]
  },
  "295": {
    "summary": "Maintain attribute data to transmit change information",
    "description": "San makes corresponding interface operations based on the information of data changes, and for-node does a lot of optimization operations on array-like splice methods, but the data directly uses the set method in the process of passing through component properties, resulting in the lack of information and invalid for-node optimization.",
    "summary_bilingual_indexes": [
      0
    ],
    "description_bilingual_indexes": [
      0
    ]
  },
  "299": {
    "summary": "Support s-bind to specify scoped slot on slot",
    "description": "rt",
    "summary_bilingual_indexes": [
      0
    ],
    "description_bilingual_indexes": []
  },
  "304": {
    "summary": "pkg: fix npm run test:coverage cannot run pretest hook bug",
    "description": "- [ ] LGTM\n- Fixed an issue where running npm run test:coverage directly failed to trigger the pretest hook\n- Remove redundant scripts code",
    "summary_bilingual_indexes": [],
    "description_bilingual_indexes": [
      1,
      2
    ]
  },
  "308": {
    "summary": "ci: circle.ci approve",
    "description": "- [ ] LGTM\n-fixed an issue where circle.ci could not run.\n-upgrade the config file of circle.ci to 2.0 focus 1.0 will be discontinued in August\n-add repo token for coveralls.io san\n-add the configuration of travis.ci",
    "summary_bilingual_indexes": [],
    "description_bilingual_indexes": [
      1,
      2,
      3,
      4
    ]
  },
  "310": {
    "summary": "Problems with dynamic binding type",
    "description": "input static type binding data can achieve the effect in start radio\nI hope to bind the data by parsing json\n{ index :0, type : radio , list :[Agree, Disagree], title : Good weather, checked : 0 },\nresolves to\n input type= {{item.type}} value= {{cindex}} checked= {= item.checked =} {{content}}\nThe binding result is not the value of 0 1 2, all are true, how should I solve it?\nYou cannot upload pictures. Write them in a simple book.\n/p/22121531b599",
    "summary_bilingual_indexes": [
      0
    ],
    "description_bilingual_indexes": [
      0,
      1,
      2,
      3,
      5,
      6
    ]
  },
  "313": {
    "summary": "fix:path",
    "description": "",
    "summary_bilingual_indexes": [],
    "description_bilingual_indexes": []
  },
  "315": {
    "summary": "ci: add circle branch",
    "description": "- Add master branch to ci branch",
    "summary_bilingual_indexes": [],
    "description_bilingual_indexes": [
      0
    ]
  },
  "316": {
    "summary": "add drei link in compannions",
    "description": "",
    "summary_bilingual_indexes": [],
    "description_bilingual_indexes": []
  },
  "323": {
    "summary": "fix 321",
    "description": "",
    "summary_bilingual_indexes": [],
    "description_bilingual_indexes": []
  },
  "324": {
    "summary": "Handle situations that may contain uppercase signatures in the svg",
    "description": "Fix#321 also handles other situations in svg that may contain uppercase signatures",
    "summary_bilingual_indexes": [
      0
    ],
    "description_bilingual_indexes": [
      0
    ]
  },
  "327": {
    "summary": " givenANode undefined",
    "description": " javascript\nconst A = defineComponent ({template: div })\nconst B = defineComponent ({\n template: div ,\n attached () {\n const rnv = new A () \n rnv.attach (document.body)\n this.children.push (rnv) \nThrow the wrong thing here\n this.data.set ( a , {}) \n }\n}) \n ",
    "summary_bilingual_indexes": [],
    "description_bilingual_indexes": [
      8
    ]
  },
  "329": {
    "summary": "When the template s-for list is rendered, the arr [index] method is used to replace item, and it is found that after passing the set of data, the view is no longer updated.",
    "description": "Reproduce address / ytyeie/pen/zLyapp",
    "summary_bilingual_indexes": [
      0
    ],
    "description_bilingual_indexes": [
      0
    ]
  },
  "330": {
    "summary": "Constructing regular objects in parser-text may have an impact on performance.",
    "description": "After the introduction of custom delimiter support after version 3.4, each call to parseText function will execute a new regular object new. ParseText is a function that is called frequently, and multiple calls may have an impact on performance. In the actual project, we found that in the chrome environment, when template is more complex, there will be obvious stutters in constructing san components. Location found that one of the reasons is that parseText in frequent calls because new regular objects are generated each time, multiple calls take longer than the normal execution consumption. At present, it has not been reproduced on safari, which is presumed to be related to the browser's underlying handling of regular object reuse. Refer to the source code of vue to find that vue is parsing this regularization processing by building a closure cache at the beginning to avoid repetitive regular object construction.\nTherefore, it is suggested that san can optimize this and cache regularities such as parseText to reduce possible performance loss.\n",
    "summary_bilingual_indexes": [
      0
    ],
    "description_bilingual_indexes": [
      0,
      1
    ]
  },
  "335": {
    "summary": "When an index uses an expression in data binding, changes in variables in the index do not update the view",
    "description": "The example is as follows: setData changes the value of cur and the view is not updated\n \n DOCTYPE html \n html \n head \n meta charset= utf-8 \n title start - title \n /head \n body \n script script \n script \n var MyApp = san.defineComponent ({\n template: div div div ,\n initData: function () {\n return {\n obj: {\n persons: [\n {\n name: yican ,\n age: 18\n },\n {\n name: hy ,\n age: 19\n },\n {\n name: zqz ,\n age: 20\n }\n ]\n },\n cur: 1\n \n } \n },\n attached: function () {\n console.log ( yican-attached-data: , this.data.get ()) \n },\n funcData: function () {\n this.data.set ( cur , 2) \n console.log ( yican-data-get: , this.data.get ()) \n }\n }) \n var myApp = new MyApp () \n myApp.attach (document.body) \n script \n /body \n /html \n ",
    "summary_bilingual_indexes": [
      0
    ],
    "description_bilingual_indexes": [
      0
    ]
  },
  "337": {
    "summary": "comments: separate - and numbers charCode",
    "description": "",
    "summary_bilingual_indexes": [],
    "description_bilingual_indexes": []
  },
  "338": {
    "summary": "The disabled property will not be rendered to the DOM",
    "description": "In the template of san\n \n div disabled div \n \nFinally, on DOM, it will be rendered as\n div div ",
    "summary_bilingual_indexes": [
      0
    ],
    "description_bilingual_indexes": [
      0,
      4
    ]
  },
  "339": {
    "summary": "[feature request] Asynchronous component",
    "description": "Current situation\nSan currently does not support asynchronous components, which is a heavy burden for business scenarios that emphasize the performance of the first screen.\nThe current compile process, when encountered with components, requires that the components object must contain a san-Component class, which will have some impact.\nSome components do not need to load Dialog components on the first screen, and some components render Tab components only when needed. These components that do not render immediately will slow down the first screen performance of the application.\n1. Unneeded js files need to be downloaded on the first screen, and there may be other dependencies in js files, such as dots, css resources, etc., affecting network performance\n2. The san framework takes time to compile templates and generate component instances or even generate dom, even if it is not needed, which affects the loading time\nDynamic components can be alleviated to some extent, but it is completely separated from the component tree after attach, and there is no data binding, event binding, dispatch and other capabilities, which may not be the result we want.\nExpected behavior\nThe developer defines the component as a factory function, and the component class is parsed asynchronously within san.\nSimple exampl\n js\n// App.js\n...\ncomponents: {\n san-dialog :function (resolve,reject) {\n setTimeout (function () {\nPass the component definition to the resolve callback\n resolve ({\n template: div I am div \n })\n }, 1000)\n }\n}\n...\n \nAs shown above\nIt will be very comfortable after cooperating with webpack code-splitting.\n js\n// App.js\n...\ncomponents: {\n san-dialog : () = async-compt.js )\n}\n...\n \n",
    "summary_bilingual_indexes": [
      0
    ],
    "description_bilingual_indexes": [
      0,
      1,
      2,
      3,
      4,
      5,
      6,
      7,
      8,
      9,
      16,
      25,
      26
    ]
  },
  "340": {
    "summary": "Elements such as button,select for the first dynamic rendering are not compatible with IE8.",
    "description": "El [propName] = value IE8 incompatible\n [image]/4495830/45140301-e7896080-b1e4-11e8-885c-74a310afc6a1.png\n",
    "summary_bilingual_indexes": [
      0
    ],
    "description_bilingual_indexes": [
      0
    ]
  },
  "341": {
    "summary": "fix: #340",
    "description": "",
    "summary_bilingual_indexes": [],
    "description_bilingual_indexes": []
  },
  "343": {
    "summary": "Template s-if toggles bug",
    "description": " \nvar MyApp = san.defineComponent ({\n template: p on-click= switch Hello {{name}} \n template template template template \n p ,\n initData: function () {\n return {\n flag: false\n } \n },\n switch: function () {\n this.data.set ( flag , this.data.get ( flag ))\n }\n}) \nvar myApp = new MyApp () \nmyApp.attach (document.body) \n \nClicking to switch flag status does not switch template, but becomes splicing.\n [image]/4221606/45477186-92fd5c80-b773-11e8-988e-f2368946d901.png\n",
    "summary_bilingual_indexes": [
      0
    ],
    "description_bilingual_indexes": [
      17
    ]
  },
  "346": {
    "summary": "refactor: remove useless if",
    "description": "remove this.owner check since it has already checked before function call.",
    "summary_bilingual_indexes": [],
    "description_bilingual_indexes": []
  },
  "349": {
    "summary": "chore: change enum to const value",
    "description": "Change the three enumerated types used by the files in the built dist directory\n- ExprType\n- NodeType\n- DataChangeType\nWhen building, convert to literal constants, thereby reducing the code volume after gzip\nSan.min.js reduced by 129 bytes 15558 15429\nSan.spa.modern.min.js reduced by 107 bytes 14372 14265",
    "summary_bilingual_indexes": [],
    "description_bilingual_indexes": [
      0,
      4,
      5,
      6
    ]
  },
  "351": {
    "summary": "Ie8 load san error",
    "description": "Web page error details\nUser Agent: 4.0 (compatible MSIE 8.0 Windows NT 6.1 WOW64 4.0 SLCC2 .NET CLR 2.0.50727 .NET CLR 3.5.30729 .NET CLR 3.0.30729 Media Center PC 6.0C .NET4.0E)\nTimestamp: Wed, 26 Sep 2018 03:44:38 UTC\nMessage: value is empty or not an object\nLine: 8173\nCharacter: 21\nCode: 0\nURI: san.dev.js\n",
    "summary_bilingual_indexes": [
      0
    ],
    "description_bilingual_indexes": [
      0,
      1,
      2,
      3,
      4,
      5,
      6
    ]
  },
  "356": {
    "summary": "refactor: use me only when is necessary.",
    "description": "",
    "summary_bilingual_indexes": [],
    "description_bilingual_indexes": []
  },
  "357": {
    "summary": "refatcor: reuse function",
    "description": "",
    "summary_bilingual_indexes": [],
    "description_bilingual_indexes": []
  },
  "358": {
    "summary": "fixed extension",
    "description": "",
    "summary_bilingual_indexes": [],
    "description_bilingual_indexes": []
  },
  "359": {
    "summary": "refactor: remove property and method since unused.",
    "description": "-TextNode's _ prev does not seem to be used\n-the detach method of ForNode does not seem to have been deactivated, and ForNode has no ToPhase method and no lifeCycle attribute",
    "summary_bilingual_indexes": [],
    "description_bilingual_indexes": [
      0,
      1
    ]
  },
  "361": {
    "summary": "Update array via set datapath, not rendered in s-for loop",
    "description": "Code example\n/ytyeie/pen/ReZKGR\nAs shown in the code, the set operation is used to add array items through the data path, which is obtained in data and does not loop normally in the s-for loop.\n",
    "summary_bilingual_indexes": [
      0
    ],
    "description_bilingual_indexes": [
      0,
      2
    ]
  },
  "364": {
    "summary": "San.parseTemplate analytic problem",
    "description": "san.parseTemplate ( o )",
    "summary_bilingual_indexes": [
      0
    ],
    "description_bilingual_indexes": []
  },
  "365": {
    "summary": "When the key value of a key-value pair cannot be determined in a two-way bound expression, square brackets are used instead of the key value, but the value in the square brackets is not calculated",
    "description": "In a form submission scenario, the form item is generated by an array loop, and the form item is finally bidirectionally bound to a Map and submitted to the backend\n \n form \n input value= {=map[item.title]=} s-for= item in \n /form \n \nAt this time, it is found that map is not bound to the corresponding value.\n[codepen address of simple restore scenario] / asd123freedom/pen/ePLQWb\nVersion of san is 3.6.13",
    "summary_bilingual_indexes": [
      0
    ],
    "description_bilingual_indexes": [
      0,
      6,
      7,
      8
    ]
  },
  "366": {
    "summary": "When calculating a property initialization, as long as the get property, the property will be executed once, resulting in a waste of resources",
    "description": "At initialization, an attribute is executed once as long as it is get.",
    "summary_bilingual_indexes": [
      0
    ],
    "description_bilingual_indexes": [
      0
    ]
  },
  "367": {
    "summary": "Add a warning to overwrite the Component prototype",
    "description": "The lack of direct throw error is due to the fact that some developers will re-encapsulate such as yubei, and the project will lose break after the updated version.",
    "summary_bilingual_indexes": [
      0
    ],
    "description_bilingual_indexes": [
      0
    ]
  },
  "368": {
    "summary": "Abstracts a warning method",
    "description": "San's warning will fallback to throw Error in the absence of console.warn, which will jump directly out of the call stack, which may cause unnecessary trouble if it is inconsistent with the original console.warn behavior, so throw is wrapped with a layer of setTimeout.\nThen found that there are three places to use this logic, too much repetitive code, so encapsulated.",
    "summary_bilingual_indexes": [
      0
    ],
    "description_bilingual_indexes": [
      0,
      1
    ]
  },
  "373": {
    "summary": "build: Sourcemap added",
    "description": "add sourcemap for dist files (except the compress file).",
    "summary_bilingual_indexes": [],
    "description_bilingual_indexes": []
  },
  "374": {
    "summary": "ci: show coverage for original non transpiled code ",
    "description": "change coverage from san.dev.js to *.js \n [image]/5475069/49444639-b7b11f80-f80a-11e8-9e52-fef3d3f8aaf6.png\n",
    "summary_bilingual_indexes": [],
    "description_bilingual_indexes": []
  },
  "378": {
    "summary": "IE7 checkbox sets the initial data in initData with no selected status",
    "description": " label input type= checkbox value= errorrik checked= {= online label \nThe new component is, if it is set in initData as follows:\n \ninitData () {\n return {\n online: [ online ]\n }\n}\n \nThe checkbox that comes out will not be selected under IE7.\nHowever, at the beginning, set online to [], then after the component attached, and then set the value of online with data.set, the state will be normal.",
    "summary_bilingual_indexes": [
      0
    ],
    "description_bilingual_indexes": [
      1,
      9,
      10
    ]
  },
  "379": {
    "summary": "ci: add Appveyor build update some changes for win platform",
    "description": "- add appveyor ci for win platform\n- fix some win platform compatible bugs",
    "summary_bilingual_indexes": [],
    "description_bilingual_indexes": []
  },
  "380": {
    "summary": "ci: fix appveyor chrome checksums bug",
    "description": "fix chrome checksums bug\n [image]/5475069/49913314-2dcb1b80-fec8-11e8-9766-6ddd75ad10ff.png\n",
    "summary_bilingual_indexes": [],
    "description_bilingual_indexes": []
  }
}