{
  "1": {
    "summary": "WEIXIN UI ",
    "description": "The issue is blood.\n",
    "summary_bilingual_indexes": [],
    "description_bilingual_indexes": [
      0
    ]
  },
  "2": {
    "summary": "WeChat JSAPI has disabled the wiki, but there are some outdated features like addContact and add friends.",
    "description": "The wiki is outdated, and the wording of the wiki is not clear.\nFor example, adding friends via WeixinJSBridge.invoke (addContact, ...) has been disabled.\n ref: 66fb98d5261259cb083a9f475382a237.html \n",
    "summary_bilingual_indexes": [
      0
    ],
    "description_bilingual_indexes": [
      0,
      1
    ]
  },
  "3": {
    "summary": "React-weui",
    "description": "React-weui has a timetable?\n",
    "summary_bilingual_indexes": [],
    "description_bilingual_indexes": [
      0
    ]
  },
  "4": {
    "summary": "Is AngularJS planned to be supported?",
    "description": "",
    "summary_bilingual_indexes": [
      0
    ],
    "description_bilingual_indexes": []
  },
  "5": {
    "summary": "Is there any plan to offer a scss version?",
    "description": "",
    "summary_bilingual_indexes": [
      0
    ],
    "description_bilingual_indexes": []
  },
  "6": {
    "summary": "Please tell me what the problem is with the hack in the code below.",
    "description": ".weui_btn_area.weui_btn_area_inline .weui_btn {\n ...\n display: inline-block 9 \n width: 48 9 \n margin-left: 1 9 \n margin-right: 1 9 \n}\n",
    "summary_bilingual_indexes": [
      0
    ],
    "description_bilingual_indexes": []
  },
  "7": {
    "summary": "Can you add a dialog UI?",
    "description": "The conversation list UI, which is similar to the WeChat web interface, but is older.\n",
    "summary_bilingual_indexes": [
      0
    ],
    "description_bilingual_indexes": [
      0
    ]
  },
  "9": {
    "summary": "WeUI needs new components",
    "description": "WeUI has a few components that are currently being assembled.\n- button\n- cell\n- dialog\n- toast\n- article\n- icon\nThe use of the scene is mobile, WeChat.\nWe know that a complete set of Wap UI libraries will certainly be more than just these components, so we hope to use the power of the open source community to enrich the WeUI's library of components.\nIf you have any suggestions on what components you would like to use when developing a web application within WeChat, thank you.\nThanks to the students who have submitted the list of photos of the fox #8, will join our development program.\n",
    "summary_bilingual_indexes": [
      0
    ],
    "description_bilingual_indexes": [
      0,
      7,
      8,
      9,
      10
    ]
  },
  "11": {
    "summary": "add travis-ci update README.md",
    "description": "add travis-ci update README.md\n",
    "summary_bilingual_indexes": [],
    "description_bilingual_indexes": []
  },
  "12": {
    "summary": "don t copy example.less to example",
    "description": "",
    "summary_bilingual_indexes": [],
    "description_bilingual_indexes": []
  },
  "17": {
    "summary": "Fix cells without title lack margin-top",
    "description": "",
    "summary_bilingual_indexes": [
      0
    ],
    "description_bilingual_indexes": []
  },
  "18": {
    "summary": "optimization bug fix",
    "description": "",
    "summary_bilingual_indexes": [],
    "description_bilingual_indexes": []
  },
  "24": {
    "summary": "fix bugs on button.weui_btn_plain_primary",
    "description": "Fix: When applied to the button tag. weui_btn_plain_primary, background gray filling appears, and the button's border is set to 0 due to style priority issues.\n",
    "summary_bilingual_indexes": [],
    "description_bilingual_indexes": [
      0
    ]
  },
  "26": {
    "summary": "Router in wechat webview",
    "description": "Hey, nice work guys.\nI noticed that you have a simple routing with history.pushState (), and I tested it in the WeChat webview, and there's a slightly strange problem with the back of the top of the WeChat webview and the back of the left-hand side of the screen.\nAll routes are normal when using Webview Back\nBut when you swipe back through the left edge of the screen, the route seems to fail, and you exit the entire webview.\nI found that it seems like every web app that uses pushState to implement routing has this problem, and I'm not sure what the problem is.\nBut using the original locatin.hash hashchange as a router is not the problem...\nBut they did give history.length +1...\nIs it the WeChat Webview that does the processing or is it the pushState that appears different in iOS WebView and Safari that doesn't have this problem?\n",
    "summary_bilingual_indexes": [],
    "description_bilingual_indexes": [
      1,
      2,
      3,
      4,
      5,
      6,
      7
    ]
  },
  "30": {
    "summary": "fix 10px - 15px between buttons",
    "description": "fix 10px - 15px between buttons\n",
    "summary_bilingual_indexes": [
      0
    ],
    "description_bilingual_indexes": [
      0
    ]
  },
  "32": {
    "summary": "remove example comment",
    "description": "remove example comment\n",
    "summary_bilingual_indexes": [],
    "description_bilingual_indexes": []
  },
  "41": {
    "summary": "Adding npm start solves the problem of pushState WeChat iOS failing to swipe back from the left edge of the screen",
    "description": "",
    "summary_bilingual_indexes": [
      0
    ],
    "description_bilingual_indexes": []
  },
  "42": {
    "summary": "fix typo",
    "description": "",
    "summary_bilingual_indexes": [],
    "description_bilingual_indexes": []
  },
  "44": {
    "summary": "example.less use autoprefixer and minify build backdrop-filter",
    "description": "",
    "summary_bilingual_indexes": [],
    "description_bilingual_indexes": []
  },
  "45": {
    "summary": "update snapshot optimize backdrop filter",
    "description": "",
    "summary_bilingual_indexes": [],
    "description_bilingual_indexes": []
  },
  "49": {
    "summary": "add weui_icon_info_circle icon",
    "description": "",
    "summary_bilingual_indexes": [],
    "description_bilingual_indexes": []
  },
  "51": {
    "summary": "add weui_switch",
    "description": "add weui_switch\n",
    "summary_bilingual_indexes": [],
    "description_bilingual_indexes": []
  },
  "53": {
    "summary": "update cell snapshot",
    "description": "",
    "summary_bilingual_indexes": [],
    "description_bilingual_indexes": []
  },
  "54": {
    "summary": "add weui_progress widget",
    "description": "",
    "summary_bilingual_indexes": [],
    "description_bilingual_indexes": []
  },
  "56": {
    "summary": "bugfix",
    "description": "1. set cell title font-size to 14px\n2. remove iOS9 backdrop-filter \n3. change weui_progress cancel icon size to 22px\n",
    "summary_bilingual_indexes": [],
    "description_bilingual_indexes": []
  },
  "57": {
    "summary": "add actionsheet",
    "description": "",
    "summary_bilingual_indexes": [],
    "description_bilingual_indexes": []
  },
  "58": {
    "summary": "fix mask",
    "description": "",
    "summary_bilingual_indexes": [],
    "description_bilingual_indexes": []
  },
  "59": {
    "summary": "Modify style as relative path",
    "description": "Replace the directory with\n",
    "summary_bilingual_indexes": [
      0
    ],
    "description_bilingual_indexes": [
      0
    ]
  },
  "60": {
    "summary": "Input[type=date] failed in ios WeChat",
    "description": "The type of input set to date in the iOS WeChat browser is not possible to click and enter...\nThere's no problem with Android devices, and there's no problem with Chrome devices.\n \n div div \n div class= weui_cells weui_cells_form \n div class= weui_cell \n div class= weui_cell_hd \n label label \n div \n div class= weui_cell_bd weui_cell_primary \n input type= date class= weui_input \n div \n div \n /div \n div class= weui_btn_area \n button class= weui_btn weui_btn_primary button \n /div \n \nThe device is iPhone 5s\nSystem is iOS 8.1.3\nThe following is a snapshot:\n [699982646500440699]/assets/1651946/10813372/ab2d91c2-7e59-11e5-9f4a-e5c47a7a79ed.jpg\n",
    "summary_bilingual_indexes": [
      0
    ],
    "description_bilingual_indexes": [
      0,
      1,
      18,
      19,
      20
    ]
  },
  "62": {
    "summary": "#60 Fixed a bug that failed to input[type=date] under iOS",
    "description": "",
    "summary_bilingual_indexes": [
      0
    ],
    "description_bilingual_indexes": []
  },
  "65": {
    "summary": "use local zepto",
    "description": "",
    "summary_bilingual_indexes": [],
    "description_bilingual_indexes": []
  },
  "67": {
    "summary": "add actionSheet README,add actionSheet icon",
    "description": "",
    "summary_bilingual_indexes": [],
    "description_bilingual_indexes": []
  },
  "70": {
    "summary": "unite widget name",
    "description": "",
    "summary_bilingual_indexes": [],
    "description_bilingual_indexes": []
  },
  "74": {
    "summary": "fix weui_input line-height",
    "description": "",
    "summary_bilingual_indexes": [],
    "description_bilingual_indexes": []
  },
  "75": {
    "summary": "change ActionSheet position to fixed",
    "description": "",
    "summary_bilingual_indexes": [],
    "description_bilingual_indexes": []
  },
  "78": {
    "summary": "Optimized style",
    "description": "1. Remove the weui_vimg_wrp extension class, which achieves the same effect with the weui_cells_form as the parent class\n2. Add the weui_btn_area Add the margin-top: 20px\n3. Add the weui_btn_area Add the margin-bottom\n4. Remove the hack written for WinPhone 7 weui_btn_area_inline\n5. Adding weui_cells_tips\n6. Modify the border-color of weui_cell\n7. Modified the weui_cells_form's weui_cell_hd's padding-right to 0.3em\n8. Modified font-size of weui_cells to 17px\n9. Modified the margin of weui_cells_title\n10. Increase the weui_cell_switch to control the height of the weui_switch cell, keeping it at 44px\n11. Modify the spacing of weui_msg\n",
    "summary_bilingual_indexes": [
      0
    ],
    "description_bilingual_indexes": [
      0,
      1,
      2,
      3,
      4,
      5,
      6,
      7,
      8,
      9,
      10
    ]
  },
  "82": {
    "summary": "Unified code style for improved readability",
    "description": "1. Unifying the color variable using capital letters\n2. Each style is one line\n3. weui_step_list.less\n",
    "summary_bilingual_indexes": [
      0
    ],
    "description_bilingual_indexes": [
      0,
      1
    ]
  },
  "83": {
    "summary": "optimize gulpfile.js",
    "description": "",
    "summary_bilingual_indexes": [],
    "description_bilingual_indexes": []
  },
  "84": {
    "summary": "Control the height using the weuiCellHeight variable",
    "description": "",
    "summary_bilingual_indexes": [
      0
    ],
    "description_bilingual_indexes": []
  },
  "86": {
    "summary": "Toast is not working on Android 4.1.2",
    "description": "Weui_icon_toast icon not showing\n",
    "summary_bilingual_indexes": [
      0
    ],
    "description_bilingual_indexes": [
      0
    ]
  },
  "88": {
    "summary": "rename weui_progress_cancel to weui_progress_opr ",
    "description": "rename weui_progress_cancel to weui_progress_opr \n",
    "summary_bilingual_indexes": [],
    "description_bilingual_indexes": []
  },
  "90": {
    "summary": "#86 Fixed bugs that some Android models couldn't display font icons",
    "description": "",
    "summary_bilingual_indexes": [
      0
    ],
    "description_bilingual_indexes": []
  },
  "93": {
    "summary": "update dialog snapshot",
    "description": "",
    "summary_bilingual_indexes": [],
    "description_bilingual_indexes": []
  },
  "94": {
    "summary": "update dialog1 snapshot",
    "description": "",
    "summary_bilingual_indexes": [],
    "description_bilingual_indexes": []
  },
  "95": {
    "summary": "add 3rd extension",
    "description": "",
    "summary_bilingual_indexes": [],
    "description_bilingual_indexes": []
  },
  "98": {
    "summary": "rename variable name",
    "description": "",
    "summary_bilingual_indexes": [],
    "description_bilingual_indexes": []
  },
  "99": {
    "summary": " table-cell to flex ",
    "description": "- cell component table-cell layout changed to flex layout\n- .setLine method defined in setOnepx.less, modified to .setTopLine, .setLeftLine\n- the button in weui_dialog_confirm, changed from float to flex\n",
    "summary_bilingual_indexes": [],
    "description_bilingual_indexes": [
      0,
      1,
      2
    ]
  },
  "103": {
    "summary": "Use the dialpad",
    "description": "The input box that needs to be entered automatically calls the dial keyboard to the number nine, improving the input experience.\n",
    "summary_bilingual_indexes": [],
    "description_bilingual_indexes": [
      0
    ]
  },
  "105": {
    "summary": "update README for weui usage after bower or npm installation",
    "description": "",
    "summary_bilingual_indexes": [],
    "description_bilingual_indexes": []
  },
  "111": {
    "summary": "optimize package.json add header to output css",
    "description": "",
    "summary_bilingual_indexes": [],
    "description_bilingual_indexes": []
  },
  "115": {
    "summary": "weui_cells_access ft gap",
    "description": "",
    "summary_bilingual_indexes": [],
    "description_bilingual_indexes": []
  },
  "118": {
    "summary": "The background color is recommended to use light darken.",
    "description": "The background color is recommended to use light darken.\n",
    "summary_bilingual_indexes": [
      0
    ],
    "description_bilingual_indexes": [
      0
    ]
  },
  "119": {
    "summary": "#118 add weui_dialog button s active color",
    "description": "",
    "summary_bilingual_indexes": [],
    "description_bilingual_indexes": []
  },
  "120": {
    "summary": "remove no use class name weui_cells_split ",
    "description": "",
    "summary_bilingual_indexes": [],
    "description_bilingual_indexes": []
  },
  "121": {
    "summary": "fix weui_button mini line-height",
    "description": "",
    "summary_bilingual_indexes": [],
    "description_bilingual_indexes": []
  },
  "122": {
    "summary": "Add link for Rails gems",
    "description": "",
    "summary_bilingual_indexes": [],
    "description_bilingual_indexes": []
  },
  "123": {
    "summary": "fix textarea does not change color under weui_cell_warn",
    "description": "",
    "summary_bilingual_indexes": [
      0
    ],
    "description_bilingual_indexes": []
  },
  "124": {
    "summary": "add weui-sketch link",
    "description": "",
    "summary_bilingual_indexes": [],
    "description_bilingual_indexes": []
  },
  "126": {
    "summary": "Update README.md",
    "description": "The rails extension address was changed to the author's Github address instead of the rubygem address, to make it easier for developers to read the relevant documentation.\n",
    "summary_bilingual_indexes": [],
    "description_bilingual_indexes": [
      0
    ]
  },
  "127": {
    "summary": "add weui_textarea_counter",
    "description": "",
    "summary_bilingual_indexes": [],
    "description_bilingual_indexes": []
  },
  "130": {
    "summary": "weui_dialog align",
    "description": "",
    "summary_bilingual_indexes": [],
    "description_bilingual_indexes": []
  },
  "131": {
    "summary": "add weui_icon_search ",
    "description": "",
    "summary_bilingual_indexes": [],
    "description_bilingual_indexes": []
  },
  "132": {
    "summary": "resize icon_nav_msg.png",
    "description": "",
    "summary_bilingual_indexes": [],
    "description_bilingual_indexes": []
  },
  "134": {
    "summary": "The cell is linked to another web page, and the back-end cell has a black line.",
    "description": "The cell is linked to another web page, and the back-end cell has a black line.\n",
    "summary_bilingual_indexes": [
      0
    ],
    "description_bilingual_indexes": [
      0
    ]
  },
  "137": {
    "summary": "#134 Fixed the bug that caused Cell to return to the black page when it jumped to a new page on the iOS platform",
    "description": "",
    "summary_bilingual_indexes": [
      0
    ],
    "description_bilingual_indexes": []
  },
  "139": {
    "summary": "update example.js ",
    "description": "",
    "summary_bilingual_indexes": [],
    "description_bilingual_indexes": []
  },
  "141": {
    "summary": "Split the demo code",
    "description": "",
    "summary_bilingual_indexes": [
      0
    ],
    "description_bilingual_indexes": []
  },
  "143": {
    "summary": "No used cell style for example home page",
    "description": "",
    "summary_bilingual_indexes": [],
    "description_bilingual_indexes": []
  },
  "144": {
    "summary": "deprecated gulp-minify-css, use gulp-cssnano instead",
    "description": "",
    "summary_bilingual_indexes": [],
    "description_bilingual_indexes": []
  },
  "146": {
    "summary": "add weui-practice link",
    "description": "",
    "summary_bilingual_indexes": [],
    "description_bilingual_indexes": []
  },
  "147": {
    "summary": "add jquery-weui link",
    "description": "",
    "summary_bilingual_indexes": [],
    "description_bilingual_indexes": []
  },
  "149": {
    "summary": "Weiui's bower plugin, wiredep is not recognized and cannot be inserted into index.html",
    "description": "I have weui configured in bower.json, and after other bowers install wiredep will automatically insert the css into the specified index.html, weui installed is not possible.\n",
    "summary_bilingual_indexes": [
      0
    ],
    "description_bilingual_indexes": [
      0
    ]
  },
  "150": {
    "summary": "#149 add bower.json file",
    "description": "",
    "summary_bilingual_indexes": [],
    "description_bilingual_indexes": []
  },
  "152": {
    "summary": "Merge branch develop ",
    "description": "",
    "summary_bilingual_indexes": [],
    "description_bilingual_indexes": []
  },
  "156": {
    "summary": "Fixed a bug where the dialog button triggers multiple events",
    "description": "In the current situation, if you open the dialog several times, the button will be bound by multiple events.\n",
    "summary_bilingual_indexes": [
      0
    ],
    "description_bilingual_indexes": [
      0
    ]
  },
  "165": {
    "summary": "update README.md add snapshot",
    "description": "",
    "summary_bilingual_indexes": [],
    "description_bilingual_indexes": []
  },
  "166": {
    "summary": "fix source map problem",
    "description": "The source map is not working properly under current settings due to autoprefixer\n",
    "summary_bilingual_indexes": [],
    "description_bilingual_indexes": [
      0
    ]
  },
  "169": {
    "summary": "add CHANGELOG.md update README.md",
    "description": "",
    "summary_bilingual_indexes": [],
    "description_bilingual_indexes": []
  },
  "172": {
    "summary": "update radio icon position, remove unused property, update source map",
    "description": "1. The radio icon is not fully in\nSee the solution to the checkbox, which sets the icon to block, but has the block element in the inline element.\n2. Remove webkit-display and webkit-flex and hand them over to autoprefixer.\n3. The gulp-postcss + autoprefixer, which is officially provided by postcss, replaces gulp-autoprefixer for dealing with source map problems.\n",
    "summary_bilingual_indexes": [],
    "description_bilingual_indexes": [
      0,
      1,
      2,
      3
    ]
  },
  "174": {
    "summary": "update desc",
    "description": "",
    "summary_bilingual_indexes": [],
    "description_bilingual_indexes": []
  },
  "179": {
    "summary": "Click shadow of input textareat label [for] of weui_cells_form",
    "description": "",
    "summary_bilingual_indexes": [
      0
    ],
    "description_bilingual_indexes": []
  },
  "180": {
    "summary": "add weui_icon_clear ",
    "description": "",
    "summary_bilingual_indexes": [],
    "description_bilingual_indexes": []
  },
  "183": {
    "summary": "input type form tel to number",
    "description": "",
    "summary_bilingual_indexes": [],
    "description_bilingual_indexes": []
  },
  "185": {
    "summary": "update README.md",
    "description": "",
    "summary_bilingual_indexes": [],
    "description_bilingual_indexes": []
  },
  "193": {
    "summary": "The font-face reference is incorrect",
    "description": "By decoding the truetype font file in weui.css, the file binary is found as follows:\n [image]/assets/716935/12673486/058b8c5e-c6b8-11e5-8306-5726a21fe825.png\nThe first four characters are wOFF\nAccording to woff woff-spec-latest.html\n WOFFHeader\n UInt32 signature 0x774F4646 wOFF \nThe woff file is supported on iOS 5.1+ and Android 4.4+.\nThis is also the reason why the icon was not displayed on Android * before.\nThe truetype font file needs to be replaced with the correct content.\nAfter processing, the input woff and svg files can be deleted to reduce the size of the css file\n",
    "summary_bilingual_indexes": [
      0
    ],
    "description_bilingual_indexes": [
      0,
      2,
      3,
      6,
      7,
      8,
      9
    ]
  },
  "195": {
    "summary": "The showActionSheet method in the example binds events multiple times",
    "description": " \n #showActionSheet : {\n click: function () {\n 。。。\n mask.show ().addClass ( weui_fade_toggle ).click (function () {\n hideActionSheet (weuiActionsheet, mask) \n }) \n ( #actionsheet_cancel ).click (function () {\n hideActionSheet (weuiActionsheet, mask) \n }) \n 。。。\n }\n }\n \nThe two .click (function () {} here should be converted to\n.one ( click ,function (){}\n",
    "summary_bilingual_indexes": [
      0
    ],
    "description_bilingual_indexes": [
      14
    ]
  },
  "196": {
    "summary": "init tabbar",
    "description": "",
    "summary_bilingual_indexes": [],
    "description_bilingual_indexes": []
  },
  "205": {
    "summary": "navbar",
    "description": "",
    "summary_bilingual_indexes": [],
    "description_bilingual_indexes": []
  },
  "208": {
    "summary": "When you use the cell demo to switch pages to the left, the iPhone 6 will vibrate to see the text of the previous page, without slipping.",
    "description": "",
    "summary_bilingual_indexes": [
      0
    ],
    "description_bilingual_indexes": []
  },
  "211": {
    "summary": "add weui card",
    "description": "",
    "summary_bilingual_indexes": [],
    "description_bilingual_indexes": []
  },
  "214": {
    "summary": "move weui_tabbar padding to weui_tabbar_item",
    "description": "",
    "summary_bilingual_indexes": [],
    "description_bilingual_indexes": []
  },
  "217": {
    "summary": "Fixed demo Browsing history error issue location.hash",
    "description": "The demo page does not handle the browsing history properly, for example, after refreshing the page with the browser, the back button does not return to the home page, this submission fixes this problem.\n",
    "summary_bilingual_indexes": [
      0
    ],
    "description_bilingual_indexes": [
      0
    ]
  },
  "218": {
    "summary": "Why is the HTML not automatically updated when you start editing with gulp?",
    "description": "RT\nOther JS and LESS can be updated automatically\nModifying HTML requires restarting GULP before it can be done\nThank you.\n",
    "summary_bilingual_indexes": [
      0
    ],
    "description_bilingual_indexes": [
      1,
      2,
      3
    ]
  },
  "228": {
    "summary": " .weui_tab_bd add -webkit-overflow-scrolling property",
    "description": "",
    "summary_bilingual_indexes": [],
    "description_bilingual_indexes": []
  },
  "232": {
    "summary": "add searchbar",
    "description": "Added search bar components\n",
    "summary_bilingual_indexes": [],
    "description_bilingual_indexes": [
      0
    ]
  },
  "233": {
    "summary": "rename tab bar s active class name",
    "description": "",
    "summary_bilingual_indexes": [],
    "description_bilingual_indexes": []
  },
  "235": {
    "summary": "add weui card skin",
    "description": "",
    "summary_bilingual_indexes": [],
    "description_bilingual_indexes": []
  },
  "237": {
    "summary": "add widget icon",
    "description": "",
    "summary_bilingual_indexes": [],
    "description_bilingual_indexes": []
  },
  "242": {
    "summary": "fix setRightLine problem",
    "description": "Adjust the transform-origin in setRightLine to appear consistent with others. No longer required when using right:-1px\nhack。\n",
    "summary_bilingual_indexes": [],
    "description_bilingual_indexes": [
      0
    ]
  },
  "243": {
    "summary": "add third-party extension: vux",
    "description": "",
    "summary_bilingual_indexes": [],
    "description_bilingual_indexes": []
  },
  "244": {
    "summary": "The parent setting height: 100 will show a scroll bar when using weui_cells_title",
    "description": "This problem occurs in the sample page tab, suggesting that we change the margin-top in weui_cells_title to padding-top.\n",
    "summary_bilingual_indexes": [
      0
    ],
    "description_bilingual_indexes": [
      0
    ]
  },
  "245": {
    "summary": "#244 Fixed the bug in the tab demo page",
    "description": "",
    "summary_bilingual_indexes": [
      0
    ],
    "description_bilingual_indexes": []
  },
  "254": {
    "summary": "Avoid using overwrite mixin name as SASS not support.",
    "description": "So I hope official weui can sync with SASS version [PR 10. (if possible)\n",
    "summary_bilingual_indexes": [],
    "description_bilingual_indexes": []
  },
  "259": {
    "summary": "fix flexbox layout problem",
    "description": "fix #258\n",
    "summary_bilingual_indexes": [],
    "description_bilingual_indexes": []
  },
  "263": {
    "summary": "add CONTRIBUTING.md",
    "description": "",
    "summary_bilingual_indexes": [],
    "description_bilingual_indexes": []
  },
  "265": {
    "summary": "fix lang",
    "description": "Changing the lang attribute of html to prevent translation options from appearing in certain browsers.\n [1 e1edbcf0-e64b-11e5-8d17-efad80ad18c1.jpg\nFor example, the QQ browser on iOS\n",
    "summary_bilingual_indexes": [],
    "description_bilingual_indexes": [
      0,
      2
    ]
  },
  "273": {
    "summary": "add dialog content word wrap",
    "description": "",
    "summary_bilingual_indexes": [],
    "description_bilingual_indexes": []
  },
  "290": {
    "summary": "disable cssnano zindex",
    "description": "",
    "summary_bilingual_indexes": [],
    "description_bilingual_indexes": []
  },
  "295": {
    "summary": "The color difference in the navbar switching is not much, can you adjust the color difference a little bit",
    "description": "The navbar switches are too small to see on Apple machines, and may not be noticeable to people with poor color vision.\n",
    "summary_bilingual_indexes": [
      0
    ],
    "description_bilingual_indexes": [
      0
    ]
  },
  "298": {
    "summary": "improve navbar touched behavior on ios",
    "description": "#247 improve navbar touched behavior on ios\n",
    "summary_bilingual_indexes": [],
    "description_bilingual_indexes": []
  },
  "299": {
    "summary": "#295 fixed navbar active background-color",
    "description": "",
    "summary_bilingual_indexes": [],
    "description_bilingual_indexes": []
  },
  "301": {
    "summary": "Enhanced iOS experiance for switch",
    "description": "Modified style and animation for switch, with a bounce effect and color change animation.\n",
    "summary_bilingual_indexes": [],
    "description_bilingual_indexes": []
  },
  "304": {
    "summary": "fixed search bar border-top border-bottom position bug",
    "description": "",
    "summary_bilingual_indexes": [],
    "description_bilingual_indexes": []
  },
  "307": {
    "summary": "v0.4.1",
    "description": "",
    "summary_bilingual_indexes": [],
    "description_bilingual_indexes": []
  },
  "328": {
    "summary": "standard weui select gap",
    "description": "",
    "summary_bilingual_indexes": [],
    "description_bilingual_indexes": []
  },
  "330": {
    "summary": "Optimized demo",
    "description": "Added click event interaction for tab navbar and tabbar tags to help you see the actual results\n",
    "summary_bilingual_indexes": [
      0
    ],
    "description_bilingual_indexes": [
      0
    ]
  },
  "333": {
    "summary": "Fixed a bug that didn't trigger the action sheet",
    "description": "Since the display property is not a granular property, the transition will not trigger when an event causes a change in the display property. The solution is to trigger a page reflow after the switch to the display property.\nSo use foucus () to trigger a reflow after switching the display.\n",
    "summary_bilingual_indexes": [
      0
    ],
    "description_bilingual_indexes": [
      0,
      1
    ]
  },
  "339": {
    "summary": "add article img",
    "description": "",
    "summary_bilingual_indexes": [],
    "description_bilingual_indexes": []
  },
  "341": {
    "summary": "word wrap weui label",
    "description": "",
    "summary_bilingual_indexes": [],
    "description_bilingual_indexes": []
  },
  "342": {
    "summary": "v0.4.2",
    "description": "",
    "summary_bilingual_indexes": [],
    "description_bilingual_indexes": []
  },
  "345": {
    "summary": "On the dialog page, click to determine the style problem that appears on the button",
    "description": "On the dialog page, click on the PC to make sure the mouse button is not\nThe circle becomes a rectangle.\nI don't know if it was intentional.\n",
    "summary_bilingual_indexes": [
      0
    ],
    "description_bilingual_indexes": [
      0,
      1,
      2
    ]
  },
  "346": {
    "summary": "#345 improve dialog btn active style",
    "description": "",
    "summary_bilingual_indexes": [],
    "description_bilingual_indexes": []
  },
  "360": {
    "summary": "add class weui_tab_bd_item_active",
    "description": "add class weui_tab_bd_item_active\n",
    "summary_bilingual_indexes": [],
    "description_bilingual_indexes": []
  },
  "362": {
    "summary": "show toptips to demo",
    "description": "",
    "summary_bilingual_indexes": [],
    "description_bilingual_indexes": []
  },
  "365": {
    "summary": "Solves the problem of undoing the button switch in the search box",
    "description": "The search does not change the line of the cancel button, and the input box adapts to the length of the button.\n",
    "summary_bilingual_indexes": [
      0
    ],
    "description_bilingual_indexes": [
      0
    ]
  },
  "376": {
    "summary": "If there is only one or two, there is one more line next to it.",
    "description": " [qq 55f20496-232b-11e6-9ff8-ed147724f0ac.png\n",
    "summary_bilingual_indexes": [
      0
    ],
    "description_bilingual_indexes": []
  },
  "388": {
    "summary": "Image upload component cannot select image",
    "description": " \nThe image was uploaded to the Android device.\n \n [qq 5e17fffa-3180-11e6-92a9-27b20470f1a3.jpg\nWhen you select picture 1, the screen turns white and you can't select the picture.\n [823833729354064362]/assets/1116346/16000731/98b74378-3180-11e6-8b05-6d50f673199b.jpg\nBut when I chose library 2, everything was fine. The same thing happened with the upload component on [weui.io] (url). The phone is Honor 6, see the system model below.\n [85127381064647280]/assets/1116346/16000763/e0c26cd8-3180-11e6-94fc-054202cfbf7f.jpg\nWeChat version 6.3.18\n",
    "summary_bilingual_indexes": [
      0
    ],
    "description_bilingual_indexes": [
      1,
      4,
      6,
      8
    ]
  },
  "401": {
    "summary": "The latest release 0.4.3",
    "description": "/kevyu/weui-sass/pull/20\nThe sass version introduced all variables can be override, the official version has not been updated for a month, can you send a version number so that the sass version can be released as well.\n",
    "summary_bilingual_indexes": [
      0
    ],
    "description_bilingual_indexes": [
      1
    ]
  },
  "402": {
    "summary": "bugfix",
    "description": "",
    "summary_bilingual_indexes": [],
    "description_bilingual_indexes": []
  },
  "403": {
    "summary": "#401 Specify the range of autoprefixer browsers",
    "description": "",
    "summary_bilingual_indexes": [
      0
    ],
    "description_bilingual_indexes": []
  },
  "404": {
    "summary": "#376 Fix grids top line bug with less than 2 item",
    "description": "",
    "summary_bilingual_indexes": [],
    "description_bilingual_indexes": []
  },
  "405": {
    "summary": "disable autoprefixer transform for cssnano",
    "description": "cssnano by default removes unnecessary prefixes.\nIf you use an autoprefixer and you have specified a browser, you should disable it in case it does not match the expected browser.\n",
    "summary_bilingual_indexes": [],
    "description_bilingual_indexes": [
      0,
      1
    ]
  },
  "406": {
    "summary": "#401 update demo router",
    "description": "",
    "summary_bilingual_indexes": [],
    "description_bilingual_indexes": []
  },
  "407": {
    "summary": "vertical mediabox appmsg thumb",
    "description": "#354\n",
    "summary_bilingual_indexes": [],
    "description_bilingual_indexes": []
  },
  "415": {
    "summary": "standard weui zindex",
    "description": "#373\n",
    "summary_bilingual_indexes": [],
    "description_bilingual_indexes": []
  },
  "418": {
    "summary": "Version 0.4.3 released",
    "description": "Minor release 0.4.3 has been released, see CHANGELOG.md\n",
    "summary_bilingual_indexes": [
      0
    ],
    "description_bilingual_indexes": [
      0
    ]
  },
  "459": {
    "summary": "Guess should be weui-select ",
    "description": "",
    "summary_bilingual_indexes": [],
    "description_bilingual_indexes": []
  },
  "465": {
    "summary": "Fixed the style problem of the preview button",
    "description": "Fixed the style problem of the preview button\n",
    "summary_bilingual_indexes": [
      0
    ],
    "description_bilingual_indexes": [
      0
    ]
  },
  "481": {
    "summary": "Small refactoring",
    "description": "In port 1.0.1 all changes to weui-sass, the bug found at least I think it is . . .\n",
    "summary_bilingual_indexes": [],
    "description_bilingual_indexes": [
      0
    ]
  },
  "483": {
    "summary": "UI bugs detected when using grids",
    "description": "[I use the weui-grids class, as in the example above, and if the text in the cell has Chinese commas, then the linking between each cell is problematic.]\n [qq 34bf8462-8bd4-11e6-931c-1cbc442f5433.png\n",
    "summary_bilingual_indexes": [
      0
    ],
    "description_bilingual_indexes": [
      0
    ]
  },
  "514": {
    "summary": "Creating an alias",
    "description": "Added construct parameter name full alias\n",
    "summary_bilingual_indexes": [
      0
    ],
    "description_bilingual_indexes": [
      0
    ]
  },
  "527": {
    "summary": "Replace loading svg with clean compressed data URI",
    "description": "length: 2738 - 1898",
    "summary_bilingual_indexes": [],
    "description_bilingual_indexes": []
  },
  "559": {
    "summary": "Expect to develop left-slide removal, etc.",
    "description": "Whether it's QQ, WeChat, or almost anything else, there's a slider to the left, and it's a removal, and so on, that's been mentioned in the previous issues, and we're all cheering for the support for this feature.",
    "summary_bilingual_indexes": [
      0
    ],
    "description_bilingual_indexes": [
      0
    ]
  },
  "579": {
    "summary": "weui.css weui-icon-safe_success class and content are not matched",
    "description": "/weui/weui/blob/master/dist/style/weui.css\nBoth content seems to be written in reverse. success should be 05\n/* 58 lines */\n.weui-icon-safe_success:before {\n content: EA04 \n}\n/* \n.weui-icon-safe_warn:before {\n content: EA05 \n}\n/*158 lines*/\n.weui-icon-safe-success {\n color: #09BB07 \n}\n.weui-icon-safe-warn {\n color: #FFBE00 \n}\n",
    "summary_bilingual_indexes": [
      0
    ],
    "description_bilingual_indexes": [
      1,
      2,
      10
    ]
  },
  "598": {
    "summary": "Input instance code is error-corrected",
    "description": "Hi, the end-tag that seems to be missing input, input type=radio class=weui-check name=radio1 plus the hash, is it possible to compile it successfully?",
    "summary_bilingual_indexes": [
      0
    ],
    "description_bilingual_indexes": [
      0
    ]
  },
  "602": {
    "summary": "Semantic details of form-preview",
    "description": "After is usually used to place the bottom border.\n less\n.weui-form-preview__ft{\n :after {\n .setTopLine ( ) \n }\n}\n \nIt should be changed to\n less\n.weui-form-preview__ft{\n :before {\n .setTopLine ( ) \n }\n}\n ",
    "summary_bilingual_indexes": [
      0
    ],
    "description_bilingual_indexes": [
      0,
      8
    ]
  },
  "606": {
    "summary": "After adjusting the font size, search box style problem",
    "description": "After adjusting the font size, the search box icon is not present",
    "summary_bilingual_indexes": [
      0
    ],
    "description_bilingual_indexes": [
      0
    ]
  },
  "614": {
    "summary": "Translate README",
    "description": "Close #613.\nMy Chinese is not so good. Please feel free to comment if the translation is wrong.",
    "summary_bilingual_indexes": [],
    "description_bilingual_indexes": []
  },
  "617": {
    "summary": "actionSheet and picker adjustments",
    "description": "",
    "summary_bilingual_indexes": [
      0
    ],
    "description_bilingual_indexes": []
  },
  "640": {
    "summary": "Add license notices",
    "description": "",
    "summary_bilingual_indexes": [],
    "description_bilingual_indexes": []
  },
  "642": {
    "summary": "Fix url after the transfer to Tencent Group",
    "description": "",
    "summary_bilingual_indexes": [],
    "description_bilingual_indexes": []
  },
  "682": {
    "summary": "media query iphone x",
    "description": "",
    "summary_bilingual_indexes": [],
    "description_bilingual_indexes": []
  },
  "683": {
    "summary": "Add WeUI for work .",
    "description": "",
    "summary_bilingual_indexes": [],
    "description_bilingual_indexes": []
  },
  "686": {
    "summary": "iphone media query",
    "description": "",
    "summary_bilingual_indexes": [],
    "description_bilingual_indexes": []
  }
}