{
  "1": {
    "summary": "[pt-BR] Colocar o que acontece antes de sair do Brasil",
    "description": "",
    "summary_bilingual_indexes": [],
    "description_bilingual_indexes": []
  },
  "4": {
    "summary": "Minor changes and trainings.",
    "description": "- Links relativos.\n-links added to the parts where See section is.\n- Sublinks.\n",
    "summary_bilingual_indexes": [
      0
    ],
    "description_bilingual_indexes": [
      1
    ]
  },
  "7": {
    "summary": "adding pre-pago links",
    "description": "I added the list with a few prepaid operators that are cheap.\nTb adicionei o .idea no .gitignore \n",
    "summary_bilingual_indexes": [],
    "description_bilingual_indexes": [
      0
    ]
  },
  "9": {
    "summary": "New price of BVG fine and changed name from Number26 to N26",
    "description": "",
    "summary_bilingual_indexes": [
      0
    ],
    "description_bilingual_indexes": []
  },
  "16": {
    "summary": "Publish docs as a website",
    "description": "The docs are now published as a website (generated using GitBook):\n[/awesome-berlin]/awesome-berlin/\nAlso, some tasks were created in order to make it easier to preview the docs locally and also to publish them to gh-pages branch.\nCloses #15\nCloses #17 \n",
    "summary_bilingual_indexes": [],
    "description_bilingual_indexes": []
  },
  "19": {
    "summary": "Add Edit this page link to website",
    "description": "This PR adds a link to the header which will allow users to rapidly edit the current page:\n [image]/assets/2975955/21313136/51542c1c-c5f0-11e6-809a-3bdcdcf89289.png\n",
    "summary_bilingual_indexes": [],
    "description_bilingual_indexes": []
  },
  "20": {
    "summary": "Add anchors to headers multi language support",
    "description": "The multi language thing is not ideal in my opinion - I don t like the language select page, I will probably write a plugin to make it easier to switch languages. Anyway, this is a step in the right direction and hopefully this will evolve over time.",
    "summary_bilingual_indexes": [],
    "description_bilingual_indexes": []
  },
  "21": {
    "summary": "Split README into smaller files",
    "description": "The title says it all. Instead of having a single-file-to-rule-them-all, now the documentation will be split into smaller files. ",
    "summary_bilingual_indexes": [],
    "description_bilingual_indexes": []
  },
  "22": {
    "summary": "Disqus, Analytics, English translation and more ",
    "description": "This PR adds a lot of new features to the website:\n- English translations \n- Comments section (using Disqus)\n- Google Analytics\n- Icons for GitHub stars watchers\n",
    "summary_bilingual_indexes": [],
    "description_bilingual_indexes": []
  },
  "23": {
    "summary": "Update first-steps.md",
    "description": "",
    "summary_bilingual_indexes": [],
    "description_bilingual_indexes": []
  },
  "24": {
    "summary": "Update address-registration.md",
    "description": "",
    "summary_bilingual_indexes": [],
    "description_bilingual_indexes": []
  },
  "25": {
    "summary": "Fix typo and small text improvement.",
    "description": "Fix typo and add a small text improvement.",
    "summary_bilingual_indexes": [],
    "description_bilingual_indexes": []
  },
  "26": {
    "summary": "Fix typo. Improve text.",
    "description": "Fix typos and add small text improvements.",
    "summary_bilingual_indexes": [],
    "description_bilingual_indexes": []
  },
  "27": {
    "summary": "Add bvg app and ticket machines within trams",
    "description": "Add note how to buy tickets within (Metro)Trams and mention the BVG App as a way to buy tickets online.",
    "summary_bilingual_indexes": [],
    "description_bilingual_indexes": []
  },
  "29": {
    "summary": "Added instruction on how to get a yearly transport ticket",
    "description": "The title says it all.\n [sbahn]/assets/2975955/21577255/c1620f34-cf54-11e6-9859-ebad96aca928.gif\nCloses #11 ",
    "summary_bilingual_indexes": [],
    "description_bilingual_indexes": []
  },
  "30": {
    "summary": "Update transporte-publico.md",
    "description": "Typo.",
    "summary_bilingual_indexes": [],
    "description_bilingual_indexes": []
  },
  "31": {
    "summary": "fix typo",
    "description": "",
    "summary_bilingual_indexes": [],
    "description_bilingual_indexes": []
  },
  "32": {
    "summary": "Add a link to Blau telephone operator",
    "description": "",
    "summary_bilingual_indexes": [],
    "description_bilingual_indexes": []
  },
  "33": {
    "summary": "Fix airport code (SFX- SXF)",
    "description": "Schönefeld is SXF, not SFX:)",
    "summary_bilingual_indexes": [],
    "description_bilingual_indexes": [
      0
    ]
  },
  "34": {
    "summary": "Add supermarket chain mobile networks",
    "description": "Supermarket chains in Germany have pretty good value for cost when it comes to prepaid (Aldi Talk for example gives you unlimited minutes within O2 network + 1.5GB LTE for 12.99€). I think they should be mentioned.",
    "summary_bilingual_indexes": [],
    "description_bilingual_indexes": []
  },
  "35": {
    "summary": "Processo para SCHUFA",
    "description": "closes #28",
    "summary_bilingual_indexes": [],
    "description_bilingual_indexes": []
  },
  "37": {
    "summary": "Adicionando info sobre o ticket mensal",
    "description": "",
    "summary_bilingual_indexes": [],
    "description_bilingual_indexes": []
  },
  "39": {
    "summary": "Information on rental of buildings",
    "description": "Closes #2 ",
    "summary_bilingual_indexes": [
      0
    ],
    "description_bilingual_indexes": []
  },
  "40": {
    "summary": "Added information about social networks",
    "description": "Closes #8 ",
    "summary_bilingual_indexes": [],
    "description_bilingual_indexes": []
  },
  "42": {
    "summary": "created pets imigration session",
    "description": "",
    "summary_bilingual_indexes": [],
    "description_bilingual_indexes": []
  },
  "43": {
    "summary": "Added information about the Startkarte",
    "description": "Closes #36 ",
    "summary_bilingual_indexes": [],
    "description_bilingual_indexes": []
  },
  "44": {
    "summary": "Additional information on how to bring your pet",
    "description": "I've added some information on the animal's attestation, purchase of tickets, some extra information on CZI, information on the microchip certificate, and a summary of the final documentation for pre-trip conference.",
    "summary_bilingual_indexes": [
      0
    ],
    "description_bilingual_indexes": [
      0
    ]
  },
  "45": {
    "summary": "Update mobile-phones.md",
    "description": "O2 is actually not a very good one, is being merged with E-Plus so doesn t make a point to say the only three networks existing are considered the best.",
    "summary_bilingual_indexes": [],
    "description_bilingual_indexes": []
  },
  "46": {
    "summary": "Fix typos and line breaks in multiple files.",
    "description": "- Fix typos and line breaks in multiple files.",
    "summary_bilingual_indexes": [],
    "description_bilingual_indexes": []
  },
  "47": {
    "summary": "Landlord vs tenant",
    "description": "- Landlord is wrongly being referenced as tenant in two phrases.\nThis branch was based on the pedrovitti:fix-typo branch that is not merged yet. It might be a good idea to merge pedrovitti:fix-typo branch before reviewing and merging this one (or use this diff fix-typo...pedrovitti:landlord-vs-tenant to review)",
    "summary_bilingual_indexes": [],
    "description_bilingual_indexes": []
  },
  "49": {
    "summary": "Update social-networks.md",
    "description": "Add Facebook Free Advice Berlin",
    "summary_bilingual_indexes": [],
    "description_bilingual_indexes": []
  },
  "50": {
    "summary": "Update social networks",
    "description": "Add new Facebook group\nAdding pt-br, as asked in [PR 49",
    "summary_bilingual_indexes": [],
    "description_bilingual_indexes": []
  },
  "51": {
    "summary": "added more infos about traveling with pets from brazil",
    "description": "",
    "summary_bilingual_indexes": [],
    "description_bilingual_indexes": []
  },
  "54": {
    "summary": "Add drivers license section",
    "description": "Plenty of room for improvement but here s a good start.\nCloses #53",
    "summary_bilingual_indexes": [],
    "description_bilingual_indexes": []
  },
  "56": {
    "summary": "Added more info about the validation of transport ticket",
    "description": "",
    "summary_bilingual_indexes": [],
    "description_bilingual_indexes": []
  },
  "57": {
    "summary": "Added more information about the validation of public transport tickets",
    "description": "",
    "summary_bilingual_indexes": [],
    "description_bilingual_indexes": []
  },
  "58": {
    "summary": "Updated contributing section in readme",
    "description": "",
    "summary_bilingual_indexes": [],
    "description_bilingual_indexes": []
  },
  "60": {
    "summary": "update links on drivers license page",
    "description": "Closes #59 ",
    "summary_bilingual_indexes": [],
    "description_bilingual_indexes": []
  },
  "61": {
    "summary": "Updates the rabies serology request link",
    "description": "",
    "summary_bilingual_indexes": [
      0
    ],
    "description_bilingual_indexes": []
  },
  "62": {
    "summary": "Add lebara and info about airport",
    "description": "Additional information about airport purchasing and the new requirement for Passport.",
    "summary_bilingual_indexes": [],
    "description_bilingual_indexes": []
  },
  "63": {
    "summary": "Add more information about the monthly ticket",
    "description": "Also, add a link to the S-Bahn website (in German because this information is not available in the English translation).",
    "summary_bilingual_indexes": [],
    "description_bilingual_indexes": []
  },
  "65": {
    "summary": "Picking up permanent drivers license",
    "description": "Closes #64",
    "summary_bilingual_indexes": [],
    "description_bilingual_indexes": []
  },
  "67": {
    "summary": "Update summary links",
    "description": "Closes #66 ",
    "summary_bilingual_indexes": [],
    "description_bilingual_indexes": []
  },
  "68": {
    "summary": "Translates Activation and Airport to Portuguese",
    "description": "",
    "summary_bilingual_indexes": [],
    "description_bilingual_indexes": []
  },
  "69": {
    "summary": "Grammar fixing",
    "description": "",
    "summary_bilingual_indexes": [],
    "description_bilingual_indexes": []
  },
  "70": {
    "summary": "Translated renting an apartament to english ",
    "description": "",
    "summary_bilingual_indexes": [],
    "description_bilingual_indexes": []
  },
  "72": {
    "summary": "fix Tegel airport spelling",
    "description": "",
    "summary_bilingual_indexes": [],
    "description_bilingual_indexes": []
  },
  "73": {
    "summary": "More information about the Schufa download option",
    "description": "",
    "summary_bilingual_indexes": [],
    "description_bilingual_indexes": []
  },
  "74": {
    "summary": "First version on how to get a driver's license in Germany",
    "description": "",
    "summary_bilingual_indexes": [
      0
    ],
    "description_bilingual_indexes": []
  },
  "75": {
    "summary": "Sample driving test not available anymore",
    "description": "The website isn t available anymore.",
    "summary_bilingual_indexes": [],
    "description_bilingual_indexes": []
  },
  "76": {
    "summary": "Added flow chart with an overview of the process for obtaining a driver s license",
    "description": " I m gonna merge this as-is, as I believe it s already a great addition - despite any possible grammar mistakes. If there s anything you believe I should change (grammar or content wise), please let me know. I ll gladly tackle any issues on a different PR.",
    "summary_bilingual_indexes": [],
    "description_bilingual_indexes": []
  },
  "77": {
    "summary": "Added link to Tax ID request.",
    "description": "",
    "summary_bilingual_indexes": [
      0
    ],
    "description_bilingual_indexes": []
  },
  "79": {
    "summary": "Fixed broken link",
    "description": "Immobilien website s link is broken.",
    "summary_bilingual_indexes": [],
    "description_bilingual_indexes": []
  },
  "80": {
    "summary": "Minor fixes and translations on How to obtain a drivers license. (pt-br)",
    "description": "Minor fixes and translations on How to obtain a drivers license (pt-br version).",
    "summary_bilingual_indexes": [],
    "description_bilingual_indexes": []
  },
  "81": {
    "summary": "Added ING-DiBa",
    "description": "* Added new bank\n* Updated some links",
    "summary_bilingual_indexes": [],
    "description_bilingual_indexes": []
  },
  "82": {
    "summary": "Clarifying bank account creation",
    "description": "",
    "summary_bilingual_indexes": [],
    "description_bilingual_indexes": []
  },
  "83": {
    "summary": "Filled in some details",
    "description": "I write for [All About Berlin], and I linked to related guides where I felt it would add useful information. I also added a few small clarifications here and there, based on my experience writing about the same topics.\nI hope this is a useful contribution. If anything comes off as too spammy, let me know and I will gladly remove the link.",
    "summary_bilingual_indexes": [],
    "description_bilingual_indexes": []
  },
  "84": {
    "summary": "Create supermercados.md",
    "description": "Created supermercados.md to list supermarkets that open on Sundays",
    "summary_bilingual_indexes": [],
    "description_bilingual_indexes": []
  },
  "85": {
    "summary": "Create supermarkets.md",
    "description": "Created file to list supermarkets that open on Sundays",
    "summary_bilingual_indexes": [],
    "description_bilingual_indexes": []
  },
  "86": {
    "summary": "Added Banks info",
    "description": "",
    "summary_bilingual_indexes": [],
    "description_bilingual_indexes": []
  },
  "87": {
    "summary": "WIP: Add germany work visa process [PT-BR]",
    "description": "Adds the detailed description of how to get the work visa (Blue Card or Work Permit) to work on Germany. PT-BR only, as this aimed for the process on the Germany embassies in Brazil. Solves issue #5 ",
    "summary_bilingual_indexes": [],
    "description_bilingual_indexes": []
  },
  "90": {
    "summary": "Adding a note for Monthly ticket types",
    "description": "The difference between monthly ticket and monthly ticket flexible is not that clear for a newcomer so I thought this would be a good bit of information to add.",
    "summary_bilingual_indexes": [],
    "description_bilingual_indexes": []
  },
  "91": {
    "summary": "New form for chaging tax category",
    "description": "Guys, updated the new required form for changing the tax category monthly :)\n___\nPlease check it ❤ ",
    "summary_bilingual_indexes": [],
    "description_bilingual_indexes": []
  },
  "92": {
    "summary": "updated anmeldung files",
    "description": "Added a new version of this file.",
    "summary_bilingual_indexes": [],
    "description_bilingual_indexes": []
  },
  "93": {
    "summary": "Add Mastodon alternative to social networks",
    "description": "Adding a Berlin focused Mastodon instance as an alternative for people who don t want to use Facebook or Twitter. See ",
    "summary_bilingual_indexes": [],
    "description_bilingual_indexes": []
  },
  "94": {
    "summary": "Sbahn customer centers",
    "description": "sbahn customer center enhancement:\n- bussiness hours\n- extra info\n- link to information source\n- same info in BR",
    "summary_bilingual_indexes": [],
    "description_bilingual_indexes": []
  },
  "96": {
    "summary": "Adicionada guia para imposto radio e tv",
    "description": "Add guide in Portuguese on radio and TV tax.\nIf you accept, I can translate it into English.",
    "summary_bilingual_indexes": [],
    "description_bilingual_indexes": [
      0,
      1
    ]
  },
  "98": {
    "summary": "basic eng to kor translation",
    "description": "First few simple markdown docs to korean",
    "summary_bilingual_indexes": [],
    "description_bilingual_indexes": []
  },
  "99": {
    "summary": "I fixed some typo in korean translations and translated renting-an-apartment.md ",
    "description": "",
    "summary_bilingual_indexes": [],
    "description_bilingual_indexes": []
  },
  "100": {
    "summary": "Added section on terminating rental contract",
    "description": "Section with template for notifying landlord of the rental contract termination added to both en and pt-br versions.",
    "summary_bilingual_indexes": [],
    "description_bilingual_indexes": []
  },
  "101": {
    "summary": "Add new link, reorder links",
    "description": "suggested by a work colleague, adding new link, reordering list",
    "summary_bilingual_indexes": [],
    "description_bilingual_indexes": []
  },
  "103": {
    "summary": "Issue 102 Add link to driving test Q A",
    "description": "Closes #102 ",
    "summary_bilingual_indexes": [],
    "description_bilingual_indexes": []
  },
  "104": {
    "summary": "add back flowchart",
    "description": "Hello, the flowchart is broken due to missing file, I m just adding it back",
    "summary_bilingual_indexes": [],
    "description_bilingual_indexes": []
  },
  "106": {
    "summary": "Issue 105 Remove link to driving test Q A",
    "description": "Closes #105 ",
    "summary_bilingual_indexes": [],
    "description_bilingual_indexes": []
  }
}