{
  "11": {
    "summary": "MeCab.Tagger import issue",
    "description": "/e9t/konlpy/blob/master/konlpy/tag/_mecab.py\n py\ntry:\n from MeCab import Tagger\nexcept ImportError:\n pass\n \nSince it won&#39;t work anyway if you don&#39;t have the MeCab package, it might be better not to use the except statement here or to raise a meaningful exception.\n \n",
    "summary_bilingual_indexes": [
      0
    ],
    "description_bilingual_indexes": [
      7
    ]
  },
  "14": {
    "summary": "Update references.rst (UMorpheme link fixed)",
    "description": "",
    "summary_bilingual_indexes": [],
    "description_bilingual_indexes": []
  },
  "17": {
    "summary": "Add Python 3 compatibility.",
    "description": "This patch allows most part of konlpy (except MeCab) to run on Python 3. All other tests in the test suite were passed on both 2.7 and 3.4. Thank you for the great project \n",
    "summary_bilingual_indexes": [],
    "description_bilingual_indexes": []
  },
  "19": {
    "summary": "MeCab Python 3 support",
    "description": "Though most of the wrappers works fine with Python 3, MeCab-ko wrapper for python does not supports Python 3. Monkey patching or waiting for MeCab-ko-python wrapper developers to enhance their libraries, or any other ideas \n",
    "summary_bilingual_indexes": [],
    "description_bilingual_indexes": []
  },
  "25": {
    "summary": "Manual source code typo",
    "description": "Hello developer, thank you for your hard work.\nI would like to inform you that there is a typo in the source code described in the manual.\n/en/latest/api/konlpy.tag/\nThe part with the typo is here.\nIn Kkma Class\nprint kkma.morph (u I don&#39;t use it often, so I&#39;ve forgotten all about it.)\nPlease change morph to morphs in the above statement.\nthank you\n",
    "summary_bilingual_indexes": [
      0
    ],
    "description_bilingual_indexes": [
      0,
      1,
      3,
      4,
      5,
      6,
      7
    ]
  },
  "26": {
    "summary": "Update install.po",
    "description": "This is a typo correction.\n(62-bit Windows - 64-bit Windows, win-amd62 - win-amd64)\n",
    "summary_bilingual_indexes": [],
    "description_bilingual_indexes": [
      0,
      1
    ]
  },
  "37": {
    "summary": "Fix konlpy.utils.pprint on Windows",
    "description": "If you use konlpy.utils.pprint on Windows, gibberish is output.\n pre \n from konlpy.utils import pprint\nprint (and 으자 )\nSooooooooooooooooooooooooooooooooooo\n /pre \n",
    "summary_bilingual_indexes": [],
    "description_bilingual_indexes": [
      0,
      3,
      4
    ]
  },
  "41": {
    "summary": "Komoran interface modification",
    "description": "Modify the algorithm that continues to create instances when running analyze\n- Improved analysis speed\n",
    "summary_bilingual_indexes": [
      0
    ],
    "description_bilingual_indexes": [
      0,
      1
    ]
  },
  "42": {
    "summary": "Modify bash script syntax",
    "description": "I tried to install konlpy in virtual environment python3 but failed a lot of time.\nI found bash script syntax error.\nThanks.\n",
    "summary_bilingual_indexes": [],
    "description_bilingual_indexes": []
  },
  "43": {
    "summary": "FileNotFoundError occurred in virtualenv python3",
    "description": " bash\n (python3)Documents pip3 install konlpy\nDownloading/unpacking konlpy\n Downloading konlpy-0.4.0.tar.gz (13.4MB): 13.4MB downloaded\n Running setup.py setup.py) egg_info for package konlpy\n Traceback (most recent call last):\n File string , line 17, in module \n File setup.py , line 59, in module \n install_requires=requirements ())\n File setup.py , line 14, in requirements\n with open (os.path.join (os.path.dirname (__file__), reqfile)) as f:\n FileNotFoundError: [Errno 2] No such file or directory: requirements-py3.txt \n Complete output from command python setup.py egg_info:\n Traceback (most recent call last):\n File string , line 17, in module \n File setup.py , line 59, in module \n install_requires=requirements ())\n File setup.py , line 14, in requirements\n with open (os.path.join (os.path.dirname (__file__), reqfile)) as f:\nFileNotFoundError: [Errno 2] No such file or directory: requirements-py3.txt \n \nCleaning up...\nCommand python setup.py egg_info failed with error code 1 in konlpy\nStoring debug log for failure in pip.log\n \nInstallation works well in a python 2.x virtual environment.\n",
    "summary_bilingual_indexes": [],
    "description_bilingual_indexes": [
      25
    ]
  },
  "48": {
    "summary": "Create wheel when uploading pypi",
    "description": "reference:\n",
    "summary_bilingual_indexes": [
      0
    ],
    "description_bilingual_indexes": [
      0
    ]
  },
  "49": {
    "summary": "Add a Gitter chat badge to README.rst",
    "description": " konlpy now has a Chat Room on Gitter\n has just created a chat room. You can visit it here: konlpy.\nThis pull-request adds this badge to your README.rst:\n[ [Gitter]/Join 20Chat.svg]/konlpy/konlpy\nIf my aim is a little off, please [let me issues.\nHappy chatting.\nPS: [Click opt-out if you would prefer not to receive automatic pull-requests from Gitter in future.\n",
    "summary_bilingual_indexes": [],
    "description_bilingual_indexes": []
  },
  "50": {
    "summary": "Installation error in Python3 when installing version 0.4.2 as a whl file via pip",
    "description": "Originally, in Python3, you need to install the JPype1-py3 package, not JPype1, but looking at the installation log, the former is being installed.\n pre \nepark : pip3 install konlpy --upgrade\nDownloading/unpacking konlpy from konlpy-0.4.2-py2.py3-none-any.whl\n Downloading konlpy-0.4.2-py2.py3-none-any.whl (22.4MB): 22.4MB downloaded\nDownloading/unpacking JPype1 =0.5.7 (from konlpy)\n Downloading JPype1-0.5.7.tar.gz (138kB): 138kB downloaded\n Running setup.py setup.py) egg_info for package JPype1\n Traceback (most recent call last):\n File string , line 17, in module \n File setup.py , line 9, in module \n import exceptions\n ImportError: No module named exceptions \n Complete output from command python setup.py egg_info:\n Traceback (most recent call last):\n File string , line 17, in module \n File setup.py , line 9, in module \n import exceptions\nImportError: No module named exceptions \n \nCleaning up...\nCommand python setup.py egg_info failed with error code 1 in JPype1\nStoring debug log for failure in pip.log\n /pre \nCurrently, requirements.txt and requirements-py3.txt are being delivered to Python 2 and 3 respectively through setup.py in setup.py, and it appears that requirements.txt is being delivered in batches.\n",
    "summary_bilingual_indexes": [
      0
    ],
    "description_bilingual_indexes": [
      0,
      24
    ]
  },
  "59": {
    "summary": "global name jpype is not defined in Kkma ()",
    "description": "- Environment: MacOS, Python 2.7, JPype 0.6.0 (or 0.5.7), python and the majority of modules were installed by Anaconda.\nHi, I had this error message when I try to initiate Kkma ()\n NameError: global name jpype is not defined\n, on the line82 of _kkma.py, where the init function checks jpype.isJVMStarted ()\nIt doesn t throw any error when I manually import jpype in the interpreter. But It fails to import jpype in the _kkma.py, which was confirmed by adding an error message in the _italic_ except statement at the beginning of _kkma.py. I also tried to fix it by adding the path of jpype.egg before it imports jpype, still doesn t work. It may be my problem, not konlpy s, but do you have any idea \nCheers,\nKeunwoo\n",
    "summary_bilingual_indexes": [],
    "description_bilingual_indexes": []
  },
  "67": {
    "summary": "Process finished with exit code -1073741819 (0xC0000005)",
    "description": " python\nfrom konlpy.tag import Twitter\ntwitter = Twitter (jvmpath=None)\nprint (twitter.morphs (u in case of multiple bidding rather than single bidding))\n \nI tried a simple example, but it does not run properly and ends with Process finished with exit code -1073741819 (0xC0000005). Can you tell me why?\n",
    "summary_bilingual_indexes": [
      0
    ],
    "description_bilingual_indexes": [
      3,
      5
    ]
  },
  "69": {
    "summary": "add installation guide for centos6.4",
    "description": "I added installation guide for Centos6.4\n",
    "summary_bilingual_indexes": [],
    "description_bilingual_indexes": []
  },
  "73": {
    "summary": " Kkma ().nouns raises jpype._jexception.java.lang.OutOfMemoryErrorPyRaisable on a weird sentence",
    "description": " \nfrom konlpy.tag import Kkma\nTEXT = ㄴ 슫 ㅋ ㅋㅋㅋ ㄱㅋ ㄱ ㄱㄷㄱ ㅋ Ajin ㄴ ㄴ ㄴ ㄴ ㄴ ㅁㅁ ㅁ ㄱ ㄱ ㄱ ㄱ ㄱㅋ ㄱㅋ ㄱㅋ ㄱㅋ ㄱㅋ ㄱㅋ ㅅ .. ㄴㅁ...Chuuki....GooseㅁI want to eat Boniga chicken...In my dream, I want to eat Nene chicken... (faints)\nnouns = Kkma ().nouns (text)\n \nIf the above text is executed using Kkma ().nouns (text), CPU and memory resources will be used to the maximum until an error occurs. And after a few minutes, it ends with a jpype._jexception.java.lang.OutOfMemoryErrorPyRaisable error.\nOther NLPs are fine.\n",
    "summary_bilingual_indexes": [],
    "description_bilingual_indexes": [
      2,
      5,
      6
    ]
  },
  "76": {
    "summary": "Java runtime not found when running on Mac (Yosemite 10.10.4)",
    "description": "When you install konlpy on a Mac and call kkma.nouns(), a window prompting you to install Java 6 appears with the following error message.\n \nNo Java runtime present, requesting install.\n \n img width= 532 alt= screen shot 2015-09-06 at 1 56 13 am 81662794-543a-11e5-96f5-4dcfcc9f3fc1.png \nJava 7 is currently installed on the system.\n \n java -version \njava version 1.7.0_51 \nJava (TM) SE Runtime Environment (build 1.7.0_51-b13) \nJava HotSpot (TM) 64-Bit Server VM (build 24.51-b03, mixed mode) \n \nNot only JRE but also JDK is installed.\n \n javac -version\njavac 1.7.0_51\n \n",
    "summary_bilingual_indexes": [
      0
    ],
    "description_bilingual_indexes": [
      0,
      5,
      12
    ]
  },
  "86": {
    "summary": "Simplify, replace method to using equals",
    "description": "When comparing Strings, the use of == has been changed to call equals.\nThe for statement was changed to use the foreach statement.\nBecause konlpy requires JDK 1.7 or higher to be installed, new ArrayList String () was changed to new ArrayList ().\nIn the case of list.toArray (new String[0]), if an element exists in the list, the size of the array is smaller than the list, so the array is always created again. This was changed to list.toArray (new String[list.size ()]) to create an array as large as the list and pass it.\nThe syntax for adding elements to the list (morphemes[j]) list while going through the for statement was changed to Collections.addAll (list, morphemes) and the for statement was removed.\n",
    "summary_bilingual_indexes": [],
    "description_bilingual_indexes": [
      0,
      1,
      2,
      3,
      4
    ]
  },
  "101": {
    "summary": "removing sudo check python3 on mecab install script",
    "description": "with sudo , installing on virtual environment fails.\n",
    "summary_bilingual_indexes": [],
    "description_bilingual_indexes": []
  },
  "126": {
    "summary": "Update reference link",
    "description": "#124 Reference-related links have been corrected.",
    "summary_bilingual_indexes": [],
    "description_bilingual_indexes": [
      0
    ]
  },
  "135": {
    "summary": "Add join parameter",
    "description": "This pull request is about issue #75 .\nDeveloped parts are as follows.\n- Development target\n - _hannanum\n - Add join parameter at parse function (default : False)\n - Add join parameter at pos function (default: False)\n - _kkma\n - Add join parameter at pos function (default: False)\n - _komoran\n - Add join parameter at parse function (default : False)\n - Add join parameter at _parse function (default : False)\n - Add join parameter at pos function (default: False)\n - _mecab\n - Add join parameter at parse function (default : False)\n - Add join parameter at split function (default : False)\n - Add join parameter at pos function (default: False)\n - _twitter\n - Add join parameter at pos function (default: False)\n- Test target\n - Cover pos functions of all the development targets.\n- Documentation\n - Add join parameter description at pos functinos of all the development targets.\n Thanks ",
    "summary_bilingual_indexes": [],
    "description_bilingual_indexes": []
  },
  "158": {
    "summary": "install automake with dependency, check sudo",
    "description": "I don&#39;t know if it&#39;s just me\nWhen installing automake directly in Ubuntu 16.04 version, autoconf dependency was not installed properly, so it was modified to be installed using the package manager.\nIn addition, in cases where it is not a virtual environment, such as commit 93aff9e6e0bde2de77a3e897c18a664193f43c70, sudo has been modified due to permission issues.",
    "summary_bilingual_indexes": [],
    "description_bilingual_indexes": [
      0,
      1,
      2
    ]
  },
  "161": {
    "summary": "Edit directory explicitly: mecab-ko-dic",
    "description": "zsh does not understand cd automake-* and outputs cd: string not in pwd: automake-1.11 \n [image]/18069263/30518866-1f0c21ba-9bc4-11e7-97a1-e5056f2a055e.png\n cd automake-1.11 works\n [image]/18069263/30518872-4f9b83ac-9bc4-11e7-8755-002068f2e5c7.png\n",
    "summary_bilingual_indexes": [],
    "description_bilingual_indexes": []
  },
  "179": {
    "summary": "Fixed utils.pprint to accept stream=sys.stderr as an option.",
    "description": "In PrettyPrint, you can receive the original stream as an option, but konlpy does not allow that.\nSince it wasn&#39;t, I simply patched it.\npprint (Hello) #Existing method\npprint (Hello, stream=sys.stdout) #New, no need to write stdout\npprint (Hello, stream=sys.stderr) #Send print to new stderr\netc., it is backward compatible with existing versions.\nthank you",
    "summary_bilingual_indexes": [
      0
    ],
    "description_bilingual_indexes": [
      0,
      1,
      2,
      3,
      4,
      5,
      6
    ]
  },
  "194": {
    "summary": "Remove description.py and change author name",
    "description": "This PR includes the following changes:\n1. The package metadata was divided into description.py and __init__.py, so I removed the former and left only the latter.\n2. In the case of __version__, it was deleted because it was supposed to retrieve the distribution version of koshort.\n3. At this time, importing the version externally through pkg_resources seemed to cause the existing package version, not the current package version, to be installed when python setup.py install was performed, so I deleted it. Please correct me if I am wrong.\n4. Previously, the author name of the package was Lucy Park, but it was changed to Team KoNLPy. I hope that this will be a project where my authorship can be removed and the team and community can freely participate and contribute.",
    "summary_bilingual_indexes": [],
    "description_bilingual_indexes": [
      0,
      1,
      2,
      3,
      4
    ]
  },
  "198": {
    "summary": " Update Komoran 2.4 - 3",
    "description": "- Komoran 2.4 - Version updated to Komoran 3.0.\n- A function to register a user dictionary in the form of a text file has been added to Komoran.",
    "summary_bilingual_indexes": [],
    "description_bilingual_indexes": [
      0,
      1
    ]
  },
  "199": {
    "summary": "JVM heap memory constraints",
    "description": "- When running the JVM with jpype, if you do not set the maximum heap memory value, the memory may continue to increase while using KoNLPy.\n- If you do not set the maximum value, the default value is 32 GB for 64 bit and 1 GB for 32 bit.\n- It is presumed that gc does not work until memory runs out, thereby accumulating memory unnecessarily.\n- I think that if you receive an argument to set the heap memory in __init__ of each Tagger in konlpy.tag, you will be able to adjust the memory to suit each situation.",
    "summary_bilingual_indexes": [
      0
    ],
    "description_bilingual_indexes": [
      0,
      1,
      2,
      3
    ]
  },
  "200": {
    "summary": "Fix #199",
    "description": "When running jvm, the maximum memory usage limit is set as an argument for each tagger.",
    "summary_bilingual_indexes": [],
    "description_bilingual_indexes": [
      0
    ]
  },
  "201": {
    "summary": "Ignore empty sentence",
    "description": "As a result of using n ) when dividing a phrase into a sentence, an empty sentence is created from a sentence containing a line separator at the end, as shown below.\nExample sentence n ) -- [ This is an example sentence , ]\nIn Komoran, a null point exception occurs when an empty str is input, so we added a part that ignores this if the sentence is empty.\n",
    "summary_bilingual_indexes": [],
    "description_bilingual_indexes": [
      0,
      1,
      2
    ]
  },
  "211": {
    "summary": "Koshort ♥ KoNLPy",
    "description": "# [Koshort] KoNLPy #202\nChanges\n* The version has been changed from 0.5.1 to 0.5.2.\n* Added koshort&#39;s utilities and data-related functions to konlpy.utils and konlpy.data.\n* The constants module, which stored koshort&#39;s constants, has been ported to konlpy.constants.\n* Using the stream subpackage, you can now stream Korean websites with konlpy.\n* When installing the konlpy package to which this pull-request has been applied, website streaming becomes possible through command line commands such as stream_twitter, stream_naver, stream_daum, stream_google, and stream_dcinside.\n* Dependencies such as lxml and beautifulsoup have been created.\n* Supports python2.7, which was not supported by the existing koshort package ( )\n* koshort&#39;s unittest has been transferred to konlpy.",
    "summary_bilingual_indexes": [],
    "description_bilingual_indexes": [
      1,
      2,
      3,
      4,
      5,
      6,
      7,
      8,
      9
    ]
  },
  "214": {
    "summary": "update latest versions for mecab.sh",
    "description": "update latest mecab-0.996-ko and mecab-ko-dic",
    "summary_bilingual_indexes": [],
    "description_bilingual_indexes": []
  }
}