{
  "1": {
    "summary": "WEIXIN UI ",
    "description": "= =.. issue blood.\n",
    "summary_bilingual_indexes": [],
    "description_bilingual_indexes": [
      0
    ]
  },
  "2": {
    "summary": "The wiki article of \"Wechat JSAPI\" has some outdated features, such as addContact has been disabled to add friends.",
    "description": "The wiki article \"[Wechat JSAPI] / weui/weui/wiki/ E5 BE AE E4 BF A1JSAPI\" is out of date.\nFor example, adding friends through WeixinJSBridge.invoke (addContact,...) has been disabled.\n ref: 66fb98d5261259cb083a9f475382a237.html \n",
    "summary_bilingual_indexes": [
      0
    ],
    "description_bilingual_indexes": [
      0,
      1
    ]
  },
  "3": {
    "summary": "React-weui",
    "description": "Does React-weui have a schedule?\n",
    "summary_bilingual_indexes": [],
    "description_bilingual_indexes": [
      0
    ]
  },
  "4": {
    "summary": "Does AngularJS have a plan to support it?",
    "description": "",
    "summary_bilingual_indexes": [
      0
    ],
    "description_bilingual_indexes": []
  },
  "5": {
    "summary": "Are there any plans to provide scss version ",
    "description": "",
    "summary_bilingual_indexes": [
      0
    ],
    "description_bilingual_indexes": []
  },
  "6": {
    "summary": "What problem is the hack in the following code to solve?",
    "description": ".weui_btn_area.weui_btn_area_inline .weui_btn {\n ...\n display: inline-block 9 \n width: 48 9 \n margin-left: 1 9 \n margin-right: 1 9 \n}\n",
    "summary_bilingual_indexes": [
      0
    ],
    "description_bilingual_indexes": []
  },
  "7": {
    "summary": "Can you add conversation UI?",
    "description": "Dialogue list UI, similar to the web version of Wechat's UI, but the style is old.\n",
    "summary_bilingual_indexes": [
      0
    ],
    "description_bilingual_indexes": [
      0
    ]
  },
  "9": {
    "summary": "New component requirements for WeUI",
    "description": "Currently, the components sorted out by WeUI are\n- button\n- cell\n- dialog\n- toast\n- article\n- icon\nThe usage scenario is mobile, inside Wechat.\nWe know that a complete set of Wap-side UI libraries must be more than these components, so we hope to enrich the WeUI component libraries with the help of the open source community.\nYou can make suggestions on which components you would like to use when developing the Web application in Wechat. Thank you.\nAt present, thank you for putting forward the \"picture list\" # 8, which will join our development plan.\n",
    "summary_bilingual_indexes": [
      0
    ],
    "description_bilingual_indexes": [
      0,
      7,
      8,
      9,
      10
    ]
  },
  "11": {
    "summary": "add travis-ci update README.md",
    "description": "add travis-ci update README.md\n",
    "summary_bilingual_indexes": [],
    "description_bilingual_indexes": []
  },
  "12": {
    "summary": "don t copy example.less to example",
    "description": "",
    "summary_bilingual_indexes": [],
    "description_bilingual_indexes": []
  },
  "17": {
    "summary": "Fix cells lacks margin-top when it doesn't have title",
    "description": "",
    "summary_bilingual_indexes": [
      0
    ],
    "description_bilingual_indexes": []
  },
  "18": {
    "summary": "optimization bug fix",
    "description": "",
    "summary_bilingual_indexes": [],
    "description_bilingual_indexes": []
  },
  "24": {
    "summary": "fix bugs on button.weui_btn_plain_primary",
    "description": "Fix when you apply .weui _ btn_plain_primary to the button tag, the background color gray fill occurs, and because of the style priority, border is set to 0 on button.\n",
    "summary_bilingual_indexes": [],
    "description_bilingual_indexes": [
      0
    ]
  },
  "26": {
    "summary": "Router in wechat webview",
    "description": "Hey, nice work guys.\nI noticed that you have implemented simple routing using history.pushState (). I tested it in Wechat webview, and there is a problem that it is a bit strange that using Back above Wechat webview is completely different from using \"left sliding back on the edge of the screen\".\nWhen using Webview Back, all routes are fine\nBut when you slide back left through the edge of the screen, the route seems to have failed, exiting the entire webview directly.\nI find that all web app using pushState for routing seems to have this problem.\nBut those who use the original locatin.hash hashchange for routing do not have this problem.\nBut they did give history.length + 1.\nDid Wechat webview do something to deal with it, or did pushState behave differently on iOS WebView? Safari doesn't have this problem.\n",
    "summary_bilingual_indexes": [],
    "description_bilingual_indexes": [
      1,
      2,
      3,
      4,
      5,
      6,
      7
    ]
  },
  "30": {
    "summary": "Spacing between fix buttons 10px-15px",
    "description": "Spacing between fix buttons 10px-15px\n",
    "summary_bilingual_indexes": [
      0
    ],
    "description_bilingual_indexes": [
      0
    ]
  },
  "32": {
    "summary": "remove example comment",
    "description": "remove example comment\n",
    "summary_bilingual_indexes": [],
    "description_bilingual_indexes": []
  },
  "41": {
    "summary": "Add npm start to solve the problem that you can't slide back from the left edge of the screen under pushState Wechat iOS",
    "description": "",
    "summary_bilingual_indexes": [
      0
    ],
    "description_bilingual_indexes": []
  },
  "42": {
    "summary": "fix typo",
    "description": "",
    "summary_bilingual_indexes": [],
    "description_bilingual_indexes": []
  },
  "44": {
    "summary": "example.less use autoprefixer and minify build backdrop-filter",
    "description": "",
    "summary_bilingual_indexes": [],
    "description_bilingual_indexes": []
  },
  "45": {
    "summary": "update snapshot optimize backdrop filter",
    "description": "",
    "summary_bilingual_indexes": [],
    "description_bilingual_indexes": []
  },
  "49": {
    "summary": "add weui_icon_info_circle icon",
    "description": "",
    "summary_bilingual_indexes": [],
    "description_bilingual_indexes": []
  },
  "51": {
    "summary": "add weui_switch",
    "description": "add weui_switch\n",
    "summary_bilingual_indexes": [],
    "description_bilingual_indexes": []
  },
  "53": {
    "summary": "update cell snapshot",
    "description": "",
    "summary_bilingual_indexes": [],
    "description_bilingual_indexes": []
  },
  "54": {
    "summary": "add weui_progress widget",
    "description": "",
    "summary_bilingual_indexes": [],
    "description_bilingual_indexes": []
  },
  "56": {
    "summary": "bugfix",
    "description": "1. set cell title font-size to 14px\n2. remove iOS9 backdrop-filter \n3. change weui_progress cancel icon size to 22px\n",
    "summary_bilingual_indexes": [],
    "description_bilingual_indexes": []
  },
  "57": {
    "summary": "add actionsheet",
    "description": "",
    "summary_bilingual_indexes": [],
    "description_bilingual_indexes": []
  },
  "58": {
    "summary": "fix mask",
    "description": "",
    "summary_bilingual_indexes": [],
    "description_bilingual_indexes": []
  },
  "59": {
    "summary": "Change style to relative path",
    "description": "Replace the directory with\n",
    "summary_bilingual_indexes": [
      0
    ],
    "description_bilingual_indexes": [
      0
    ]
  },
  "60": {
    "summary": "Input [type=date] invalidation under ios Wechat",
    "description": "You can't click and enter after setting Input's type to date in ios Wechat browser.\nThere is no problem in Android devices, and there is no problem in using device mode in chrome\n \n div div \n div class= weui_cells weui_cells_form \n div class= weui_cell \n div class= weui_cell_hd \n label label \n div \n div class= weui_cell_bd weui_cell_primary \n input type= date class= weui_input \n div \n div \n /div \n div class= weui_btn_area \n button class= weui_btn weui_btn_primary button \n /div \n \nDevice iphone 5s\nSystem ios 8.1.3\nThe screenshot is as follows\n [699982646500440699]/assets/1651946/10813372/ab2d91c2-7e59-11e5-9f4a-e5c47a7a79ed.jpg\n",
    "summary_bilingual_indexes": [
      0
    ],
    "description_bilingual_indexes": [
      0,
      1,
      18,
      19,
      20
    ]
  },
  "62": {
    "summary": "# 60 repair bug with input [type=date] failure under iOS",
    "description": "",
    "summary_bilingual_indexes": [
      0
    ],
    "description_bilingual_indexes": []
  },
  "65": {
    "summary": "use local zepto",
    "description": "",
    "summary_bilingual_indexes": [],
    "description_bilingual_indexes": []
  },
  "67": {
    "summary": "add actionSheet README,add actionSheet icon",
    "description": "",
    "summary_bilingual_indexes": [],
    "description_bilingual_indexes": []
  },
  "70": {
    "summary": "unite widget name",
    "description": "",
    "summary_bilingual_indexes": [],
    "description_bilingual_indexes": []
  },
  "74": {
    "summary": "fix weui_input line-height",
    "description": "",
    "summary_bilingual_indexes": [],
    "description_bilingual_indexes": []
  },
  "75": {
    "summary": "change ActionSheet position to fixed",
    "description": "",
    "summary_bilingual_indexes": [],
    "description_bilingual_indexes": []
  },
  "78": {
    "summary": "Style optimization",
    "description": "1. Delete the weui_vimg_wrp extension class and use weui_cells_form as the parent class to achieve the same effect\ntwo。 Add weui_btn_area add margin-top: 20px\n3. Increase weui_btn_area, increase margin-bottom\n4. Delete hack written by weui_btn_area_inline for WinPhone7\n5. Add weui_cells_tips\n6. Modify the border-color of weui_cell\n7. Change the padding-right of weui_cells_form 's weui_cell_hd to 0.3em\n8. Change the font-size of weui_cells to 17px\n9. Modify the margin of weui_cells_title\n10. Add weui_cell_switch to control the height of that cell in weui_switch and keep it 44px\n11. Modify the spacing of the weui_msg\n",
    "summary_bilingual_indexes": [
      0
    ],
    "description_bilingual_indexes": [
      0,
      1,
      2,
      3,
      4,
      5,
      6,
      7,
      8,
      9,
      10
    ]
  },
  "82": {
    "summary": "Unify code style and improve readability",
    "description": "1. color variables are uniformly capitalized\n2. One line for each style\n3. weui_step_list.less\n",
    "summary_bilingual_indexes": [
      0
    ],
    "description_bilingual_indexes": [
      0,
      1
    ]
  },
  "83": {
    "summary": "optimize gulpfile.js",
    "description": "",
    "summary_bilingual_indexes": [],
    "description_bilingual_indexes": []
  },
  "84": {
    "summary": "Use the weuiCellHeight variable to control height",
    "description": "",
    "summary_bilingual_indexes": [
      0
    ],
    "description_bilingual_indexes": []
  },
  "86": {
    "summary": "Toast failure of Xiaomi Android4.1.2",
    "description": "The weui_icon_toast icon does not appear\n",
    "summary_bilingual_indexes": [
      0
    ],
    "description_bilingual_indexes": [
      0
    ]
  },
  "88": {
    "summary": "rename weui_progress_cancel to weui_progress_opr ",
    "description": "rename weui_progress_cancel to weui_progress_opr \n",
    "summary_bilingual_indexes": [],
    "description_bilingual_indexes": []
  },
  "90": {
    "summary": "# 86 fixed bug where font icons cannot be displayed on some Android models",
    "description": "",
    "summary_bilingual_indexes": [
      0
    ],
    "description_bilingual_indexes": []
  },
  "93": {
    "summary": "update dialog snapshot",
    "description": "",
    "summary_bilingual_indexes": [],
    "description_bilingual_indexes": []
  },
  "94": {
    "summary": "update dialog1 snapshot",
    "description": "",
    "summary_bilingual_indexes": [],
    "description_bilingual_indexes": []
  },
  "95": {
    "summary": "add 3rd extension",
    "description": "",
    "summary_bilingual_indexes": [],
    "description_bilingual_indexes": []
  },
  "98": {
    "summary": "rename variable name",
    "description": "",
    "summary_bilingual_indexes": [],
    "description_bilingual_indexes": []
  },
  "99": {
    "summary": " table-cell to flex ",
    "description": "-cell component table-cell layout changed to flex layout\n-the .setLine method defined in setOnepx.less, using .setTopLine, .setLeftLine and other methods instead\n-Button in weui_dialog_confirm, changed from float to flex\n",
    "summary_bilingual_indexes": [],
    "description_bilingual_indexes": [
      0,
      1,
      2
    ]
  },
  "103": {
    "summary": "Use the dialpad",
    "description": "Let the input box that needs to enter numbers automatically evoke the dial keypad digits Nine Palace grid to improve the input experience.\n",
    "summary_bilingual_indexes": [],
    "description_bilingual_indexes": [
      0
    ]
  },
  "105": {
    "summary": "update README for weui usage after bower or npm installation",
    "description": "",
    "summary_bilingual_indexes": [],
    "description_bilingual_indexes": []
  },
  "111": {
    "summary": "optimize package.json add header to output css",
    "description": "",
    "summary_bilingual_indexes": [],
    "description_bilingual_indexes": []
  },
  "115": {
    "summary": "weui_cells_access ft gap",
    "description": "",
    "summary_bilingual_indexes": [],
    "description_bilingual_indexes": []
  },
  "118": {
    "summary": "It is recommended to use lighten darken according to the background color",
    "description": "It is recommended to use lighten darken according to the background color\n",
    "summary_bilingual_indexes": [
      0
    ],
    "description_bilingual_indexes": [
      0
    ]
  },
  "119": {
    "summary": "#118 add weui_dialog button s active color",
    "description": "",
    "summary_bilingual_indexes": [],
    "description_bilingual_indexes": []
  },
  "120": {
    "summary": "remove no use class name weui_cells_split ",
    "description": "",
    "summary_bilingual_indexes": [],
    "description_bilingual_indexes": []
  },
  "121": {
    "summary": "fix weui_button mini line-height",
    "description": "",
    "summary_bilingual_indexes": [],
    "description_bilingual_indexes": []
  },
  "122": {
    "summary": "Add link for Rails gems",
    "description": "",
    "summary_bilingual_indexes": [],
    "description_bilingual_indexes": []
  },
  "123": {
    "summary": "Fix textarea does not change color under weui_cell_warn.",
    "description": "",
    "summary_bilingual_indexes": [
      0
    ],
    "description_bilingual_indexes": []
  },
  "124": {
    "summary": "add weui-sketch link",
    "description": "",
    "summary_bilingual_indexes": [],
    "description_bilingual_indexes": []
  },
  "126": {
    "summary": "Update README.md",
    "description": "The rails extension address of the \"third-party extension\" is changed to the author's Github address instead of the rubygem address, making it easy for developers to read the relevant documentation.\n",
    "summary_bilingual_indexes": [],
    "description_bilingual_indexes": [
      0
    ]
  },
  "127": {
    "summary": "add weui_textarea_counter",
    "description": "",
    "summary_bilingual_indexes": [],
    "description_bilingual_indexes": []
  },
  "130": {
    "summary": "weui_dialog align",
    "description": "",
    "summary_bilingual_indexes": [],
    "description_bilingual_indexes": []
  },
  "131": {
    "summary": "add weui_icon_search ",
    "description": "",
    "summary_bilingual_indexes": [],
    "description_bilingual_indexes": []
  },
  "132": {
    "summary": "resize icon_nav_msg.png",
    "description": "",
    "summary_bilingual_indexes": [],
    "description_bilingual_indexes": []
  },
  "134": {
    "summary": "After cell links to another web page, there will be black lines on the cell after fallback.",
    "description": "After cell links to another web page, there will be black lines on the cell after fallback.\n",
    "summary_bilingual_indexes": [
      0
    ],
    "description_bilingual_indexes": [
      0
    ]
  },
  "137": {
    "summary": "# 134 fixed the bug with black edge on Cell when the new page is redirected on the iOS platform.",
    "description": "",
    "summary_bilingual_indexes": [
      0
    ],
    "description_bilingual_indexes": []
  },
  "139": {
    "summary": "update example.js ",
    "description": "",
    "summary_bilingual_indexes": [],
    "description_bilingual_indexes": []
  },
  "141": {
    "summary": "Split demo code",
    "description": "",
    "summary_bilingual_indexes": [
      0
    ],
    "description_bilingual_indexes": []
  },
  "143": {
    "summary": "No used cell style for example home page",
    "description": "",
    "summary_bilingual_indexes": [],
    "description_bilingual_indexes": []
  },
  "144": {
    "summary": "deprecated gulp-minify-css, use gulp-cssnano instead",
    "description": "",
    "summary_bilingual_indexes": [],
    "description_bilingual_indexes": []
  },
  "146": {
    "summary": "add weui-practice link",
    "description": "",
    "summary_bilingual_indexes": [],
    "description_bilingual_indexes": []
  },
  "147": {
    "summary": "add jquery-weui link",
    "description": "",
    "summary_bilingual_indexes": [],
    "description_bilingual_indexes": []
  },
  "149": {
    "summary": "Bower plug-in for weiui, which is not recognized by wiredep and cannot be plugged into index.html",
    "description": "I configure weui in bower.json, wiredep will automatically insert css into the specified index.html after other bowers are installed, weui will not work when installed.\n",
    "summary_bilingual_indexes": [
      0
    ],
    "description_bilingual_indexes": [
      0
    ]
  },
  "150": {
    "summary": "#149 add bower.json file",
    "description": "",
    "summary_bilingual_indexes": [],
    "description_bilingual_indexes": []
  },
  "152": {
    "summary": "Merge branch develop ",
    "description": "",
    "summary_bilingual_indexes": [],
    "description_bilingual_indexes": []
  },
  "156": {
    "summary": "Fix Bug in Dialog where buttons trigger events multiple times",
    "description": "In the current case, if Dialog is opened multiple times, the button will be bound to events multiple times.\n",
    "summary_bilingual_indexes": [
      0
    ],
    "description_bilingual_indexes": [
      0
    ]
  },
  "165": {
    "summary": "update README.md add snapshot",
    "description": "",
    "summary_bilingual_indexes": [],
    "description_bilingual_indexes": []
  },
  "166": {
    "summary": "fix source map problem",
    "description": "Under the current setting, source map cannot work properly due to autoprefixer.\n",
    "summary_bilingual_indexes": [],
    "description_bilingual_indexes": [
      0
    ]
  },
  "169": {
    "summary": "add CHANGELOG.md update README.md",
    "description": "",
    "summary_bilingual_indexes": [],
    "description_bilingual_indexes": []
  },
  "172": {
    "summary": "update radio icon position, remove unused property, update source map",
    "description": "1. The icon of radio is not completely centered\nAccording to checkbox's solution, set icon to block, but there is a problem with the block element in the inline element.\ntwo。 Delete-webkit-display and-webkit-flex and leave them to autoprefixer for processing.\n3. Use gulp-postcss + autoprefixer officially provided by postcss instead of gulp-autoprefixer to deal with source map issues.\n",
    "summary_bilingual_indexes": [],
    "description_bilingual_indexes": [
      0,
      1,
      2,
      3
    ]
  },
  "174": {
    "summary": "update desc",
    "description": "",
    "summary_bilingual_indexes": [],
    "description_bilingual_indexes": []
  },
  "179": {
    "summary": "Remove the click shadow of weui_cells_form 's input textareat label [for]",
    "description": "",
    "summary_bilingual_indexes": [
      0
    ],
    "description_bilingual_indexes": []
  },
  "180": {
    "summary": "add weui_icon_clear ",
    "description": "",
    "summary_bilingual_indexes": [],
    "description_bilingual_indexes": []
  },
  "183": {
    "summary": "input type form tel to number",
    "description": "",
    "summary_bilingual_indexes": [],
    "description_bilingual_indexes": []
  },
  "185": {
    "summary": "update README.md",
    "description": "",
    "summary_bilingual_indexes": [],
    "description_bilingual_indexes": []
  },
  "193": {
    "summary": "Incorrect file resources referenced in font-face",
    "description": "By decoding the truetype font file in weui.css, it is found that the file binary is as follows\n [image]/assets/716935/12673486/058b8c5e-c6b8-11e5-8306-5726a21fe825.png\nThe first four characters are wOFF\nAccording to woff woff-spec-latest.html\n WOFFHeader\n UInt32 signature 0x774F4646 wOFF \nThe support for woff files is iOS 5.1 + Android 4.4 +.\nThis is also the reason why the icon could not be displayed on Android * before.\nThe imported truetype font file needs to be replaced with the correct content.\nAfter PS processing, you can delete the introduced woff and svg files to reduce the size of the css file\n",
    "summary_bilingual_indexes": [
      0
    ],
    "description_bilingual_indexes": [
      0,
      2,
      3,
      6,
      7,
      8,
      9
    ]
  },
  "195": {
    "summary": "The showActionSheet method in the sample binds the event multiple times",
    "description": " \n #showActionSheet : {\n click: function () {\n 。。。\n mask.show ().addClass ( weui_fade_toggle ).click (function () {\n hideActionSheet (weuiActionsheet, mask) \n }) \n ( #actionsheet_cancel ).click (function () {\n hideActionSheet (weuiActionsheet, mask) \n }) \n 。。。\n }\n }\n \nThe two .click (function () {}) here should be changed to\n.one ( click ,function (){}\n",
    "summary_bilingual_indexes": [
      0
    ],
    "description_bilingual_indexes": [
      14
    ]
  },
  "196": {
    "summary": "init tabbar",
    "description": "",
    "summary_bilingual_indexes": [],
    "description_bilingual_indexes": []
  },
  "205": {
    "summary": "navbar",
    "description": "",
    "summary_bilingual_indexes": [],
    "description_bilingual_indexes": []
  },
  "208": {
    "summary": "When iphone6 uses cell demo to switch pages to the left, jitter sees the previous page of text, which is not smooth.",
    "description": "",
    "summary_bilingual_indexes": [
      0
    ],
    "description_bilingual_indexes": []
  },
  "211": {
    "summary": "add weui card",
    "description": "",
    "summary_bilingual_indexes": [],
    "description_bilingual_indexes": []
  },
  "214": {
    "summary": "move weui_tabbar padding to weui_tabbar_item",
    "description": "",
    "summary_bilingual_indexes": [],
    "description_bilingual_indexes": []
  },
  "217": {
    "summary": "Fixed a problem with demo browsing history disorder location.hash",
    "description": "The demo page does not handle the browsing history properly, for example, after the page refreshes the browser, and then clicks back, you will not be able to return to the home page. This submission fixes this problem.\n",
    "summary_bilingual_indexes": [
      0
    ],
    "description_bilingual_indexes": [
      0
    ]
  },
  "218": {
    "summary": "Why do you start and modify HTML with gulp and not update automatically",
    "description": "RT\nOther JS,LESS can be updated automatically.\nTo modify HTML, you must restart GULP.\nThank you\n",
    "summary_bilingual_indexes": [
      0
    ],
    "description_bilingual_indexes": [
      1,
      2,
      3
    ]
  },
  "228": {
    "summary": " .weui_tab_bd add -webkit-overflow-scrolling property",
    "description": "",
    "summary_bilingual_indexes": [],
    "description_bilingual_indexes": []
  },
  "232": {
    "summary": "add searchbar",
    "description": "Add search bar components\n",
    "summary_bilingual_indexes": [],
    "description_bilingual_indexes": [
      0
    ]
  },
  "233": {
    "summary": "rename tab bar s active class name",
    "description": "",
    "summary_bilingual_indexes": [],
    "description_bilingual_indexes": []
  },
  "235": {
    "summary": "add weui card skin",
    "description": "",
    "summary_bilingual_indexes": [],
    "description_bilingual_indexes": []
  },
  "237": {
    "summary": "add widget icon",
    "description": "",
    "summary_bilingual_indexes": [],
    "description_bilingual_indexes": []
  },
  "242": {
    "summary": "fix setRightLine problem",
    "description": "Adjust the transform-origin in setRightLine so that it behaves in line with others. Right:-1px is no longer required for use\nhack。\n",
    "summary_bilingual_indexes": [],
    "description_bilingual_indexes": [
      0
    ]
  },
  "243": {
    "summary": "add third-party extension: vux",
    "description": "",
    "summary_bilingual_indexes": [],
    "description_bilingual_indexes": []
  },
  "244": {
    "summary": "A scroll bar appears when using weui_cells_title when the parent setting height: 100",
    "description": "This problem occurs on the sample page tab, and it is recommended that the margin-top in weui_cells_title be changed to padding-top.\n",
    "summary_bilingual_indexes": [
      0
    ],
    "description_bilingual_indexes": [
      0
    ]
  },
  "245": {
    "summary": "# 244 repair the bug of the scroll bar in tab demo page",
    "description": "",
    "summary_bilingual_indexes": [
      0
    ],
    "description_bilingual_indexes": []
  },
  "254": {
    "summary": "Avoid using overwrite mixin name as SASS not support.",
    "description": "So I hope official weui can sync with SASS version [PR 10. (if possible)\n",
    "summary_bilingual_indexes": [],
    "description_bilingual_indexes": []
  },
  "259": {
    "summary": "fix flexbox layout problem",
    "description": "fix #258\n",
    "summary_bilingual_indexes": [],
    "description_bilingual_indexes": []
  },
  "263": {
    "summary": "add CONTRIBUTING.md",
    "description": "",
    "summary_bilingual_indexes": [],
    "description_bilingual_indexes": []
  },
  "265": {
    "summary": "fix lang",
    "description": "Adjust the lang property of html to prevent translation options in some browsers.\n [1 e1edbcf0-e64b-11e5-8d17-efad80ad18c1.jpg\nFor example, QQ Browser on iOS\n",
    "summary_bilingual_indexes": [],
    "description_bilingual_indexes": [
      0,
      2
    ]
  },
  "273": {
    "summary": "add dialog content word wrap",
    "description": "",
    "summary_bilingual_indexes": [],
    "description_bilingual_indexes": []
  },
  "290": {
    "summary": "disable cssnano zindex",
    "description": "",
    "summary_bilingual_indexes": [],
    "description_bilingual_indexes": []
  },
  "295": {
    "summary": "navbar switch color difference is not big, can you adjust the color difference slightly",
    "description": "Navbar switch color difference is so small that you can barely see it on Apple machines, but for people with weak color resolution, you may not see the difference.\n",
    "summary_bilingual_indexes": [
      0
    ],
    "description_bilingual_indexes": [
      0
    ]
  },
  "298": {
    "summary": "improve navbar touched behavior on ios",
    "description": "#247 improve navbar touched behavior on ios\n",
    "summary_bilingual_indexes": [],
    "description_bilingual_indexes": []
  },
  "299": {
    "summary": "#295 fixed navbar active background-color",
    "description": "",
    "summary_bilingual_indexes": [],
    "description_bilingual_indexes": []
  },
  "301": {
    "summary": "Enhanced iOS experiance for switch",
    "description": "Modified style and animation for switch, with a bounce effect and color change animation.\n",
    "summary_bilingual_indexes": [],
    "description_bilingual_indexes": []
  },
  "304": {
    "summary": "fixed search bar border-top border-bottom position bug",
    "description": "",
    "summary_bilingual_indexes": [],
    "description_bilingual_indexes": []
  },
  "307": {
    "summary": "v0.4.1",
    "description": "",
    "summary_bilingual_indexes": [],
    "description_bilingual_indexes": []
  },
  "328": {
    "summary": "standard weui select gap",
    "description": "",
    "summary_bilingual_indexes": [],
    "description_bilingual_indexes": []
  },
  "330": {
    "summary": "Optimize demo",
    "description": "Add click event interaction to the tags in navbar and tabbar in tab to facilitate viewing the actual effect\n",
    "summary_bilingual_indexes": [
      0
    ],
    "description_bilingual_indexes": [
      0
    ]
  },
  "333": {
    "summary": "Fix bug where the actionsheet mask does not trigger the animation",
    "description": "Because the display property is not a granular property, transition will not trigger when an event causes the display property to change. The solution is to trigger a page rearrangement (reflow) after switching the display property.\nSo use foucus () to trigger a reflow after switching display.\n",
    "summary_bilingual_indexes": [
      0
    ],
    "description_bilingual_indexes": [
      0,
      1
    ]
  },
  "339": {
    "summary": "add article img",
    "description": "",
    "summary_bilingual_indexes": [],
    "description_bilingual_indexes": []
  },
  "341": {
    "summary": "word wrap weui label",
    "description": "",
    "summary_bilingual_indexes": [],
    "description_bilingual_indexes": []
  },
  "342": {
    "summary": "v0.4.2",
    "description": "",
    "summary_bilingual_indexes": [],
    "description_bilingual_indexes": []
  },
  "345": {
    "summary": "On the dialog page, click OK to see the style problem",
    "description": "On the dialog page, click OK on PC and hold mouse\nRound corners become right angles.\nI don't know if it's intentional.\n",
    "summary_bilingual_indexes": [
      0
    ],
    "description_bilingual_indexes": [
      0,
      1,
      2
    ]
  },
  "346": {
    "summary": "#345 improve dialog btn active style",
    "description": "",
    "summary_bilingual_indexes": [],
    "description_bilingual_indexes": []
  },
  "360": {
    "summary": "add class weui_tab_bd_item_active",
    "description": "add class weui_tab_bd_item_active\n",
    "summary_bilingual_indexes": [],
    "description_bilingual_indexes": []
  },
  "362": {
    "summary": "show toptips to demo",
    "description": "",
    "summary_bilingual_indexes": [],
    "description_bilingual_indexes": []
  },
  "365": {
    "summary": "Resolve the problem of line wrapping of the search box cancel button",
    "description": "The search cancel button does not wrap, and the input box adapts to the length of the button.\n",
    "summary_bilingual_indexes": [
      0
    ],
    "description_bilingual_indexes": [
      0
    ]
  },
  "376": {
    "summary": "If there is only one or two of the nine grids, there will be an extra line next to it.",
    "description": " [qq 55f20496-232b-11e6-9ff8-ed147724f0ac.png\n",
    "summary_bilingual_indexes": [
      0
    ],
    "description_bilingual_indexes": []
  },
  "388": {
    "summary": "The picture upload component cannot select the picture.",
    "description": " \nBUG, an image upload component on Android, cannot select pictures.\n \n [qq 5e17fffa-3180-11e6-92a9-27b20470f1a3.jpg\nWhen you select 1 picture, the phone screen turns white and the picture cannot be selected.\n [823833729354064362]/assets/1116346/16000731/98b74378-3180-11e6-8b05-6d50f673199b.jpg\nBut when you select 2 galleries, everything is fine. The same is true with the upload component on [weui.io] (url). The mobile phone is Honor 6, and the system model is shown in the picture below.\n [85127381064647280]/assets/1116346/16000763/e0c26cd8-3180-11e6-94fc-054202cfbf7f.jpg\nWechat version 6.3.18\n",
    "summary_bilingual_indexes": [
      0
    ],
    "description_bilingual_indexes": [
      1,
      4,
      6,
      8
    ]
  },
  "401": {
    "summary": "Release the new version 0.4.3",
    "description": "/kevyu/weui-sass/pull/20\nAll variables can be override has been introduced into the sass version, and the official version has not been updated for a month. Can you issue a version number so that the sass version can also be released?\n",
    "summary_bilingual_indexes": [
      0
    ],
    "description_bilingual_indexes": [
      1
    ]
  },
  "402": {
    "summary": "bugfix",
    "description": "",
    "summary_bilingual_indexes": [],
    "description_bilingual_indexes": []
  },
  "403": {
    "summary": "# 401 specify autoprefixer browser scope",
    "description": "",
    "summary_bilingual_indexes": [
      0
    ],
    "description_bilingual_indexes": []
  },
  "404": {
    "summary": "#376 Fix grids top line bug with less than 2 item",
    "description": "",
    "summary_bilingual_indexes": [],
    "description_bilingual_indexes": []
  },
  "405": {
    "summary": "disable autoprefixer transform for cssnano",
    "description": "Cssnano removes unnecessary prefixer by default.\nIn cases where autoprefixer is used and a browser is specified, it needs to be disabled in case it is inconsistent with the expected browser.\n",
    "summary_bilingual_indexes": [],
    "description_bilingual_indexes": [
      0,
      1
    ]
  },
  "406": {
    "summary": "#401 update demo router",
    "description": "",
    "summary_bilingual_indexes": [],
    "description_bilingual_indexes": []
  },
  "407": {
    "summary": "vertical mediabox appmsg thumb",
    "description": "#354\n",
    "summary_bilingual_indexes": [],
    "description_bilingual_indexes": []
  },
  "415": {
    "summary": "standard weui zindex",
    "description": "#373\n",
    "summary_bilingual_indexes": [],
    "description_bilingual_indexes": []
  },
  "418": {
    "summary": "V0.4.3 is released.",
    "description": "A small version 0.4.3 has been released. For message modification, please see CHANGELOG.md.\n",
    "summary_bilingual_indexes": [
      0
    ],
    "description_bilingual_indexes": [
      0
    ]
  },
  "459": {
    "summary": "Guess should be weui-select ",
    "description": "",
    "summary_bilingual_indexes": [],
    "description_bilingual_indexes": []
  },
  "465": {
    "summary": "The problem of button style under fix preview",
    "description": "The problem of button style under fix preview\n",
    "summary_bilingual_indexes": [
      0
    ],
    "description_bilingual_indexes": [
      0
    ]
  },
  "481": {
    "summary": "Small refactoring",
    "description": "When all the changes of port 1.0.1 to weui-sass, the bug found at least I think is.\n",
    "summary_bilingual_indexes": [],
    "description_bilingual_indexes": [
      0
    ]
  },
  "483": {
    "summary": "UI bug found when grids is in use",
    "description": "[I use the weui-grids class, which is the example given above. If there is a Chinese comma in the text in the cell, there will be a problem with the cohesion between each cell]\n [qq 34bf8462-8bd4-11e6-931c-1cbc442f5433.png\n",
    "summary_bilingual_indexes": [
      0
    ],
    "description_bilingual_indexes": [
      0
    ]
  },
  "514": {
    "summary": "Construction parameter alias",
    "description": "Add the full name of the build parameter alias\n",
    "summary_bilingual_indexes": [
      0
    ],
    "description_bilingual_indexes": [
      0
    ]
  },
  "527": {
    "summary": "Replace loading svg with clean compressed data URI",
    "description": "length: 2738 - 1898",
    "summary_bilingual_indexes": [],
    "description_bilingual_indexes": []
  },
  "559": {
    "summary": "Expect the developer to slide to the left to delete, and other operational components",
    "description": "Whether it is Mobile QQ or Wechat, there are almost all operations such as swiping to the left, deletion, and so on. This has been mentioned in previous Issues. I hope all those who support this function will like it.",
    "summary_bilingual_indexes": [
      0
    ],
    "description_bilingual_indexes": [
      0
    ]
  },
  "579": {
    "summary": "Weui.css weui-icon-safe_success class does not correspond to content",
    "description": "/weui/weui/blob/master/dist/style/weui.css\nThe two content also seem to be written upside down. Success should be 05\n/ * 58 lines * /\n.weui-icon-safe_success:before {\n content: EA04 \n}\n/* \n.weui-icon-safe_warn:before {\n content: EA05 \n}\n/ * 158 lines * /\n.weui-icon-safe-success {\n color: #09BB07 \n}\n.weui-icon-safe-warn {\n color: #FFBE00 \n}\n",
    "summary_bilingual_indexes": [
      0
    ],
    "description_bilingual_indexes": [
      1,
      2,
      10
    ]
  },
  "598": {
    "summary": "The instance code of Input reported an error.",
    "description": "Hello, there seems to be a lack of end-tag for input. Input type= radio class= weui-check name= radio1 can be compiled successfully after adding''. Is there something wrong with the example code?",
    "summary_bilingual_indexes": [
      0
    ],
    "description_bilingual_indexes": [
      0
    ]
  },
  "602": {
    "summary": "Semantic details of form-preview",
    "description": "After the after representation, it is generally used to place the bottom border.\n less\n.weui-form-preview__ft{\n :after {\n .setTopLine ( ) \n }\n}\n \nShould be changed to\n less\n.weui-form-preview__ft{\n :before {\n .setTopLine ( ) \n }\n}\n ",
    "summary_bilingual_indexes": [
      0
    ],
    "description_bilingual_indexes": [
      0,
      8
    ]
  },
  "606": {
    "summary": "Search box style problem after font size adjustment",
    "description": "After font size adjustment, icon of search box is not centered",
    "summary_bilingual_indexes": [
      0
    ],
    "description_bilingual_indexes": [
      0
    ]
  },
  "614": {
    "summary": "Translate README",
    "description": "Close #613.\nMy Chinese is not so good. Please feel free to comment if the translation is wrong.",
    "summary_bilingual_indexes": [],
    "description_bilingual_indexes": []
  },
  "617": {
    "summary": "ActionSheet and picker adjustment",
    "description": "",
    "summary_bilingual_indexes": [
      0
    ],
    "description_bilingual_indexes": []
  },
  "640": {
    "summary": "Add license notices",
    "description": "",
    "summary_bilingual_indexes": [],
    "description_bilingual_indexes": []
  },
  "642": {
    "summary": "Fix url after the transfer to Tencent Group",
    "description": "",
    "summary_bilingual_indexes": [],
    "description_bilingual_indexes": []
  },
  "682": {
    "summary": "media query iphone x",
    "description": "",
    "summary_bilingual_indexes": [],
    "description_bilingual_indexes": []
  },
  "683": {
    "summary": "Add WeUI for work .",
    "description": "",
    "summary_bilingual_indexes": [],
    "description_bilingual_indexes": []
  },
  "686": {
    "summary": "iphone media query",
    "description": "",
    "summary_bilingual_indexes": [],
    "description_bilingual_indexes": []
  }
}