{
  "59c8688ad2fc53a3bc59610694b7a19e058fb5af": {
    "message": "Merge pull request #158 from HaebinShin-patch-scripts\ninstall automake with dependency, check sudo",
    "diff": "[mecab.sh]\n+if hash sudo null then\n+ sudo= sudo \n+else\n+ sudo= \n+fi\n+ sudo make install\n+if [ os == Linux ] then\n+ if [ (grep -Ei debian buntu mint *release) ] then\n+ sudo apt-get update sudo apt-get install -y automake\n+ elif [ (grep -Ei fedora redhat *release) ] then\n+ sudo yum install -y automake\n+ else\n+ ##\n+ # Autoconf\n+ #\n+ # stage directory\n+ builddir= mktemp -d cd builddir\n+ # download and extract source\n+ curl -LO autoconf-latest.tar.gz\n+ tar -zxvf autoconf-*\n+ # configure, make, install local\n+ cd autoconf*\n+ configure\n+ make\n+ sudo make install\n+ # erase stage dir\n+ rm -rf builddir\n+ ##\n+ # Automake\n+ #\n+ # stage directory\n+ builddir= mktemp -d cd builddir\n+ # download and extract source\n+ curl -LO automake-1.11.tar.gz\n+ tar -zxvf automake-1.11.tar.gz\n+ # configure, make, install local\n+ cd automake-1.11\n+ configure\n+ make\n+ sudo make install\n+ # erase stage dir\n+ rm -rf builddir\n+ fi\n+elif [ os == Darwin ] then\n+ brew install automake\n+fi\n+ sudo sh -c echo mecab-ko-dic mecabrc \n+ sudo make install\n+ sudo python setup.py install\n+ sudo python3 setup.py install"
  },
  "fcc35260fc7e590ad44964d0b4ec5da979757005": {
    "message": "Merge pull request #214 from update-latest-mecab-versions\nupdate latest versions for mecab.sh",
    "diff": "[mecab.sh]\n+curl -LO mecab-0.996-ko-0.9.2.tar.gz\n+tar zxfv mecab-0.996-ko-0.9.2.tar.gz\n+cd mecab-0.996-ko-0.9.2\n+curl -LO mecab-ko-dic-2.1.1-20180720.tar.gz\n+tar -zxvf mecab-ko-dic-2.1.1-20180720.tar.gz\n+cd mecab-ko-dic-2.1.1-20180720"
  },
  "9c8432b47147f7a24b7bebf30dd02ed66642ae7f": {
    "message": "Merge pull request #211 from master\nKoshort ♥ KoNLPy",
    "diff": "[__init__.py]\n+# -*- coding: utf-8 -*-\n+ stream,\n[about.py]\n+__version__ = 0.5.2 \n[constants.py]\n+# -*- coding: utf-8 -*-\n+ Constants used in konlpy library. \n+import os\n+DATA_DIR = \n+ALPHABET = [ 가 , 나 , 다 , 라 , 마 , 바 , 사 , 아 , 자 , 차 , 카 , 타 , 파 , 하 ]\n+def make_dir (directory=DATA_DIR):\n+ make konlpy data directory to store streaming data \n+ if not os.path.exists (directory):\n+ os.mkdir (directory)\n[data.py]\n+from __future__ import unicode_literals\n+import io\n+import glob\n+from konlpy.constants import DATA_DIR, make_dir\n+def clear ():\n+ clear the konlpy output data directory\n+ .. code-block:: python\n+ import konlpy\n+ konlpy.clear ()\n+ items = os.listdir (DATA_DIR + * )\n+ for item in items:\n+ os.remove (item)\n+def listdir ():\n+ list konlpy default data directory.\n+ .. code-block:: python\n+ import konlpy\n+ konlpy.listdir ()\n+ utils.pprint (os.listdir (DATA_DIR))\n+class CorpusReader (object):\n+ def __init__ (self, extension= .txt ):\n+ CorpusReader reads corpuses in konlpy data directory.\n+ extension (str, optional): Defaults to .txt . extension of corpus to load.\n+ .. code-block:: python\n+ from konlpy.data import CorpusReader\n+ reader = CorpusReader ()\n+ reader.read ()\n+ reader.corpus\n+ {...}\n+ reader.items = specific_corpus.txt ]\n+ reader.read ()\n+ reader.corpus[ specific_corpus.txt ]\n+ content of corpus\n+ self.items = glob.glob (DATA_DIR + * + extension)\n+ self.corpus = {}\n+ def read (self):\n+ read method reads all files included\n+ in items attr and save it into corpus dictionary.\n+ for filename in self.items:\n+ reader = io.open (filename, mode= r+ , encoding= utf-8 )\n+ self.corpus[os.path.basename (filename)] = reader.read ()\n+class StringWriter (object):\n+ def __init__ (self, filename):\n+ make_dir ()\n+ self.writer = io.open (DATA_DIR + filename, mode= a , encoding= utf-8 )\n+ def write (self, string):\n+ self.writer.write (string)\n+ n )\n+ find , load , listdir , clear , \n+ path , FileSystemPathPointer , PathPointer ,\n+ CorpusReader , StringWriter ,]\n[__init__.py]\n+# -*- coding: utf-8 -*-\n+ konlpy.stream is a high-level streaming interfaces\n+ for various websites and services brought from the original project koshort by nyanye (iam .com) \n+from __future__ import absolute_import\n+from konlpy.stream.base import BaseStreamer, KonlpyStreamerError\n+from konlpy.stream.twitter import TwitterStreamer\n+from konlpy.stream.naver import NaverStreamer\n+from konlpy.stream.dcinside import DCInsideStreamer\n+from konlpy.stream.misc import NavtterStreamer\n+from konlpy.stream.daum import DaumStreamer\n+from konlpy.stream.google_trend import GoogleTrendStreamer\n[base.py]\n+# -*- coding: utf-8 -*-\n+from __future__ import print_function\n+from __future__ import absolute_import\n+from __future__ import division\n+from __future__ import unicode_literals\n+import sys\n+from argparse import ArgumentParser\n+from konlpy.utils import PropagatingThread, pprint\n+if sys.version_info[0] = 3:\n+ import urllib3 as urllib\n+else:\n+ import urllib2 as urllib\n+ class RecursionError (Exception):\n+ pass\n+__all__ = [ KonlpyStreamerError , BaseStreamer ]\n+class KonlpyStreamerError (Exception):\n+ def __init__ (self, message, streamer):\n+ self.message = message\n+ self.streamer = streamer\n+ def __str__ (self):\n+ return s has crashed. n s (self.streamer, self.message)\n+class BaseStreamer (object):\n+ BaseStreamer class contains:\n+ Methods:\n+ get_parser: returns initial argument parser\n+ show_options: show options that can be used or parsed\n+ stream: try asynchronous streaming using job method\n+ def __init__ (self, is_async=True):\n+ self.is_async = is_async\n+ self.retry = 3\n+ self.recursion = 0\n+ def get_parser (self):\n+ customized argument parser to set various parameters\n+ Returns:\n+ object: argument parser.\n+ parser = ArgumentParser ()\n+ parser.add_argument (\n+ -v , --verbose ,\n+ help= increase verbosity ,\n+ action= store_true \n+ )\n+ return parser\n+ def show_options (self):\n+ Print out options available and predefined values. \n+ for attr, value in sorted (vars (self.options).items ()):\n+ pprint ( {} = {} .format (attr, value))\n+ def stream (self):\n+ try:\n+ if self.is_async:\n+ self._thread = PropagatingThread (target=self.job)\n+ self._thread.start ()\n+ self._thread.join ()\n+ else:\n+ self.job ()\n+ except RecursionError:\n+ return False\n+ except KeyboardInterrupt:\n+ pprint ( User has interrupted. )\n+ return False\n+ except:\n+ if self.recursion self.retry:\n+ pprint ( Error has raised but continue to stream. )\n+ self.recursion += 1\n+ self.stream ()\n+ else:\n+ raise\n[daum.py]\n+# -*- coding: utf-8 -*-\n+from __future__ import print_function\n+from __future__ import absolute_import\n+from __future__ import division\n+from __future__ import unicode_literals\n+import sys\n+if sys.version_info[0] = 3:\n+ from urllib.request import urlopen\n+else:\n+ from urllib import urlopen\n+from bs4 import BeautifulSoup\n+from argparse import ArgumentParser\n+from time import sleep\n+from konlpy.data import StringWriter\n+from konlpy.stream import BaseStreamer\n+from konlpy.utils import PropagatingThread, pprint\n+def get_current_trend ():\n+ Get current top trending words from naver\n+ Returns:\n+ counts: list of count\n+ keywords: list of keyword\n+ url = \n+ html = urlopen (url)\n+ soup = BeautifulSoup (html, html.parser )\n+ counts = []\n+ keywords = []\n+ item_list = soup.find ( div , { class : realtime_part }).findAll ( div , { class : roll_txt })\n+ item_list = [item.find ( div , { class : rank_cont }) for item in item_list]\n+ for item in item_list:\n+ count = item.find ( span , { class : ir_wa }).getText ()\n+ keyword = item.find ( span , { class : txt_issue }).getText ()\n+ counts.append (count)\n+ keywords.append (keyword)\n+ return counts, keywords\n+class DaumStreamer (BaseStreamer):\n+ DaumStreamer helps to stream daum trending keywords asynchronously.\n+ .. code-block:: python\n+ from konlpy.stream import daum\n+ streamer = daum.DaumStreamer ()\n+ streamer.stream ()\n+ 김민승\n+ 이유애린\n+ 훈남정음\n+ 소유진\n+ ...\n+ def __init__ (self, is_async=True):\n+ super (DaumStreamer, self).__init__ (is_async=is_async)\n+ self.is_async = is_async\n+ parser = self.get_parser ()\n+ parser.add_argument (\n+ -d , --display_rank ,\n+ help= display rank in results and commandline. ,\n+ action= store_true \n+ )\n+ parser.add_argument (\n+ -i , --interval ,\n+ help= streaming interval (secs) ,\n+ default=60,\n+ type=int\n+ )\n+ parser.add_argument (\n+ -n , --n_limits ,\n+ help= stop when this amount of trends are collected. 0 for forever ,\n+ default=10,\n+ type=int\n+ )\n+ parser.add_argument (\n+ --filename ,\n+ help= filename to be saved. ,\n+ default= trends.txt \n+ )\n+ self.options, _ = parser.parse_known_args ()\n+ self.writer = StringWriter (self.options.filename)\n+ def save_and_print (self):\n+ collect current trending words and save or print \n+ counts, keywords = get_current_trend ()\n+ if self.options.display_rank:\n+ for count, keyword in zip (counts, keywords):\n+ pair = {}.{} .format (count, keyword)\n+ self.writer.write (pair)\n+ if self.options.verbose:\n+ pprint (pair)\n+ else:\n+ for keyword in keywords:\n+ self.writer.write (keyword)\n+ if self.options.verbose:\n+ pprint (keyword)\n+ def job (self):\n+ Streaming job with intervals.\n+ Args:\n+ interval (int): Time interval\n+ n_try = 0\n+ while (self.options.n_limits == 0) (self.options.n_limits n_try):\n+ n_try += 1\n+ self.save_and_print ()\n+ sleep (self.options.interval)\n+def main ():\n+ app = DaumStreamer (is_async=False)\n+ app.options.verbose = True\n+ app.show_options ()\n+ app.stream ()\n+if __name__ == __main__ :\n+ main ()\n[dcinside.py]\n+# -*- coding: utf-8 -*-\n+from __future__ import print_function\n+from __future__ import absolute_import\n+from __future__ import division\n+from __future__ import unicode_literals\n+from datetime import datetime\n+from bs4 import BeautifulSoup, SoupStrainer\n+from konlpy.stream import BaseStreamer\n+from konlpy.data import StringWriter\n+import requests\n+import time\n+import colorama\n+from colorama import Style, Fore\n+from konlpy.utils import pprint\n+class DCInsideStreamer (BaseStreamer):\n+ DCInside is a biggest community website in Korea.\n+ DCInsideStreamer helps to stream specific gallery from past to future.\n+ def __init__ (self, markup= lxml , is_async=True):\n+ super (DCInsideStreamer, self).__init__ (is_async=is_async)\n+ self.is_async = is_async\n+ parser = self.get_parser ()\n+ parser.add_argument (\n+ --include_comments ,\n+ help= include comments ,\n+ action= store_true \n+ )\n+ parser.add_argument (\n+ --comments_per_page ,\n+ help= comments per page to be crawled ,\n+ default=40,\n+ type=int\n+ )\n+ parser.add_argument (\n+ --gallery_id ,\n+ help= specify gallery id such as: cat, dog ,\n+ default= cat ,\n+ type=str\n+ )\n+ parser.add_argument (\n+ --init_post_id ,\n+ help= initial post_id to start crawling ,\n+ default=0,\n+ type=int\n+ )\n+ parser.add_argument (\n+ --final_post_id ,\n+ help= final post_id to stop crawling ,\n+ default=10000,\n+ type=int\n+ )\n+ parser.add_argument (\n+ --forever ,\n+ help= try crawling for forever ,\n+ action= store_true \n+ )\n+ parser.add_argument (\n+ --timeout ,\n+ help= crawling timeout per request ,\n+ default=5,\n+ type=float\n+ )\n+ parser.add_argument (\n+ --interval ,\n+ help= crawling interval per request to prevent blocking ,\n+ default=0.5,\n+ type=float\n+ )\n+ parser.add_argument (\n+ --metadata_to_dict ,\n+ help= return metadata into dictionary type ,\n+ action= store_true ,\n+ )\n+ parser.add_argument (\n+ --filename ,\n+ help= filename to be saved. ,\n+ default= gallery.txt \n+ )\n+ self.options, _ = parser.parse_known_args ()\n+ self._session = requests.Session ()\n+ self._markup = markup\n+ self._view_url = view \n+ self._comment_view_url = view \n+ self._current_post_id = self.options.init_post_id\n+ self._strainer = SoupStrainer ( div , attrs={ class : [\n+ re_gall_top_1 , # 제목, 글쓴이, 작성시각\n+ btn_recommend , # 추천, 비추천\n+ gallery_re_title , # 댓글\n+ s_write , # 본문\n+ ]})\n+ # Custom header is required in order to request.\n+ self.header = { Accept : * q=0.8 ,\n+ User-Agent : 5.0 (Windows NT 10.0 Win64 x64 rv:59.0) 20100101 59.0 }\n+ def request_post (self, gallery_id, post_no):\n+ Request dcinside post\n+ Args:\n+ gallery_id (str): predefined id of gallery\n+ post_no (int): integer of post number\n+ Returns:\n+ response: response of requests\n+ response = id= s no= d (self._view_url, gallery_id, post_no),\n+ headers=self.header, timeout=self.options.timeout)\n+ return response\n+ def request_comment (self, headers=None, data=None):\n+ Request dcinside comment\n+ Args:\n+ headers (dict): request headers\n+ data (dict): data to be used\n+ Returns:\n+ response: response of requests\n+ response = self._session.post (self._comment_view_url, headers=headers, data=data)\n+ return response\n+ def get_post (self, gallery_id, post_no):\n+ try:\n+ # Site s anti-bot policy may block crawling you can consider gentle crawling\n+ time.sleep (self.options.interval)\n+ response = self.request_post (gallery_id, post_no)\n+ try:\n+ post = self.parse_post (response.text, lxml , self._strainer)\n+ except AttributeError:\n+ return None\n+ if not isinstance (post, dict):\n+ return None\n+ post[ gallery_id ] = gallery_id\n+ post[ post_no ] = post_no\n+ post[ crawled_at ] = datetime.now ().isoformat ()\n+ if self.options.include_comments and post.get ( comment_cnt ):\n+ post[ comments ] = self.get_all_comments (gallery_id, post_no, post[ comment_cnt ])\n+ return post\n+ except (requests.exceptions.ReadTimeout, requests.exceptions.ConnectTimeout):\n+ # if timeout occurs, retry\n+ return self.get_post (gallery_id, post_no)\n+ except NoSuchGalleryError:\n+ return self.get_post (gallery_id, post_no)\n+ def get_all_comments (self, gallery_id, post_no, comment_cnt):\n+ comment_page_cnt = (comment_cnt - 1) self.options.comments_per_page + 1\n+ comments = []\n+ headers = { X-Requested-With : XMLHttpRequest }\n+ data = { ci_t : self._session.cookies[ ci_c ], id : gallery_id, no : post_no}\n+ for i in range (comment_page_cnt):\n+ data[ comment_page ] = i + 1\n+ response = self.request_comment (headers, data)\n+ batch = self.parse_comments (response.text)\n+ if not batch:\n+ break\n+ comments = batch + comments\n+ return comments\n+ def job (self):\n+ colorama.init ()\n+ writer = StringWriter (self.options.filename)\n+ def summary (result):\n+ if not self.options.metadata_to_dict:\n+ if self.options.verbose:\n+ pprint (Fore.CYAN + result[ title ] + Fore.RESET)\n+ pprint (Fore.CYAN + Style.DIM + result[ written_at ] + Style.RESET_ALL + Fore.RESET)\n+ pprint (result[ body ])\n+ writer.write ( : + result[ title ])\n+ writer.write ( : + result[ written_at ])\n+ writer.write ( : + result[ body ])\n+ else:\n+ if self.options.verbose:\n+ pprint (result)\n+ writer.write (result)\n+ while (self.options.final_post_id self._current_post_id) self.options.forever:\n+ result = self.get_post (self.options.gallery_id, self._current_post_id)\n+ if result is not None:\n+ summary (result)\n+ self._current_post_id += 1\n+ def parse_post (markup, parser, strainer):\n+ soup = BeautifulSoup (markup, parser, parse_only=strainer)\n+ if not str (soup):\n+ soup = BeautifulSoup (markup, parser)\n+ if in str (soup):\n+ return None\n+ elif 해당 갤러리는 존재하지 않습니다 in str (soup):\n+ raise NoSuchGalleryError\n+ else:\n+ pass\n+ temp_info = soup.find (attrs={ class : w_top_right })\n+ timestamp = temp_info.find ( b ).getText ()\n+ user_info = soup.find (attrs={ class : user_layer })\n+ user_id = user_info[ user_id ]\n+ user_ip = if user_id else temp_info.find (attrs={ class : li_ip }).string\n+ nickname = user_info[ user_name ]\n+ title = soup.find ( dl , attrs={ class : wt_subject }).find ( dd ).getText ()\n+ view_cnt = int (soup.find ( dd , attrs={ class : dd_num }).string)\n+ view_up = int (soup.find (id= recommend_view_up ).string)\n+ view_dn = int (soup.find (id= recommend_view_down ).string)\n+ comment_cnt = int (soup.find (id= re_count ).string)\n+ body = soup.find ( div , attrs={ class : s_write }).find ( td ).getText ()\n+ post = {\n+ user_id : user_id,\n+ user_ip : user_ip,\n+ nickname : nickname,\n+ title : title,\n+ written_at : timestamp,\n+ view_up : view_up,\n+ view_dn : view_dn,\n+ view_cnt : view_cnt,\n+ comment_cnt : comment_cnt,\n+ body : body,\n+ }\n+ return post\n+ def parse_comments (text):\n+ comments = []\n+ soup = BeautifulSoup (text, lxml )\n+ comment_elements = soup.find_all ( tr , class_= reply_line )\n+ for element in comment_elements:\n+ user_layer = element.find ( td , class_= user_layer )\n+ nickname = user_layer[ user_name ]\n+ user_id = user_layer[ user_id ]\n+ body = element.find ( td , class_= reply )\n+ user_ip = if user_id else body.find ( span ).extract ().text\n+ timestamp = element.find ( td , class_= retime ).text\n+ comment = {\n+ user_id : user_id,\n+ user_ip : user_ip,\n+ nickname : nickname,\n+ written_at : timestamp,\n+ body : body.text.strip ()\n+ }\n+ comments.append (comment)\n+ return comments\n+class NoSuchGalleryError (Exception):\n+ pass\n+def main ():\n+ app = DCInsideStreamer (is_async=False)\n+ app.options.verbose = True\n+ app.stream ()\n+if __name__ == __main__ :\n+ main ()\n[google_trend.py]\n+# -*- coding: utf-8 -*-\n+from __future__ import print_function\n+from __future__ import absolute_import\n+from __future__ import division\n+from __future__ import unicode_literals\n+from datetime import datetime, timedelta\n+from konlpy.stream import BaseStreamer\n+from konlpy.data import StringWriter\n+import requests\n+import time\n+import json\n+import colorama\n+from colorama import Style, Fore\n+from konlpy.utils import pprint\n+class GoogleTrendStreamer (BaseStreamer):\n+ Google is a biggest website in the world.\n+ GoogleTrendStreamer helps to stream trends from past to future.\n+ def __init__ (self, markup= lxml , is_async=True):\n+ super (GoogleTrendStreamer, self).__init__ (is_async=is_async)\n+ self.is_async = is_async\n+ parser = self.get_parser ()\n+ parser.add_argument (\n+ --init_date ,\n+ help= initial post_id to start crawling ,\n+ default=datetime.today ().strftime ( Y m d )\n+ )\n+ parser.add_argument (\n+ --final_date ,\n+ help= final post_id to stop crawling ,\n+ default=datetime.today ().strftime ( Y m d )\n+ )\n+ parser.add_argument (\n+ --timeout ,\n+ help= crawling timeout per request ,\n+ default=5,\n+ type=float\n+ )\n+ parser.add_argument (\n+ --interval ,\n+ help= crawling interval per request to prevent blocking ,\n+ default=0.5,\n+ type=float\n+ )\n+ parser.add_argument (\n+ --metadata_to_dict ,\n+ help= return metadata into dictionary type ,\n+ action= store_true ,\n+ )\n+ parser.add_argument (\n+ --filename ,\n+ help= filename to be saved. ,\n+ default= google_trend.txt \n+ )\n+ self.options, _ = parser.parse_known_args ()\n+ self._session = requests.Session ()\n+ self._markup = markup\n+ self._trend_url = dailytrends \n+ def request_trend (self, date):\n+ Request google trend data\n+ Args:\n+ hl (str): predefined id of gallery\n+ geo (int): integer of post number\n+ ed (str): Target datetime. Based on YYYYMMDD format.\n+ Returns:\n+ response: response of requests\n+ query = { hl : ko , geo : KR , ed : date}\n+ response = self._session.get (self._trend_url, params=query, timeout=self.options.timeout)\n+ return response\n+ def get_trend (self, date):\n+ try:\n+ # Site s anti-bot policy may block crawling you can consider gentle crawling\n+ time.sleep (self.options.interval)\n+ response = self.request_trend (date)\n+ pprint (response.status_code)\n+ response.raise_for_status ()\n+ trend = self.parse_trend (response.content)\n+ return trend\n+ except (requests.exceptions.ReadTimeout, requests.exceptions.ConnectTimeout):\n+ # if timeout occurs, retry\n+ return self.get_trend (date)\n+ except requests.exceptions.HTTPError:\n+ return None\n+ def parse_trend (self, content):\n+ # Preprocessing\n+ def preprocess (text):\n+ text = text.decode ( unicode_escape )\n+ # ,와 같은 의미없는 문자가 들어있어서 제외\n+ text = n )[1]\n+ text = self._convert_utf8_to_euckr (text)\n+ return text\n+ trenddata = json.loads (preprocess (content))\n+ trendlist, date = self._get_trendlist_of_date (trenddata)\n+ trendlist = [\n+ { title : trend[ title ][ query ],\n+ traffic : trend[ formattedTraffic ],\n+ # article_list : trend[ articles ],\n+ date : date\n+ } for trend in trendlist\n+ ]\n+ return trendlist\n+ def job (self):\n+ colorama.init ()\n+ writer = StringWriter (self.options.filename)\n+ def summary (result):\n+ for content in result:\n+ if not self.options.metadata_to_dict:\n+ if self.options.verbose:\n+ pprint (Fore.CYAN + content[ date ] + Fore.RESET)\n+ pprint (Fore.CYAN + Style.DIM + content[ title ] + Style.RESET_ALL + Fore.RESET)\n+ pprint (Fore.CYAN + Style.DIM * 2 + content[ traffic ] + Style.RESET_ALL + Fore.RESET)\n+ writer.write ( : + content[ date ])\n+ writer.write ( : + content[ title ])\n+ writer.write ( : + content[ traffic ])\n+ else:\n+ output = t .join ([content[ date ], content[ title ], content[ traffic ]])\n+ if self.options.verbose:\n+ pprint (output)\n+ writer.write (output)\n+ def get_date_range (start_date, end_date):\n+ start = datetime.strptime (start_date, Y m d )\n+ end = datetime.strptime (end_date, Y m d )\n+ date_range = [ (end - timedelta (days=x)).strftime ( Y m d )\n+ for x in range (0, (end - start).days + 1)]\n+ return date_range\n+ for date in get_date_range (self.options.init_date, self.options.final_date):\n+ result = self.get_trend (date)\n+ if result is not None:\n+ summary (result)\n+ def _convert_utf8_to_euckr (unicode_str):\n+ return unicode_str.encode ( euc-kr , replace ).decode ( euc-kr )\n+ def _get_trendlist_of_date (trend_data, target_date= yyyymmdd ):\n+ trends_list = trend_data[ default ][ trendingSearchesDays ]\n+ for trend in trends_list:\n+ if (trend[ date ] == target_date):\n+ return trend[ trendingSearches ], trend[ date ]\n+ return trends_list[0][ trendingSearches ], trends_list[0][ date ] # default, most recently\n+def main ():\n+ app = GoogleTrendStreamer (is_async=False)\n+ app.options.verbose = True\n+ app.stream ()\n+if __name__ == __main__ :\n+ main ()\n[misc.py]\n+# -*- coding: utf-8 -*-\n+from __future__ import print_function\n+from __future__ import absolute_import\n+from __future__ import division\n+from __future__ import unicode_literals\n+from time import sleep\n+from konlpy.stream import BaseStreamer, TwitterStreamer\n+from konlpy.stream.naver import get_current_trend\n+from konlpy.utils import pprint\n+class NavtterStreamer (BaseStreamer):\n+ Start streaming of twitter about naver s current top trending keywords.\n+ In order to use NavtterStreamer, you have to set-up both twitter and Navtter s options.\n+ .. code-block:: python\n+ from konlpy.stream import NavtterStreamer\n+ app = NavtterStreamer ()\n+ app.show_options () # Print available options\n+ app.options.interval = 3600 # Update naver trends every 3600 secs\n+ app.options.verbose = True # Print trends\n+ # Your twitter api keys and tokens.\n+ app.twitter.options.consumer_key = consumer_key \n+ app.twitter.options.consumer_secret = consumer_secret \n+ app.twitter.options.access_token = access_token \n+ app.twitter.options.access_token_secret = access_token_secret \n+ # Filter retweets to prevent potential repetition.\n+ app.twitter.options.filter_retweets = True\n+ # Print tweets.\n+ app.twitter.options.verbose = True\n+ app.stream ()\n+ def __init__ (self, is_async=True):\n+ super (NavtterStreamer, self).__init__ (is_async=is_async)\n+ self.is_async = is_async\n+ parser = self.get_parser ()\n+ parser.add_argument (\n+ -i , --interval ,\n+ help= streaming interval (secs) ,\n+ default=100,\n+ type=int\n+ )\n+ self.options, _ = parser.parse_known_args ()\n+ self.twitter = TwitterStreamer ()\n+ self.trend = None\n+ self.streamer = None\n+ def get_trend (self):\n+ _, self.trend = get_current_trend ()\n+ if self.options.verbose:\n+ pprint (self.trend)\n+ def job (self):\n+ self.get_trend ()\n+ twitter = TwitterStreamer (word_list=self.trend, is_async=False)\n+ twitter.options = self.twitter.options\n+ twitter.options.time_limits = self.options.interval\n+ twitter.create_listener ()\n+ twitter.job ()\n+ self.job ()\n[naver.py]\n+# -*- coding: utf-8 -*-\n+from __future__ import print_function\n+from __future__ import absolute_import\n+from __future__ import division\n+from __future__ import unicode_literals\n+import sys\n+if sys.version_info[0] = 3:\n+ from urllib.request import urlopen\n+else:\n+ from urllib import urlopen\n+from bs4 import BeautifulSoup\n+from argparse import ArgumentParser\n+from time import sleep\n+from konlpy.data import StringWriter\n+from konlpy.stream import BaseStreamer\n+from konlpy.utils import PropagatingThread, pprint\n+def get_current_trend ():\n+ Get current top trending words from naver\n+ Returns:\n+ counts: list of count\n+ keywords: list of keyword\n+ url = \n+ html = urlopen (url)\n+ soup = BeautifulSoup (html, html.parser )\n+ counts = []\n+ keywords = []\n+ for item in soup.find ( div , { class : ah_roll_area PM_CL_realtimeKeyword_rolling }).findAll ( li , { class : ah_item }):\n+ count = item.find ( span , { class : ah_r }).getText ()\n+ keyword = item.find ( span , { class : ah_k }).getText ()\n+ counts.append (count)\n+ keywords.append (keyword)\n+ return counts, keywords\n+class NaverStreamer (BaseStreamer):\n+ NaverStreamer helps to stream naver trending keywords asynchronously.\n+ .. code-block:: python\n+ from konlpy.stream import naver\n+ streamer = naver.NaverStreamer ()\n+ streamer.stream ()\n+ cj채용\n+ 온주완의 뮤직쇼\n+ 유상무\n+ 현대차\n+ ...\n+ def __init__ (self, is_async=True):\n+ super (NaverStreamer, self).__init__ (is_async=is_async)\n+ self.is_async = is_async\n+ parser = self.get_parser ()\n+ parser.add_argument (\n+ -d , --display_rank ,\n+ help= display rank in results and commandline. ,\n+ action= store_true \n+ )\n+ parser.add_argument (\n+ -i , --interval ,\n+ help= streaming interval (secs) ,\n+ default=60,\n+ type=int\n+ )\n+ parser.add_argument (\n+ -n , --n_limits ,\n+ help= stop when this amount of trends are collected. 0 for forever ,\n+ default=10,\n+ type=int\n+ )\n+ parser.add_argument (\n+ --filename ,\n+ help= filename to be saved. ,\n+ default= trends.txt \n+ )\n+ self.options, _ = parser.parse_known_args ()\n+ self.writer = StringWriter (self.options.filename)\n+ def save_and_print (self):\n+ collect current trending words and save or print \n+ counts, keywords = get_current_trend ()\n+ if self.options.display_rank:\n+ for count, keyword in zip (counts, keywords):\n+ pair = {}.{} .format (count, keyword)\n+ self.writer.write (pair)\n+ if self.options.verbose:\n+ pprint (pair)\n+ else:\n+ for keyword in keywords:\n+ self.writer.write (keyword)\n+ if self.options.verbose:\n+ pprint (keyword)\n+ def job (self):\n+ Streaming job with intervals.\n+ Args:\n+ interval (int): Time interval\n+ n_try = 0\n+ while (self.options.n_limits == 0) (self.options.n_limits n_try):\n+ n_try += 1\n+ self.save_and_print ()\n+ sleep (self.options.interval)\n+def main ():\n+ app = NaverStreamer (is_async=False)\n+ app.options.verbose = True\n+ app.show_options ()\n+ app.stream ()\n+if __name__ == __main__ :\n+ main ()\n[twitter.py]\n+# -*- coding: utf-8 -*-\n+from __future__ import print_function\n+from __future__ import absolute_import\n+from __future__ import division\n+from __future__ import unicode_literals\n+import io\n+import time\n+import tweepy\n+import colorama # Colorama streaming verbosity.\n+from konlpy.constants import DATA_DIR, ALPHABET, make_dir\n+from konlpy.stream import BaseStreamer\n+from konlpy.utils import delete_links, delete_mentions, pprint\n+class CorpusListener (tweepy.StreamListener):\n+ def __init__ (self, options, dirname, word_list):\n+ CorpusListener is a tweepy listener to listen on filtered list of words.\n+ Args:\n+ options (object): argparser argument namespace\n+ dirname (str): string of directory\n+ word_list (list): list of words\n+ # WARNING: This underlining keys and tokens\n+ # should not be shared or uploaded on any public code repository \n+ self.consumer_key = options.consumer_key\n+ self.consumer_secret = options.consumer_secret\n+ self.access_token = options.access_token\n+ self.access_token_secret = options.access_token_secret\n+ self.auth = tweepy.OAuthHandler (self.consumer_key, self.consumer_secret)\n+ self.auth.set_access_token (self.access_token, self.access_token_secret)\n+ self.api = tweepy.API (self.auth)\n+ self.dirname = dirname\n+ self.words = word_list\n+ self.options = options\n+ self.limit = 0\n+ self.init_time = time.time ()\n+ colorama.init ()\n+ def on_status (self, status):\n+ tweet = status.text\n+ # Except potentially repetitive retweets\n+ def write_tweets_to_files (tweet):\n+ if self.options.remove_links:\n+ tweet = delete_links (tweet)\n+ if self.options.remove_mentions:\n+ tweet = delete_mentions (tweet)\n+ word_count = 0\n+ if not self.options.output_as_onefile:\n+ # counts how many targeting words included in one tweet.\n+ for word in self.words:\n+ word_count += tweet.count (word)\n+ filename = {}{}{}.{} .format (\n+ self.dirname,\n+ self.options.output_prefix,\n+ word_count,\n+ self.options.output_extension\n+ )\n+ n_word_file = io.open (filename, a , encoding= utf-8 )\n+ n_word_file.write (tweet)\n+ n )\n+ if self.options.verbose:\n+ for word in self.words:\n+ tweet = (colorama.Fore.CYAN + word).join (tweet.split (word))\n+ tweet = (word + colorama.Fore.RESET).join (tweet.split (word))\n+ pprint (word_count, tweet)\n+ if self.options.filter_retweets:\n+ if not RT in tweet:\n+ write_tweets_to_files (tweet)\n+ self.limit += 1\n+ if (self.limit == self.options.tweet_limits) (\n+ (time.time () - self.init_time) = self.options.time_limits):\n+ return False\n+ else:\n+ write_tweets_to_files (tweet)\n+ self.limit += 1\n+ if self.limit == self.options.tweet_limits:\n+ return False\n+ def on_error (self, status_code):\n+ if status_code == 420: # if connection failed\n+ return False\n+class TwitterStreamer (BaseStreamer):\n+ Start streaming on Twitter with your api keys and tokens.\n+ Args:\n+ dirname (str): directory to save output files.\n+ word_list (list): list of words to be streamed.\n+ async (bool): if true, apply threading in tweepy layer.\n+ def __init__ (self, dirname=DATA_DIR, word_list=ALPHABET, is_async=True):\n+ super (TwitterStreamer, self).__init__ (is_async=is_async)\n+ self.is_async = is_async\n+ parser = self.get_parser ()\n+ parser.add_argument (\n+ --consumer_key ,\n+ help= consumer key ,\n+ )\n+ parser.add_argument (\n+ --consumer_secret ,\n+ help= consumer secret ,\n+ )\n+ parser.add_argument (\n+ --access_token ,\n+ help= access token ,\n+ )\n+ parser.add_argument (\n+ --access_token_secret ,\n+ help= access token secret ,\n+ )\n+ parser.add_argument (\n+ --filter_retweets ,\n+ help= do not save potentially repetitive retweets ,\n+ action= store_true ,\n+ )\n+ parser.add_argument (\n+ --remove_links ,\n+ help= remove links included into each tweet ,\n+ action= store_true ,\n+ )\n+ parser.add_argument (\n+ --remove_mentions ,\n+ help= remove mentions included into each tweet ,\n+ action= store_true ,\n+ )\n+ parser.add_argument (\n+ --output_prefix ,\n+ help= prefix of the output file ,\n+ default= tweet ,\n+ type=str\n+ )\n+ parser.add_argument (\n+ --output_as_onefile ,\n+ help= save output as onefile ,\n+ action= store_true ,\n+ )\n+ parser.add_argument (\n+ --output_extension ,\n+ help= extension of the output file ,\n+ default= txt ,\n+ type=str\n+ )\n+ parser.add_argument (\n+ --tweet_limits ,\n+ help= stop when this amount of tweets are collected ,\n+ default=1000000,\n+ type=int\n+ )\n+ parser.add_argument (\n+ --time_limits ,\n+ help= stop when n secs elapsed ,\n+ default=1000000,\n+ type=int\n+ )\n+ parser.add_argument (\n+ --keyword_file ,\n+ help= file that defines a keywords line by line ,\n+ type=str\n+ )\n+ self.options, _ = parser.parse_known_args ()\n+ # lazy requirement checking since argparse s required option blocks initialization.\n+ requirements = [self.options.consumer_key, self.options.consumer_secret,\n+ self.options.access_token, self.options.access_token_secret]\n+ flag = None\n+ for requirement in requirements:\n+ if not requirement:\n+ flag = 1\n+ if flag is not None:\n+ pprint ( You have to provide valid consumer key, consumer_secret, access_token, access_token_secret. )\n+ # Parse wordlist from custom argument\n+ self.dirname = dirname\n+ if self.options.keyword_file is not None:\n+ try:\n+ reader = open (self.options.keyword_file, mode= r+ , encoding= utf-8 )\n+ except UnicodeDecodeError:\n+ reader = open (self.options.keyword_file, mode= r+ , encoding= cp949 )\n+ self.word_list = reader.readlines ()\n+ else:\n+ self.word_list = word_list\n+ self.is_async = is_async\n+ self.streamer = None\n+ def create_listener (self):\n+ make_dir (directory=self.dirname) # generates default konlpy data directory\n+ listener = CorpusListener (self.options, self.dirname, self.word_list)\n+ api = listener.api\n+ self.streamer = tweepy.Stream (auth=api.auth, listener=listener)\n+ def job (self):\n+ # FIXME: argument named async cannot be used in python3.7\n+ try:\n+ self.streamer.filter (track=self.word_list, async=self.is_async)\n+ except ValueError:\n+ raise ValueError ( Please provide decent access token, secret, consumer key and secret )\n+def main ():\n+ app = TwitterStreamer (is_async=False)\n+ app.options.verbose = True\n+ app.show_options ()\n+ app.create_listener ()\n+ app.stream ()\n+if __name__ == __main__ :\n+ main ()\n[utils.py]\n+import re\n+from threading import Thread\n+def delete_links (string):\n+ Delete links from input string\n+ Args:\n+ string (str): string to delete links\n+ Returns:\n+ str: string without links\n+ return S+ , , string)\n+def delete_mentions (string):\n+ Delete at marks from input string\n+ Args:\n+ string (str): string to delete at marks\n+ Returns:\n+ str: string without at marks.\n+ return S+ , , string)\n+class PropagatingThread (Thread):\n+ PropagatingThread is just a fancy wrapper for Thread to manage exceptions.\n+ Raises:\n+ self.exception: Exception defined in higher-level.\n+ Returns:\n+ self.ret: Thread target object.\n+ def run (self):\n+ self.exception = None\n+ try:\n+ if hasattr (self, _Thread__target ):\n+ # Thread uses name mangling prior to Python 3.\n+ self.ret = self._Thread__target (*self._Thread__args, **self._Thread__kwargs)\n+ else:\n+ self.ret = self._target (*self._args, **self._kwargs)\n+ except BaseException as e:\n+ self.exception = e\n+ def join (self):\n+ super (PropagatingThread, self).join ()\n+ if self.exception:\n+ raise self.exception\n+ return self.ret\n[requirements-py3.txt]\n+colorama\n+tweepy\n+beautifulsoup4==4.6.0\n+lxml==4.1.0\n[requirements.txt]\n+colorama\n+tweepy\n+beautifulsoup4==4.6.0\n+lxml==4.1.0\n[setup.py]\n+ entry_points={ console_scripts : [\n+ stream_twitter = konlpy.stream.twitter:main ,\n+ stream_naver = konlpy.stream.naver:main ,\n+ stream_daum = konlpy.stream.daum:main ,\n+ stream_google = konlpy.stream.google_trend:main ,\n+ stream_dcinside = konlpy.stream.dcinside:main ,\n+ ]},\n[test_stream_daum.py]\n+# -*- coding: utf-8 -*-\n+from __future__ import print_function\n+from __future__ import absolute_import\n+from __future__ import division\n+from konlpy.stream.daum import DaumStreamer\n+from konlpy.constants import DATA_DIR\n+import glob\n+def test_daum_streamer ():\n+ daum = DaumStreamer ()\n+ daum.options.n_limits = 1\n+ daum.options.display_rank = True\n+ daum.options.verbose = True\n+ daum.options.interval = 3\n+ daum.stream ()\n+def test_result_exists ():\n+ Check if files are correctly created. \n+ items = glob.glob (DATA_DIR+ *trend* )\n+ assert len (items) 0\n[test_stream_dcinside.py]\n+# -*- coding: utf-8 -*-\n+from __future__ import print_function\n+from __future__ import absolute_import\n+from __future__ import division\n+from konlpy.stream import DCInsideStreamer\n+import glob\n+def test_dcinside_streamer ():\n+ streamer = DCInsideStreamer ()\n+ streamer.options.gallery_id = cat \n+ streamer.options.verbose = True\n+ streamer.options.final_post_id = 5\n+ streamer.stream ()\n[test_stream_google_trend.py]\n+# -*- coding: utf-8 -*-\n+from __future__ import print_function\n+from __future__ import absolute_import\n+from __future__ import division\n+from konlpy.stream import GoogleTrendStreamer\n+import pytest\n+# FIXME: init_date가 고정되어 시간이 지났을 때 test에 실패할 가능성이 있음.\n+ .mark.parametrize ( is_async , [ (True), (False)])\n+def test_google_trend_streamer (is_async):\n+ streamer = GoogleTrendStreamer (is_async=is_async)\n+ streamer.options.verbose = True\n+ streamer.options.init_date = 20180514 \n+ streamer.options.final_date = 20180601 \n+ streamer.stream ()\n[test_stream_naver.py]\n+# -*- coding: utf-8 -*-\n+from __future__ import print_function\n+from __future__ import absolute_import\n+from __future__ import division\n+from konlpy.stream.naver import NaverStreamer\n+from konlpy.constants import DATA_DIR\n+import glob\n+def test_naver_streamer ():\n+ naver = NaverStreamer ()\n+ naver.options.n_limits = 1\n+ naver.options.display_rank = True\n+ naver.options.verbose = True\n+ naver.options.interval = 3\n+ naver.stream ()\n+def test_result_exists ():\n+ Check if files are correctly created. \n+ items = glob.glob (DATA_DIR+ *trend* )\n+ assert len (items) 0\n[test_stream_twitter.py]\n+import subprocess\n+import time\n+import glob\n+import os\n+def test_twitter_streamer ():\n+ from konlpy.stream import TwitterStreamer\n+ os.system ( stream_twitter )"
  },
  "86b62e23888564e2494db98501ed37f79a6dfdeb": {
    "message": "Merge pull request #201 from master\nIgnore empty sentence",
    "diff": "[_komoran.py]\n+ if not sentence:\n+ continue"
  },
  "bee68414908896a34bcc466b59f5452d4b1d6e75": {
    "message": "Merge pull request #200 from issue199\nFix #199",
    "diff": "[jvm.py]\n+def init_jvm (jvmpath=None, max_heap_size=1024):\n+ :param max_heap_size: Maximum memory usage limitation (Megabyte). Default is 1024 (1GB). If you set this value too small, you may got out of memory. We recommend that you set it 1024 2048 or more at least. However, if this value is too large, you may see inefficient memory usage.\n+ -ea , -Xmx{}m .format (max_heap_size))\n[_hannanum.py]\n+ :param max_heap_size: Maximum memory usage limitation (Megabyte) :py:func: .init_jvm .\n+ def __init__ (self, jvmpath=None, max_heap_size=1024):\n+ jvm.init_jvm (jvmpath, max_heap_size)\n[_kkma.py]\n+ :param max_heap_size: Maximum memory usage limitation (Megabyte) :py:func: .init_jvm .\n+ def __init__ (self, jvmpath=None, max_heap_size=1024):\n+ jvm.init_jvm (jvmpath, max_heap_size)\n[_komoran.py]\n+ :param max_heap_size: Maximum memory usage limitation (Megabyte) :py:func: .init_jvm .\n+ def __init__ (self, jvmpath=None, userdic=None, modelpath=None, max_heap_size=1024):\n+ jvm.init_jvm (jvmpath, max_heap_size)\n[_okt.py]\n+ :param max_heap_size: Maximum memory usage limitation (Megabyte) :py:func: .init_jvm .\n+ def __init__ (self, jvmpath=None, max_heap_size=1024):\n+ jvm.init_jvm (jvmpath, max_heap_size)"
  },
  "91a181d164e5734fab7f089891e64b78fcc255f8": {
    "message": "Fix #199",
    "diff": "[jvm.py]\n+def init_jvm (jvmpath=None, max_heap_size=1024):\n+ -ea , -Xmx{}m .format (max_heap_size))\n[_hannanum.py]\n+ def __init__ (self, jvmpath=None, max_heap_size=1024):\n+ jvm.init_jvm (jvmpath, max_heap_size)\n[_kkma.py]\n+ def __init__ (self, jvmpath=None, max_heap_size=1024):\n+ jvm.init_jvm (jvmpath, max_heap_size)\n[_komoran.py]\n+ def __init__ (self, jvmpath=None, userdic=None, modelpath=None, max_heap_size=1024):\n+ jvm.init_jvm (jvmpath, max_heap_size)\n[_okt.py]\n+ def __init__ (self, jvmpath=None, max_heap_size=1024):\n+ jvm.init_jvm (jvmpath, max_heap_size)"
  },
  "5b0001589c8c18be521604cc1988d5c14a6ab85f": {
    "message": "Merge pull request #198 from komoran3\n Update Komoran 2.4 - 3",
    "diff": "[Makefile]\n+show_docs:\n[jvm.py]\n+ # JAR\n+ {0} ,\n+ # Java sources\n+ {0}{1}bin ,\n+ {0}{1}* ,\n+ # Hannanum\n+ # Kkma\n+ # Komoran3\n+ {0}{1}aho-corasick.jar ,\n+ {0}{1}shineware-common-1.0.jar ,\n+ {0}{1}shineware-ds-1.0.jar ,\n+ {0}{1}komoran-3.0.jar ,\n+ # Twitter\n+ {0}{1}snakeyaml-1.12.jar ,\n+ {0}{1}scala-library-2.11.4.jar ,\n+ {0}{1}twitter-korean-text-2.4.3.jar ,\n+ {0}{1}twitter-text-1.10.1.jar \n+ ]\n[_komoran.py]\n+from __future__ import absolute_import, unicode_literals\n+from konlpy import jvm, utils\n+ Wrapper for KOMORAN KOMORAN _.\n+ cat dic.txt # Place a file in a location of your choice\n+ 코모란\n+ 오픈소스\n+ 바람과 함께 사라지다\n+ komoran = dic.txt )\n+ [ 우왕 , 코모란 , 도 , 오픈소스 , 가 , 되 , 었 , 어요 ]\n+ print (komoran.pos (u 혹시 바람과 함께 사라지다 봤어 ))\n+ [ ( 혹시 , MAG ), ( 바람과 함께 사라지다 , NNP ), ( 보 , VV ), ( 았 , EP ), ( 어 , EF ), ( , SF )]\n+ :param userdic: The path to the user dictionary.\n+ This enables the user to enter custom tokens or phrases, that are mandatorily assigned to tagged as a particular POS.\n+ Each line of the dictionary file should consist of a token or phrase, followed by a POS tag, which are delimited with a tab character.\n+ An example of the file format is as follows:\n+ .. code-block:: python\n+ 바람과 함께 사라지다\n+ 바람과 함께\n+ 자연어\n+ If a particular POS is not assigned for a token or phrase, it will be tagged as NNP.\n+ :param modelpath: The path to the Komoran HMM model.\n+ sentences = n )\n+ morphemes = []\n+ if not sentences:\n+ return morphemes\n+ for sentence in sentences:\n+ result = self.jki.analyze (sentence).getTokenList ()\n+ result = [ (token.getMorph (), token.getPos ()) for token in result]\n+ if join:\n+ result = {} .format (morph, pos) for morph, pos in result]\n+ morphemes.append (result)\n+ if flatten:\n+ return sum (morphemes, [])\n+ return morphemes\n+ def __init__ (self, jvmpath=None, userdic=None, modelpath=None):\n+ if modelpath:\n+ self.modelpath = modelpath\n+ self.modelpath = os.path.join (utils.installpath, java , data , models )\n+ self.tagset = komoran.json utils.installpath)\n+ komoranJavaPackage = jpype.JPackage ( kr.co.shineware.nlp.komoran.core )\n+ try:\n+ self.jki = komoranJavaPackage.Komoran (self.modelpath)\n+ except TypeError: # Package kr.lucypark.komoran.KomoranInterface is not Callable\n+ raise IOError ( Cannot access komoran-dic. Please leave an issue at issues )\n+ if userdic:\n+ self.jki.setUserDic (userdic)"
  },
  "eb9dc53a52ece41a0b3f90e662a25221a0e52f2b": {
    "message": "Merge pull request #194 from fix-version\nRemove description.py and change author name",
    "diff": "[description.py]\n[__init__.py]\n+from konlpy.about import *\n[about.py]\n+# Inspired from:\n+# \n+# __about__.py\n+# about.py\n+__all__ = [\n+ __author__ ,\n+ __copyright__ ,\n+ __email__ ,\n+ __license__ ,\n+ __summary__ ,\n+ __title__ ,\n+ __url__ ,\n+ __version__ ,\n+]\n+__title__ = KoNLPy \n+__version__ = 0.4.4.dev0 \n+__author__ = Team KoNLPy \n+__email__ = konlpy .com \n+__url__ = \n+__summary__ = Python package for Korean natural language processing. \n+__description__ = Korean, the 13th most widely spoken language in the world, is a beautiful, yet complex language. Myriad Korean NLP engines were built by numerous researchers, to computationally extract meaningful features from the labyrinthine text.\n+KoNLPy is not just to create another, but to unify and build upon their shoulders, and see one step further. It is built particularly in the Python (programming) language, not only because of its its simplicity and elegance, but its powerful string processing modules and applicability to various tasks - including crawling, Web programming, and data analysis. \n+__license__ = GPL v3 \n+__copyright__ = Copyright 2018 {} .format (__author__)\n[setup.py]\n+def get_about ():\n+ about = {}\n+ basedir = os.path.abspath (os.path.dirname (__file__))\n+ with open (os.path.join (basedir, konlpy , about.py )) as f:\n+ exec (f.read (), about)\n+ return about\n+about = get_about ()\n+setup (name= konlpy ,\n+ version=about[ __version__ ],\n+ description=about[ __summary__ ],\n+ long_description=about[ __description__ ],\n+ url=about[ __url__ ],\n+ author=about[ __author__ ],\n+ author_email=about[ __email__ ],\n+ keywords=[ Korean , CJK ,\n+ NLP , natural language processing ,\n+ CL , computational linguistics ,\n+ tagging , tokenizing , linguistics , text analytics ],\n+ classifiers=[\n+ Intended Audience :: Developers ,\n+ Intended Audience :: Education ,\n+ Intended Audience :: Information Technology ,\n+ Intended Audience :: Research ,\n+ Programming Language :: Python :: 2.6 ,\n+ Programming Language :: Python :: 2.7 ,\n+ Programming Language :: Python :: 3.3 ,\n+ Programming Language :: Python :: 3.4 ,\n+ Topic :: Engineering ,\n+ Topic :: Engineering :: Artificial Intelligence ,\n+ Topic :: Engineering :: Human Machine Interfaces ,\n+ Topic :: Engineering :: Information Analysis ,\n+ Topic :: Text Processing ,\n+ Topic :: Text Processing :: Filters ,\n+ Topic :: Text Processing :: General ,\n+ Topic :: Text Processing :: Indexing ,\n+ Topic :: Text Processing :: Linguistic ,\n+ Development Status :: 4 - Beta ,\n+ License :: OSI Approved :: GNU General Public License v3 or later (GPLv3+) ,\n+ ],\n+ license=about[ __license__ ],\n+ packages=find_packages (),\n+ package_data={ konlpy : [\n+ *.txt ,\n+ *.json ,\n+ *.json ,\n+ * ,\n+ *.jar ,\n+ *.class ,\n+ *.class ,\n+ ]},\n+ install_requires=requirements ())"
  },
  "cf24bd8d454842ceada2f74e16e4a688b0aee60f": {
    "message": "Merge pull request #179 from master\nutils.pprint 가 stream=sys.stderr를 옵션으로 받도록 고침",
    "diff": "[utils.py]\n+ def pprint (obj,**kwargs): #quick patch to use sys.stderr stream\n+ if stream in kwargs.keys ():\n+ return UnicodePrinter (stream=kwargs[ stream ]).pprint (obj)"
  },
  "a126170f4cfe38f8a0bdbd68d25e8a5f7c0dd891": {
    "message": "Merge pull request #161 from master\nEdit directory explicitly: mecab-ko-dic",
    "diff": "[mecab.sh]\n+tar -zxvf automake-1.11.tar.gz\n+cd automake-1.11\n+tar -zxvf mecab-ko-dic-2.0.1-20150920.tar.gz\n+cd mecab-ko-dic-2.0.1-20150920"
  },
  "d0fd8e8e4886755d287496f65c695a4a9944a558": {
    "message": "Merge pull request #135 from add-join-parameter\nAdd join parameter",
    "diff": "[_hannanum.py]\n+def parse (result, flatten=False, join=False):\n+ def parse_opt (opt, join=False):\n+ if join:\n+ return [u for u in re.findall (tag_re, opt.strip ())]\n+ else:\n+ return , 1)) for u in re.findall (tag_re, opt.strip ())]\n+ return sum ([parse_opt (opt, join=join) for part in parts\n+ return [[parse_opt (opt, join=join) for opt in list (filter (None, part))[1:]]\n+ def pos (self, phrase, ntags=9, flatten=True, join=False):\n+ :param flatten: If False, preserves eojeols.\n+ :param join: If True, returns joined sets of morph and tag.\n+ return parse (result, flatten=flatten, join=join)\n[_kkma.py]\n+ def pos (self, phrase, flatten=True, join=False):\n+ :param flatten: If False, preserves eojeols.\n+ :param join: If True, returns joined sets of morph and tag.\n+ if join:\n+ morphemes.append (morpheme.getString () + + morpheme.getTag ())\n+ else:\n+ morphemes.append ( (morpheme.getString (), morpheme.getTag ()))\n+ if join:\n+ morphemes.append ([eojeol.get (k).getString () + + eojeol.get (k).getTag ()\n+ for k in range (eojeol.size ())])\n+ else:\n+ morphemes.append ([ (eojeol.get (k).getString (), eojeol.get (k).getTag ())\n+ for k in range (eojeol.size ())])\n[_komoran.py]\n+def parse (result, flatten, join=False):\n+ def _parse (token, join=False):\n+ if join:\n+ return [s[1:] for s in [A-Z]+ , token)]\n+ else:\n+ return , 1)) for s in [A-Z]+ , token)]\n+ if join:\n+ parsed = [[r for r in sublist] for sublist in result]\n+ else:\n+ parsed = , 1)) for r in sublist] for sublist in result]\n+ parsed = [_parse (i, join=join) for i in result[1:-1].split ( , )]\n+ def pos (self, phrase, flatten=True, join=False):\n+ :param flatten: If False, preserves eojeols.\n+ :param join: If True, returns joined sets of morph and tag.\n+ return parse (result, flatten, join=join)\n[_mecab.py]\n+def parse (result, allattrs=False, join=False):\n+ def split (elem, join=False):\n+ if join:\n+ return s + + t.split ( , , 1)[0]\n+ else:\n+ return (s, t.split ( , , 1)[0])\n+ return [split (elem, join=join) for elem in result.splitlines ()[:-1]]\n+ def pos (self, phrase, flatten=True, join=False):\n+ :param join: If True, returns joined sets of morph and tag.\n+ return parse (result, join=join)\n+ return [parse (self.tagger.parse (eojeol).decode ( utf-8 ), join=join)\n+ return parse (result, join=join)\n+ return [parse (self.tagger.parse (eojeol).decode ( utf-8 ), join=join)\n[_twitter.py]\n+ def pos (self, phrase, norm=False, stem=False, join=False):\n+ :param join: If True, returns joined sets of morph and tag.\n+ if join:\n+ return [t for t in tokens]\n+ else:\n+ return , 1)) for t in tokens]\n[test_hannanum.py]\n+def test_hannanum_pos_join (hannanum_instance, string):\n+ assert hannanum_instance.pos (string, join=True) \n+ N ,\n+ P ,\n+ E ,\n+ N ,\n+ P ,\n+ E ,\n+ S ]\n[test_kkma.py]\n+def test_kkma_pos_join (kkma_instance, string):\n+ assert kkma_instance.pos (string, join=True) \n+ NNG ,\n+ NNG ,\n+ NNG ,\n+ NNG ,\n+ SF ]\n[test_komoran.py]\n+ def test_komoran_pos_join (komoran_instance, string):\n+ assert komoran_instance.pos (string, join=True) \n+ NNG ,\n+ VV ,\n+ EC ,\n+ NNP ,\n+ VV ,\n+ EF ,\n+ SF ]\n[test_mecab.py]\n+def test_mecab_pos_join (mecab_instance, string):\n+ assert mecab_instance.pos (string, join=True) \n+ NNG ,\n+ VV ,\n+ EC ,\n+ NNP ,\n+ VV ,\n+ EF ,\n+ SF ]\n[test_twitter.py]\n+def test_tkorean_pos_join (tkorean_instance, string):\n+ assert tkorean_instance.pos (string, join=True) \n+ Noun , Noun , Noun , Noun , Noun , Noun , KoreanParticle ]"
  },
  "c553f8f650f1d6a887aab4b5589637fcdce324c7": {
    "message": "Merge pull request #126 from docs\nUpdate reference link",
    "diff": "[multithreading.rst]\n+ - 장혜식, 파이썬은 멀티코어 줘도 쓰잘데기가 없나요 에 대한 파이썬 2.6의 대답 _, 2008."
  },
  "4af8357e1d1f2f97920ac097a9c39eaa8748df3d": {
    "message": "Merge pull request #101 from master\nremoving sudo check python3 on mecab install script",
    "diff": "[mecab.sh]\n+python setup.py install\n+if hash python3 null\n+then\n+ python3 setup.py build\n+ python3 setup.py install\n+fi"
  },
  "aa4e225cb579f05f049dff806379d192258ba55f": {
    "message": "Resolve #11",
    "diff": "[_mecab.py]\n+ except NameError:\n+ raise Exception ( Install MeCab in order to use it: )"
  },
  "4426edeebe940dcb68970f1c54d85596696269e4": {
    "message": "Compile java due to #86",
    "diff": ""
  },
  "dc6e2c9a065ac449591a93458fe9ed18e31d3977": {
    "message": "Update installation instructions (Regarding #67)",
    "diff": "[TODOS.md]\n[install.rst]\n+ .. sourcecode:: bash\n+ sudo apt-get install g++ openjdk-7-jdk python-dev python3-dev # Install Java 1.7 or up\n+ pip install JPype1 # Python 2.x\n+ pip3 install JPype1-py3 # Python 3.x\n+2. Install KoNLPy\n+ .. sourcecode:: bash\n+ pip install konlpy # Python 2.x\n+ pip3 install konlpy # Python 3.x\n+3. Install MeCab (*optional*)\n+ .. sourcecode:: bash\n+ sudo apt-get install curl\n+ bash (curl -s mecab.sh\n+ .. sourcecode:: bash\n+ sudo yum install gcc-c++ java-1.7.0-openjdk-devel python-devel\n+ wget ez_setup.py # Python 2.x\n+ sudo python ez_setup.py\n+ sudo easy_install pip\n+ wget Python-3.4.3.tar.xz # Python 3.x\n+ tar xf Python-3.* \n+ cd Python-3.*\n+ configure\n+ make # Build\n+ sudo make altinstall\n+ pip install JPype1 # Python 2.x\n+ pip3 install JPype1-py3 # Python 3.x\n+2. Install KoNLPy\n+ .. sourcecode:: bash\n+ pip install konlpy # Python 2.x\n+ pip3.4 install konlpy # Python 3.x\n+3. Install MeCab (*optional*)\n+ .. sourcecode:: bash\n+ sudo yum install curl\n+ bash (curl -s mecab.sh\n+ .. sourcecode:: bash\n+ pip install JPype1 # Python 2.x\n+ pip3 install JPype1-py3 # Python 3.x\n+2. Install KoNLPy\n+ .. sourcecode:: bash\n+ pip install konlpy # Python 2.x\n+ pip3 install konlpy # Python 3.x\n+3. Install MeCab (*optional*)\n+ .. sourcecode:: bash\n+ bash (curl -s mecab.sh\n+1. Does your Python installation s bit version match your Windows OS If you re using a 64 bit Windows you need a 64 bit Python, and if you have a 32 bit Windows, you need a 32 bit Python. Reinstall your Python if your bit versions do not match.\n+2. Do you have a Java of version 1.7 or above installed, that matches your OS bit version If not, download and install a JDK index.html _. Note again, that the bit versions must match.\n+3. Set JAVA_HOME index.html _.\n+4. Download and install the JPype1 ( =0.5.7) _ that matches your bit version: win32 for 32 bit and win-amd64 for 64 bit. You may have to upgrade your pip installing.html _ in order to install the downloaded .whl file.\n+ .. sourcecode:: guess\n+ pip install --upgrade pip\n+ pip install JPype1-0.5.7-cp27-none-win_amd64.whl\n+ .. sourcecode:: guess\n+ pip install konlpy"
  },
  "1f9f419924d03cdd64fafd98f37d38078619912f": {
    "message": "Patch #76",
    "diff": "[jvm.py]\n+import sys\n+ # NOTE: Temporary patch for Issue #76. Erase when possible.\n+ if \n+ and jvmpath.find ( 1.8.0 ) \n+ and jvmpath.endswith ( libjvm.dylib ):\n+ jvmpath = libjli.dylib )[0]"
  },
  "1f870e2628ebf013287c9951c980207bd3f23248": {
    "message": "Update docs: regarding issue #73",
    "diff": "[_kkma.py]\n+ .. warning::\n+ There are reports that Kkma () is weak for long strings with no spaces between words. See issue :issue: 73 for details."
  },
  "6eeacb6c46dddf346dd9df00280dcb72eab8b7cc": {
    "message": "Merge pull request #69 from update_installation_guide\nAdd installation guide for centos6.4",
    "diff": "[install.rst]\n+Centos\n+1. From the command prompt, install KoNLPy (Centos6.4).\n+.. sourcecode:: bash\n+ sudo yum install gcc-c++ java-1.7.0-openjdk-devel\n+ sudo yum install python-devel\n+ wget ez_setup.py # Python 2.x\n+ sudo python ez_setup.py\n+ sudo easy_install pip\n+ sudo pip install konlpy\n+ wget Python-3.4.3.tar.xz # download Python 3.x\n+ tar xf Python-3.* \n+ cd Python-3.*\n+ configure # Prepare compilation\n+ make # Build\n+ sudo make altinstall # Install\n+ pip3.4 install konlpy\n+2. Install MeCab (*optional*)\n+.. sourcecode:: bash\n+ sudo yum install curl\n+ bash (curl -s mecab.sh"
  },
  "ad0309d0d43b5eb229ce6ac87cbbe3f012a1c3a0": {
    "message": "Eliminate import error catch (Regarding issue #59)",
    "diff": "[_hannanum.py]\n+import jpype\n[_kkma.py]\n+import jpype\n[_komoran.py]\n+import jpype"
  },
  "5e8eb97d4bae5b7cd81132c04294b63fa77dd65c": {
    "message": "Fix conditional requirement bug for pip3 (#50)",
    "diff": "[changelog.rst]\n+ Version 0.4.3 v0.4.3 _\n+Released on Feb 27, 2015.\n+- Fix conditional requirement bug for pip3 [:issue: 50 ]\n[__init__.py]\n+__version__ = 0.4.3 \n[setup.py]\n+ def _openreq (reqfile):\n+ with open (os.path.join (os.path.dirname (__file__), reqfile)) as f:\n+ return f.read ().splitlines ()\n+ def _genver (major, minorlist):\n+ return : s or .join ( python_version== s. s (major, i) for i in minorlist)\n+ return {\n+ _genver (2, [6,7]): _openreq ( requirements.txt ),\n+ _genver (3, range (5)): _openreq ( requirements-py3.txt )\n+ }\n+ extras_require=requirements ())"
  },
  "7df91e12910399664f16b7e20cb28ec2f1240ad7": {
    "message": "Merge pull request #49 from gitter-badge\nAdd a Gitter chat badge to README.rst",
    "diff": "[README.rst]\n+.. image:: Join 20Chat.svg\n+ :alt: Join the chat at konlpy\n+ :target: konlpy"
  },
  "9eac2abd469854d3fc9a9045eaea4f40530ecd40": {
    "message": "Add whl file to pypi (#48)",
    "diff": "[Makefile]\n+check:"
  },
  "57da53befd83cf6d3f50a55e973ed9b4c9c4d3d0": {
    "message": "Include requirements-py3.txt in MANIFEST.in (#43)",
    "diff": ""
  },
  "89ba54eede348f3993c2410cf1a26a4290226dfd": {
    "message": "Merge pull request #42 from bash_syntax\nModify bash script syntax",
    "diff": "[mecab.sh]\n+if [ os == Linux ] then\n+elif [ os == Darwin ] then\n+ if [ -x wgetpath ] then\n+ fi"
  },
  "85df1176ac43cc79ed7febf6dffb66609268c772": {
    "message": "Merge pull request #41 from master\nKomoran interface 수정",
    "diff": "[KomoranInterface.java]\n+ if (komoran == null){\n+ }\n+ if (komoran == null){\n+ }"
  },
  "b518e5384a4452976173e462b02dfe6affeefbc6": {
    "message": "Fix #37",
    "diff": "[utils.py]\n+ encoding = sys.stdout.encoding or utf-8 \n+ return (object.encode (encoding), True, False)"
  },
  "f39fa22959cca8ff26bb5fdb3e8a3ef780583463": {
    "message": "Fix #37",
    "diff": "[utils.py]\n+ return (object.encode (sys.stdout.encoding), True, False)"
  },
  "0a37d65aaff15439360c4c76266a406788d76d66": {
    "message": "Merge pull request #26 from patch-1\nUpdate install.po",
    "diff": ""
  },
  "241f2e695b5c9a23fe2bcf1d7e53001a1e3bd0e2": {
    "message": "Fix #25",
    "diff": "[_kkma.py]\n+ print kkma.morphs (u 자주 사용을 안하다보니 모두 까먹은 상태입니다. )"
  },
  "7ec19a3c9097b1e37660eb4fd4e125ea86ec85df": {
    "message": "Fix #19",
    "diff": "[changelog.rst]\n+ Version 0.3.4 v0.3.4 _\n+Version in development.\n+- Change dependency version of mecab-python from 0.993 to 0.996 [:issue: 19 with comments by Yong-woon Lee]\n[__init__.py]\n+__version__ = 0.3.3-dev \n[_mecab.py]\n+import sys\n+ if sys.version_info[0] 3:\n+ phrase = utils.preprocess (phrase).encode ( utf-8 )\n+ result = self.tagger.parse (phrase).decode ( utf-8 )\n+ else:\n+ phrase = utils.preprocess (phrase)\n+ result = self.tagger.parse (phrase)\n[mecab.sh]\n+git clone mecab-python-0.996.git\n+cd mecab-python-0.996\n+python3 setup.py build\n+sudo python3 setup.py install\n[test_mecab.py]\n+ .fixture\n+def mecab_instance ():\n+ from konlpy.tag import Mecab\n+ m = Mecab ()\n+ return m\n+ .fixture\n+def string ():\n+ return u 꽃가마 타고 강남 가자 \n+def test_mecab_pos_43 (mecab_instance, string):\n+ assert mecab_instance.pos (string) \n+ ub9c8 , u NNG ),\n+ ud0c0 , u VV ),\n+ uace0 , u EC ),\n+ ub0a8 , u NNP ),\n+ uac00 , u VV ),\n+ uc790 , u EF ),\n+ (u , u SF )]\n+def test_mecab_morphs (mecab_instance, string):\n+ assert mecab_instance.morphs (string) \n+ ub9c8 ,\n+ ud0c0 ,\n+ uace0 ,\n+ ub0a8 ,\n+ uac00 ,\n+ uc790 ,\n+ u ]\n+def test_mecab_nouns (mecab_instance, string):\n+ assert mecab_instance.nouns (string) \n+ ub9c8 , ub0a8 ]"
  },
  "914e550d9f3cddf48f01e844fe5b5fa3ea3b39fd": {
    "message": "Merge pull request #17 from master\nAdd Python 3 compatibility.",
    "diff": "[conf.py]\n+ preamble : usepackage{kotex} ,\n[collocations.py]\n+print ( nCollocations among tagged words: )\n+print ( nCollocations among words: )\n+print ( nCollocations among tags: )\n[explore.py]\n+print ( nchars : , len (doc))\n+print ( ntokens : , len (doc.split ()))\n+print ( nmorphs : , len (set (pos)))\n+print ( nTop 20 frequent morphemes: ) pprint (cnt.most_common (20))\n+print ( nLocations of 대한민국 in the document: )\n+draw_zipf (cnt.values (), zipf.png )\n[wordcloud.py]\n+import sys\n+if sys.version_info[0] = 3:\n+ urlopen = urllib.request.urlopen\n+else:\n+ urlopen = urllib.urlopen\n+ response = urlopen (url).read ().decode ( utf-8 )\n+print (tags)\n[_hannanum.py]\n+tag_re = + \n+ for opt in list (filter (None, part))[1:]], [])\n+ return [[parse_opt (opt) for opt in list (filter (None, \n[utils.py]\n+import sys\n+if sys.version_info[0] 3:\n+ class UnicodePrinter (pp.PrettyPrinter):\n+ def format (self, object, context, maxlevels, level):\n+ Overrided method to enable Unicode pretty print. \n+ if isinstance (object, unicode):\n+ return (object.encode ( utf8 ), True, False)\n+ return pp.PrettyPrinter.format (self, object, context, maxlevels, level)\n+ print (i, .join (terms[max (0, i-3):i+3]))\n+if sys.version_info[0] 3:\n+ def pprint (obj):\n+ Unicode pretty printer.\n+ .. code-block:: python\n+ import pprint, konlpy\n+ pprint.pprint ([u Print , u 유니코드 , u easily ])\n+ [u Print , ub4dc , u easily ]\n+ konlpy.utils.pprint ([u Print , u 유니코드 , u easily ])\n+ [ Print , 유니코드 , easily ]\n+ return UnicodePrinter ().pprint (obj)\n+else:\n+ pprint = pp.pprint\n+if sys.version_info[0] = 3:\n+ unichr = chr\n[setup.py]\n+import sys\n+ requirements_text = f.read ()\n+ if sys.version_info[0] = 3:\n+ requirements_text = requirements_text.replace ( JPype1 , JPype1-py3 )\n+ return requirements_text.splitlines ()\n[test_utils.py]\n+import sys\n+ if sys.version_info[0] 3:\n+ assert out == u [저는 소프트웨어 관련학과 n \n+ else:\n+ assert out == u [ 저는 소프트웨어 관련학과 n "
  },
  "96708968652c7c247e0ba5e083accf09a4264c6f": {
    "message": "Merge pull request #14 from master\nUpdate references.rst (UMorpheme link fixed)",
    "diff": "[references.rst]\n+- UMorpheme UMorpheme _ (2014) :license: MIT "
  }
}