{
  "25b4727b543145a2ccd6d6be4693c932dbf88d2e": {
    "message": "Merge pull request #470 from master\nfix request image for asset memory leaks",
    "diff": "[QMUIAsset.m]\n+ [[[QMUIAssetsManager sharedInstance] phCachingImageManager] requestImageDataForAsset:_phAsset options:phImageRequestOptions resultHandler: (NSData * _Nullable imageData, NSString * _Nullable dataUTI, UIImageOrientation orientation, NSDictionary * _Nullable info) {\n+ resultImage = [UIImage imageWithData:imageData] \n+ }] ",
    "message_bilingual_indexes": [],
    "diff_bilingual_indexes": []
  },
  "9d8b436fe3b933aebfe3d2be9df2b10d49037df3": {
    "message": "Merge pull request #1 from master\nMerge pull request #468 from master",
    "diff": "",
    "message_bilingual_indexes": [],
    "diff_bilingual_indexes": []
  },
  "90b9c98d51ce71dbab7d8491b9cde71025506eee": {
    "message": "Merge pull request #468 from master\nfix: request image for asset memory leaks",
    "diff": "[QMUIAsset.m]\n+ return [[[QMUIAssetsManager sharedInstance] phCachingImageManager] requestImageDataForAsset:_phAsset options:imageRequestOptions resultHandler: (NSData * _Nullable imageData, NSString * _Nullable dataUTI, UIImageOrientation orientation, NSDictionary * _Nullable info) {\n+ completion ([UIImage imageWithData:imageData], info) ",
    "message_bilingual_indexes": [],
    "diff_bilingual_indexes": []
  },
  "bcd6789d8f9aa2bb50437804d697c5e46ea00286": {
    "message": "Merge pull request #465 from patch-1\n[fix] NSNotFound logic judgment rolled back to the wrong version",
    "diff": "[UITableView+QMUI.m]\n+ } else if (indexPath.row = NSNotFound) {\n+ isIndexPathLegal = indexPath.row rows ",
    "message_bilingual_indexes": [
      1
    ],
    "diff_bilingual_indexes": []
  },
  "088d151b741fd10ce30da8c84057770f3bbbff2f": {
    "message": "Merge pull request #453 from patch-1\nUpdate README.md",
    "diff": "[README.md]\n+ [Launch]/1190261/49869307-041fdf00-fe4b-11e8-8f77-8007317e71c6.gif\n+ [UIColor]/1190261/49869346-1d289000-fe4b-11e8-9e75-00b861f72b2a.gif\n+ [Popup]/1190261/49869336-169a1880-fe4b-11e8-9fab-b3ff8233d562.gif\n+ [MarqueeLabel]/1190261/49869323-100ba100-fe4b-11e8-947c-92082fb4ddd8.gif",
    "message_bilingual_indexes": [],
    "diff_bilingual_indexes": []
  },
  "0725bb2d9fb391ed52591646d7b33ab7c7a5422e": {
    "message": "Merge pull request #436 from patch-2\n[fix] scrollToRowAtIndexPath is valid",
    "diff": "[UITableView+QMUI.m]\n+ } else if (indexPath.row = NSNotFound) {\n+ isIndexPathLegal = indexPath.row rows ",
    "message_bilingual_indexes": [
      1
    ],
    "diff_bilingual_indexes": []
  },
  "e28e682c32161db93cde531c6a07b32eb00f82f1": {
    "message": "Merge pull request #432 from patch-1\n[fix] [UITableView (QMUI) scrollToRowAtIndexPath:atScrollPosition:animated] Insert row for NSNotFound indexPath misunderstands illegal value",
    "diff": "[UITableView+QMUI.m]\n+ isIndexPathLegal = rows 0 indexPath.row rows : indexPath.row == NSNotFound ",
    "message_bilingual_indexes": [
      1
    ],
    "diff_bilingual_indexes": []
  },
  "7b05d2dedd3db1949ffcd92b375353dc3e24c61b": {
    "message": "Merge pull request #389 from Swift\nNullability and Objective-C",
    "diff": "[QMUIAlbumViewController.h]\n++ (nonnull instancetype)appearance \n[QMUIAlbumViewController.m]\n++ (nonnull instancetype)appearance {\n[QMUIImagePickerPreviewViewController.h]\n++ (nonnull instancetype)appearance \n[QMUIImagePickerPreviewViewController.m]\n++ (nonnull instancetype)appearance {\n[QMUIImagePickerViewController.h]\n++ (nonnull instancetype)appearance \n[QMUIImagePickerViewController.m]\n++ (nonnull instancetype)appearance {\n[QMUIAlertController.h]\n++ (nonnull instancetype)actionWithTitle: (nullable NSString *)title style: (QMUIAlertActionStyle)style handler: (nullable void ( ) (__kindof QMUIAlertController *aAlertController, QMUIAlertAction *action))handler \n+- (nonnull instancetype)initWithTitle: (nullable NSString *)title message: (nullable NSString *)message preferredStyle: (QMUIAlertControllerStyle)preferredStyle \n++ (nonnull instancetype)alertControllerWithTitle: (nullable NSString *)title message: (nullable NSString *)message preferredStyle: (QMUIAlertControllerStyle)preferredStyle \n+- (void)addAction: (nonnull QMUIAlertAction *)action \n++ (nonnull instancetype)appearance \n[QMUIAlertController.m]\n++ (nonnull instancetype)actionWithTitle: (nullable NSString *)title style: (QMUIAlertActionStyle)style handler: (void ( ) (__kindof QMUIAlertController *, QMUIAlertAction *))handler {\n+- (nonnull instancetype)init {\n++ (nonnull instancetype)appearance {\n++ (nonnull instancetype)alertControllerWithTitle: (nullable NSString *)title message: (nullable NSString *)message preferredStyle: (QMUIAlertControllerStyle)preferredStyle {\n+- (nonnull instancetype)initWithTitle: (nullable NSString *)title message: (nullable NSString *)message preferredStyle: (QMUIAlertControllerStyle)preferredStyle {\n+- (void)addAction: (nonnull QMUIAlertAction *)action {\n[QMUIDialogViewController.h]\n++ (nonnull instancetype)appearance \n[QMUIDialogViewController.m]\n++ (nonnull instancetype)appearance {\n++ (nonnull instancetype)appearance {\n++ (nonnull instancetype)appearance {\n[QMUIImagePreviewViewController.h]\n++ (nonnull instancetype)appearance \n[QMUIImagePreviewViewController.m]\n++ (nonnull instancetype)appearance {\n[QMUIModalPresentationViewController.h]\n++ (nonnull instancetype)appearance \n[QMUIModalPresentationViewController.m]\n++ (nonnull instancetype)appearance {\n[QMUIMoreOperationController.h]\n++ (nonnull instancetype)appearance \n[QMUIMoreOperationController.m]\n++ (nonnull instancetype)appearance {\n[QMUIToastView.h]\n+- (nonnull instancetype)initWithView: (nonnull UIView *)view NS_DESIGNATED_INITIALIZER \n++ (nullable instancetype)toastInView: (UIView *)view \n[QMUIToastView.m]\n+- (nonnull instancetype)initWithView: (nonnull UIView *)view {\n++ (nullable instancetype)toastInView: (UIView *)view {\n[QMUICommonTableViewController.h]\n+- (nullable instancetype)initWithCoder: (NSCoder *)aDecoder NS_DESIGNATED_INITIALIZER \n[QMUICommonTableViewController.m]\n+- (nullable instancetype)initWithCoder: (NSCoder *)aDecoder {\n[QMUICommonViewController.h]\n+- (nullable instancetype)initWithCoder: (NSCoder *)aDecoder NS_DESIGNATED_INITIALIZER \n[QMUICommonViewController.m]\n+- (nullable instancetype)initWithCoder: (NSCoder *)aDecoder {",
    "message_bilingual_indexes": [],
    "diff_bilingual_indexes": []
  },
  "d9720fc992d3b681de54df1bfaad4e5eb5ac5688": {
    "message": "Merge pull request #321 from fix-bug-for-QMUIMultipleDelegates\nProtecting QMUIMultipleDelegates in methodSignatureForSelector: Returns the situation in which nil may cause a crash",
    "diff": "[QMUIMultipleDelegates.m]\n+ 1562\n+ Unfortunately, in order to get this object to work properly, the use of a method which creates an NSMethodSignature\n+ from a C string. -methodSignatureForSelector is called when a compiled definition for the selector cannot be found.\n+ This is the place where we have to create our own dud NSMethodSignature. This is necessary because if this method\n+ returns nil, a selector not found exception is raised. The string argument to -signatureWithObjCTypes: outlines\n+ the return type and arguments to the message. To return a dud NSMethodSignature, pretty much any signature will\n+ suffice. Since the -forwardInvocation call will do nothing if the delegate does not respond to the selector,\n+ the dud NSMethodSignature simply gets us around the exception.\n+ return [NSMethodSignature signatureWithObjCTypes: v c ] ",
    "message_bilingual_indexes": [
      1
    ],
    "diff_bilingual_indexes": []
  },
  "a0be225d086f7eb1db89a32a2636760b68e5f90f": {
    "message": "fixed #270 1. adding several QMUIDialogViewController UI properties 2. fixing a problem with the default error QMUIDialogViewController.buttonBackgroundColor added in version 2.2.2 that caused the dialog text of the ViewController button to be invisible for the application of the default style",
    "diff": "[QMUIDialogViewController.h]\n+ QMUILabel \n+ (nonatomic, assign) UIEdgeInsets dialogViewMargins UI_APPEARANCE_SELECTOR \n+ (nonatomic, strong) UIColor *headerSeparatorColor UI_APPEARANCE_SELECTOR \n+ (nonatomic, assign) UIEdgeInsets contentViewMargins UI_APPEARANCE_SELECTOR \n+ (nonatomic, strong) UIColor *footerSeparatorColor UI_APPEARANCE_SELECTOR \n+ (nonatomic, copy) NSString *textFieldTitle Enter box title\n+ (nonatomic, strong, readonly) QMUILabel *textFieldLabel \n+ (nonatomic, strong, readonly) CALayer *textFieldSeparatorLayer \n[QMUIDialogViewController.m]\n+#import QMUILabel.h \n+ dialogViewControllerAppearance.dialogViewMargins = UIEdgeInsetsMake (20, 20, 20) will fit the safeAreaInsets for iPhone X in the didInitialized instance\n+ dialogViewControllerAppearance.maximumContentViewWidth = [QMUIHelper screenSizeFor55Inch].width - UIEdgeInsetsGetHorizontalValue (dialogViewControllerAppearance.dialogViewMargins) \n+ dialogViewControllerAppearance.headerSeparatorColor = UIColorMake (222, 224, 226) \n+ dialogViewControllerAppearance.contentViewMargins = UIEdgeInsetsZero \n+ dialogViewControllerAppearance.footerSeparatorColor = UIColorMake (222, 224, 226) \n+ dialogViewControllerAppearance.buttonBackgroundColor = nil \n+ self.dialogViewMargins = UIEdgeInsetsConcat ([QMUIDialogViewController appearance].dialogViewMargins, IPhoneXSafeAreaInsets) \n+ self.headerSeparatorColor = [QMUIDialogViewController appearance].headerSeparatorColor \n+ self.contentViewMargins = [QMUIDialogViewController appearance].contentViewMargins \n+ self.footerSeparatorColor = [QMUIDialogViewController appearance].footerSeparatorColor \n+ self.titleView.verticalTitleFont = titleLabelFont \n+ self.titleView.verticalSubtitleFont = subTitleLabelFont \n+- (void)setHeaderSeparatorColor: (UIColor *)headerSeparatorColor {\n+ _headerSeparatorColor = headerSeparatorColor \n+ self.headerViewSeparatorLayer.backgroundColor = headerSeparatorColor.CGColor \n+}\n+- (void)setFooterSeparatorColor: (UIColor *)footerSeparatorColor {\n+ _footerSeparatorColor = footerSeparatorColor \n+ self.footerViewSeparatorLayer.backgroundColor = footerSeparatorColor.CGColor \n+ self.buttonSeparatorLayer.backgroundColor = footerSeparatorColor.CGColor \n+ self.headerViewSeparatorLayer.backgroundColor = self.headerSeparatorColor.CGColor \n+ self.headerViewSeparatorLayer.frame = CGRectFlatMake (0, self.headerViewHeight, CGRectGetWidth (self.view.bounds), PixelOne) \n+ CGFloat contentViewMinY = CGRectGetMaxY (self.headerView.frame) + self.contentViewMargins.top \n+ CGFloat contentViewHeight = (isFooterViewShowing CGRectGetMinY (self.footerView.frame) - self.contentViewMargins.bottom : CGRectGetHeight (self.view.bounds)) - contentViewMinY \n+ self.contentView.frame = CGRectMake (self.contentViewMargins.left, contentViewMinY, CGRectGetWidth (self.view.bounds) - UIEdgeInsetsGetHorizontalValue (self.contentViewMargins), contentViewHeight) \n+ self.footerViewSeparatorLayer.backgroundColor = self.footerSeparatorColor.CGColor \n+ modalPresentationViewController.contentViewMargins = self.dialogViewMargins \n+ CGFloat footerHeight = isFooterViewShowing self.footerViewHeight : 0 \n+ CGFloat contentViewVerticalMargin = UIEdgeInsetsGetVerticalValue (self.contentViewMargins) \n+ CGSize contentViewLimitSize = CGSizeMake (limitSize.width, limitSize.height - self.headerViewHeight - contentViewVerticalMargin - footerHeight) \n+ CGSize finalSize = CGSizeMake (fmin (limitSize.width, contentViewSize.width), fmin (limitSize.height, self.headerViewHeight + contentViewSize.height + contentViewVerticalMargin + footerHeight)) \n+ CGFloat tableViewMinY = CGRectGetMaxY (self.headerView.frame) + self.contentViewMargins.top \n+ CGFloat tableViewHeight = CGRectGetHeight (self.view.bounds) - tableViewMinY - ( self.footerView.hidden (CGRectGetHeight (self.footerView.bounds) + self.contentViewMargins.bottom) : 0) \n+ self.tableView.frame = CGRectMake (self.contentViewMargins.left, tableViewMinY, CGRectGetWidth (self.view.bounds) - UIEdgeInsetsGetHorizontalValue (self.contentViewMargins), tableViewHeight) \n+ CGFloat contentViewVerticalMargin = UIEdgeInsetsGetVerticalValue (self.contentViewMargins) \n+ CGFloat footerHeight = self.footerView.hidden CGRectGetHeight (self.footerView.frame) : 0 \n+ CGFloat tableViewLimitHeight = limitSize.height - CGRectGetHeight (self.headerView.frame) - footerHeight - contentViewVerticalMargin \n+ return CGSizeMake (limitSize.width, CGRectGetHeight (self.headerView.frame) + finalTableViewHeight + contentViewVerticalMargin + footerHeight) \n+ (nonatomic, strong, readwrite) QMUILabel *textFieldLabel \n+ (nonatomic, strong, readwrite) CALayer *textFieldSeparatorLayer \n+ (nonatomic, strong, readwrite) QMUITextField *textField \n+ self.textFieldLabel = [[QMUILabel alloc] init] \n+ self.textFieldLabel.font = UIFontBoldMake (12) \n+ self.textFieldLabel.contentEdgeInsets = UIEdgeInsetsMake (11, 16, 8, 16) \n+ self.textFieldLabel.text = \n+ self.textFieldLabel.hidden = YES \n+ [self.view addSubview:self.textFieldLabel] \n+ self.textFieldSeparatorLayer = [CALayer layer] \n+ [self.textFieldSeparatorLayer qmui_removeDefaultAnimations] \n+ self.textFieldSeparatorLayer.backgroundColor = UIColorSeparator.CGColor \n+ [self.view.layer addSublayer:self.textFieldSeparatorLayer] \n+ CGFloat minY = CGRectGetMaxY (self.headerView.frame) + self.contentViewMargins.top \n+ CGFloat horizontalMargin = UIEdgeInsetsGetHorizontalValue (self.contentViewMargins) \n+ CGFloat widthLimit = CGRectGetWidth (self.view.bounds) - horizontalMargin \n+ CGFloat separatorOffsetY = 13.0 \n+ if ( self.textFieldLabel.hidden) {\n+ [self.textFieldLabel sizeToFit] \n+ self.textFieldLabel.frame = CGRectMake (self.contentViewMargins.left, minY, widthLimit, CGRectGetHeight (self.textFieldLabel.bounds)) \n+ minY += CGRectGetHeight (self.textFieldLabel.bounds) \n+ }\n+ CGFloat textFieldHeight = 0 \n+ if (self.footerView.hidden) {\n+ textFieldHeight = CGRectGetHeight (self.view.bounds) - self.contentViewMargins.bottom - minY \n+ } else {\n+ textFieldHeight = CGRectGetMinY (self.footerView.frame) - self.contentViewMargins.bottom - minY \n+ }\n+ self.textField.frame = CGRectMake (self.contentViewMargins.left, minY, widthLimit, textFieldHeight) \n+ self.textFieldSeparatorLayer.frame = CGRectMake (self.contentViewMargins.left + self.textField.textInsets.left, CGRectGetMaxY (self.textField.frame) - PixelOne + separatorOffsetY, widthLimit - self.textField.textInsets.left - self.textField.textInsets.right, PixelOne) \n+#pragma mark - Setters\n+- (void)setTextFieldTitle: (NSString *)textFieldTitle {\n+ _textFieldTitle = textFieldTitle \n+ if (textFieldTitle.length 0) {\n+ self.textFieldLabel.hidden = NO \n+ self.textFieldLabel.text = textFieldTitle \n+ } else {\n+ self.textFieldLabel.hidden = YES \n+ }\n+ [self.view setNeedsLayout] \n+}\n+ CGFloat textFieldHeight = self.textFieldLabel.hidden 56.0 : 25.0 25.0 Offsetoffset caused by line height\n+ CGFloat textFieldTitleHeight = 29.0 \n+ return CGSizeMake (limitSize.width, CGRectGetHeight (self.headerView.frame) + UIEdgeInsetsGetVerticalValue (self.contentViewMargins) + ( self.textFieldLabel.hidden textFieldTitleHeight : 0) + textFieldHeight + ( self.footerView.hidden CGRectGetHeight (self.footerView.frame) : 0)) ",
    "message_bilingual_indexes": [
      0
    ],
    "diff_bilingual_indexes": [
      6,
      11,
      90
    ]
  },
  "aeabecfe2c9e7e18ca7130783e1ed456e0909ab3": {
    "message": "fixed #268 After activating the QMUINavigationControllerDelegate customNavigationBarTransition function, vc.qmui_navigationBarMaxYInViewCoordinator caused a layout jump at pop",
    "diff": "[UIViewController+QMUI.m]\n+ (nonatomic, strong) UINavigationBar by molice corresponds to the transitionNavigationBar in the UIViewController (NavigationBarTransition), so that this property can be accessed here, a little hack, please see specifically 268\n+ Why should you consider the transitionNavigationBar, please refer to 268\n+ UINavigationBar *navigationBar = self.navigationController.navigationBarHidden self.navigationController.navigationBar self.navigationController.navigationBar : ([self respondsToSelector: (transitionNavigationBar)] self.transitionNavigationBar self.transitionNavigationBar : nil) \n+ if ( navigationBar) {\n+ CGRect navigationBarFrameInView = [self.view convertRect:navigationBar.frame fromView:navigationBar.superview] ",
    "message_bilingual_indexes": [
      0
    ],
    "diff_bilingual_indexes": [
      1,
      2
    ]
  },
  "1613a08a7d0d4cc8396fbf7c66492076625094ae": {
    "message": "fixed #264 1. Configuration tables are changed to run automatically when the app starts 2. Add QMUIConfigurationTemplateProtocol the ability to specify the configuration tables",
    "diff": "[QMUIConfigurationTemplate.h]\nQMUIConfigurationTemplate is a configuration table used in conjunction with QMUIConfiguration to manage the global style of the entire App.\n* Find the QMUIConfiguration Template directory in the QMUI project code folder, copy all the files in it to your own project to ensure that they can be compiled, without importing anywhere or running manually.\nWhen updating a version of QMUIKit, pay attention to whether there are reminders in the Release Log to update the configuration table, and try to keep the configuration in your project consistent with the configuration in QMUIKit to avoid missing out the new properties.\n+ * The class name of the configuration table must begin with QMUIConfigurationTemplate and implement the QMUIConfigurationTemplateProtocol, as these are both conditions for QMUI to recognize whether the NSObject is a configuration table.\nAfter QMUI 2.3.0, the configuration tab is changed to automatic and no longer needs to run manually anywhere.\n+ QMUIConfigurationTemplate : NSObject QMUIConfigurationTemplateProtocol \n[QMUIConfigurationTemplate.m]\n+#pragma mark - QMUIConfigurationTemplateProtocol \n+- (void)applyConfigurationTemplate {\n+ QMUICMI.navBarBackIndicatorImage = nil NavBarBackIndicatorImage : The image of the return button in the navigation bar requires the image size to be (13, 21) and is automatically adjusted if the size is inconsistent to ensure the image layout is the same as the return button in the system.\n+// In QMUI version 2.3.0, this method is added to the configuration table, returning YES to automatically apply the configuration table when the app starts. Only if there are multiple configuration tables in your app, you need to change the return value of any other configuration table other than the default configuration table to NO.\n+- (BOOL)shouldApplyTemplateAutomatically {\n+ return YES \n+}\n[QMUIConfiguration.h]\n+/// All configuration tables should implement protocols\n+ QMUIConfigurationTemplateProtocol NSObject \n+/// Apply the configuration table\n+- (void)applyConfigurationTemplate \n+/// When YES is returned, QMUIConfiguration automatically applies this configuration table when the app is launched, but the configuration that is automatically applied when the app is launched only allows up to one copy, and others are ignored if multiple, requiring manual application at certain times\n+- (BOOL)shouldApplyTemplateAutomatically \n+- (void)applyInitialTemplate \n[QMUIConfiguration.m]\n+#import runtime.h \n+ static QMUIConfiguration *sharedInstance \n+static BOOL QMUI_hasAppliedInitialTemplate \n+- (void)applyInitialTemplate {\n+ if (QMUI_hasAppliedInitialTemplate) {\n+ return \n+ }\n+ Explanation of automatic search and application of templates see here 264\n+ Protocol *protocol = (QMUIConfigurationTemplateProtocol) \n+ int numberOfClasses = objc_getClassList (NULL, 0) \n+ if (numberOfClasses 0) {\n+ Class *classes = (__unsafe_unretained Class *)malloc (sizeof (Class) * numberOfClasses) \n+ numberOfClasses = objc_getClassList (classes, numberOfClasses) \n+ for (int i = 0 i numberOfClasses i++) {\n+ Class class = classes[i] \n+ if ([NSStringFromClass (class) hasPrefix: QMUIConfigurationTemplate ] [class conformsToProtocol:protocol]) {\n+ if ([class instancesRespondToSelector: (shouldApplyTemplateAutomatically)]) {\n+ id QMUIConfigurationTemplateProtocol template = [[class alloc] init] \n+ if ([template shouldApplyTemplateAutomatically]) {\n+ QMUI_hasAppliedInitialTemplate = YES \n+ [template applyConfigurationTemplate] \nApply only the first shouldApplyTemplateAutomatically theme\n+ break \n+ }\n+ }\n+ }\n+ }\n+ free (classes) \n+ }\n+ QMUI_hasAppliedInitialTemplate = YES \n+}\n+ _navBarBackIndicatorImage = [[_navBarBackIndicatorImage qmui_imageWithSpacingExtensionInsets:UIEdgeInsetsMake (imageExtensionVerticalFloat,\n+ 0,\n+ imageExtensionVerticalFloat,\n+ systemBackIndicatorImageSize.width - customBackIndicatorImageSize.width)] imageWithRenderingMode:_navBarBackIndicatorImage.renderingMode] \n[QMUIConfigurationMacros.h]\n+#define QMUICMI ({[[QMUIConfiguration sharedInstance] applyInitialTemplate] [QMUIConfiguration sharedInstance] })",
    "message_bilingual_indexes": [
      0
    ],
    "diff_bilingual_indexes": [
      1,
      2,
      3,
      4,
      5,
      10,
      11,
      16,
      18,
      20,
      31,
      45
    ]
  },
  "c96c2431020acbcd06cf0ec11caf4cc18de05c42": {
    "message": "fixed #263 Add QMUICellHeightCache_UITableViewDelegate for outside notification when safeAreaInsetsDidChange in QMUICellHeightCache",
    "diff": "[QMUITableViewProtocols.h]\n+ QMUICellHeightCache_UITableViewDataSource\n+/// Used with QMUICellHeightCache, this method must be implemented for UITableView if the height calculation method is used with QMUICellHeightCache.\n+ QMUICellHeightCache_UITableViewDelegate\n+/// Used with QMUICellHeightCache, notifications are sent out by this method after UITableView safeAreaInsetsChange.\n+- (void)qmui_willReloadAfterSafeAreaInsetsDidChangeInTableView: (UITableView *)tableView \n+ QMUITableViewDelegate UITableViewDelegate, QMUICellHeightCache_UITableViewDelegate \n+ QMUITableViewDataSource UITableViewDataSource, QMUICellHeightCache_UITableViewDataSource \n[UITableView+QMUIStaticCell.m]\n+ static dispatch_once_t onceToken \n+ dispatch_once ( onceToken, {\n+ ReplaceMethod ([UITableView class], (setDataSource:), (staticCell_setDataSource:)) \n+ ReplaceMethod ([UITableView class], (setDelegate:), (staticCell_setDelegate:)) \n+ }) ",
    "message_bilingual_indexes": [
      0
    ],
    "diff_bilingual_indexes": [
      2,
      4
    ]
  },
  "1bf181f4bf01aaee454cd0aa8b60886991280073": {
    "message": "fixed #263 Fixed UIView (QMUI).qmui_safeAreaInsetsBeforeChange property was invalid on UITableView (QMUI), causing QMUICellHeightCache to fail to properly reloadData when safeAreaInsetsDidChange, causing a problem with list cell error height.",
    "diff": "[QMUICellHeightCache.h]\n+ (nonatomic, assign) BOOL automaticallyInvalidateEnabled \n+ (nonatomic, strong, readonly) QMUICellHeightKeyCache *qmui_keyedHeightCache \n+ (nonatomic, strong, readonly) QMUICellHeightIndexPathCache *qmui_indexPathHeightCache \n+ (nonatomic, strong, readonly) QMUICellHeightKeyCache *qmui_keyedHeightCache \n+ (nonatomic, strong, readonly) QMUICellHeightIndexPathCache *qmui_indexPathHeightCache \n[QMUICellHeightCache.m]\n+ static dispatch_once_t onceToken \n+ dispatch_once ( onceToken, {\n+ SEL selectors[] = {\n+ (reloadData),\n+ (insertSections:withRowAnimation:),\n+ (deleteSections:withRowAnimation:),\n+ (reloadSections:withRowAnimation:),\n+ (moveSection:toSection:),\n+ (insertRowsAtIndexPaths:withRowAnimation:),\n+ (deleteRowsAtIndexPaths:withRowAnimation:),\n+ (reloadRowsAtIndexPaths:withRowAnimation:),\n+ (moveRowAtIndexPath:toIndexPath:)\n+ } \n+ for (NSUInteger index = 0 index sizeof (selectors) sizeof (SEL) ++index) {\n+ SEL originalSelector = selectors[index] \n+ SEL swizzledSelector = NSSelectorFromString ([ qmui_ stringByAppendingString:NSStringFromSelector (originalSelector)]) \n+ ReplaceMethod ([self class], originalSelector, swizzledSelector) \n+ }\n+ if ( (iOS 11, *)) {\n+ ReplaceMethod ([self class], (safeAreaInsetsDidChange), (cellHeightCache_safeAreaInsetsDidChange)) \n+ }\n+ }) \n+- (void)cellHeightCache_safeAreaInsetsDidChange {\n+ [self cellHeightCache_safeAreaInsetsDidChange] \n+ if ([self.delegate respondsToSelector: (qmui_willReloadAfterSafeAreaInsetsDidChangeInTableView:)]) {\n+ id QMUICellHeightCache_UITableViewDelegate delegate = (id QMUICellHeightCache_UITableViewDelegate )self.delegate \n+ [delegate qmui_willReloadAfterSafeAreaInsetsDidChangeInTableView:self] \n+ }\n+ id QMUICellHeightCache_UITableViewDataSource dataSource = (id QMUICellHeightCache_UITableViewDataSource )self.dataSource \n[UIView+QMUI.m]\n+ [self qmui_safeAreaInsetsDidChange] ",
    "message_bilingual_indexes": [
      0
    ],
    "diff_bilingual_indexes": []
  },
  "7c5d268ed205d9a9d94edf250782a9f9f45a3681": {
    "message": "fixed #261 Fix QMUINavigationController when presentdViewController was pushed after the isViewControllerTransiting signpost was not properly reset, causing all subsequent pushs to be blocked by a bug",
    "diff": "[QMUINavigationController.m]\n+ Adding a presentedViewController as a judgment condition is because this 261\n+ if ( self.presentedViewController animated) {\n+ if (self.presentedViewController) {\nQMUILogInfo (NavigationController has a presentedViewController on top when push, which may cause some UINavigationControllerDelegate not to be called)\n+ }",
    "message_bilingual_indexes": [
      0
    ],
    "diff_bilingual_indexes": [
      1,
      4
    ]
  },
  "ca92e3b97442687cfc81303dec86bd4d3971b7db": {
    "message": "Merge pull request #228 from master\nFixed When using xib storyboard, the button and label size display error",
    "diff": "[QMUIButton.m]\n+- (CGSize)intrinsicContentSize {\n+ return [self sizeThatFits:CGSizeMake (CGFLOAT_MAX, CGFLOAT_MAX)] \n+}\n[QMUILabel.m]\n+- (CGSize)intrinsicContentSize {\n+ CGFloat preferredMaxLayoutWidth = self.preferredMaxLayoutWidth \n+ if (preferredMaxLayoutWidth = 0) {\n+ preferredMaxLayoutWidth = CGFLOAT_MAX \n+ }\n+ return [self sizeThatFits:CGSizeMake (preferredMaxLayoutWidth, CGFLOAT_MAX)] \n+}",
    "message_bilingual_indexes": [
      1
    ],
    "diff_bilingual_indexes": []
  },
  "e0f5887cae095bc69924fc50eb22276d7ca5babe": {
    "message": "UIView convertRect:fromView: Conversion error may cause crash in iOS 8",
    "diff": "[QMUICommonDefines.h]\n+/// The CGRectIsInfinite interface provided by the system can only determine the situation of CGRectInfinite, which can be used to determine the value of INFINITY\n+CG_INLINE BOOL\n+CGRectIsInf (CGRect rect) {\n+ return isinf (rect.origin.x) isinf (rect.origin.y) isinf (rect.size.width) isinf (rect.size.height) \n+}\n+/// Determine whether a CGRect is legal, for example, with no infinite value, no illegal number\n+ return CGRectIsNull (rect) CGRectIsInfinite (rect) CGRectIsNaN (rect) CGRectIsInf (rect) \n[UIViewController+QMUI.m]\n+ CGRect navigationBarFrameInView = [self.view convertRect:self.navigationController.navigationBar.frame fromView:self.navigationController.navigationBar.superview] \n+ if (IOS_VERSION 9.0) {\n+ iOS 8 using the above method to convert the x = 1408 iPad side screen, I don't know why, temporarily considered a system bug, so this time to convert to the window coordinates.\n+ navigationBarFrameInView = [self.view convertRect:self.navigationController.navigationBar.frame fromView:nil] \n+ }\n+ CGRect navigationBarFrame = CGRectIntersection (self.view.bounds, navigationBarFrameInView) \n+ Two rect If there is no intersection, the CGRectIntersection calculation may be illegal rect, so here is a protection\n+ if ( CGRectIsValidated (navigationBarFrame)) {\n+ return 0 \n+ }\n+ Two rect If there is no intersection, the CGRectIntersection calculation may be illegal rect, so here is a protection\n+ if ( CGRectIsValidated (toolbarFrame)) {\n+ return 0 \n+ }",
    "message_bilingual_indexes": [
      0
    ],
    "diff_bilingual_indexes": [
      1,
      6,
      11,
      15,
      19
    ]
  },
  "91381d7b8c83882982510e4ec78ca6fab6ff54c0": {
    "message": "Merge pull request #222 from master\nRepair Agent Feedback calls multiple problems, modifying Handler's Feedback Timing for AlertAction",
    "diff": "[QMUIAlertController.m]\n+/ Return to Block\n+// if (self.handler) {\n+// self.handler (self) \n+// }\n+ if ([weakSelf.delegate respondsToSelector: (willShowAlertController:)]) {\n+ [weakSelf.delegate willShowAlertController:weakSelf] \n+ }\n+ if ([weakSelf.delegate respondsToSelector: (didShowAlertController:)]) {\n+ [weakSelf.delegate didShowAlertController:weakSelf] \n+ }\n+ if ([weakSelf.delegate respondsToSelector: (willShowAlertController:)]) {\n+ [weakSelf.delegate willShowAlertController:weakSelf] \n+ }\n+ if ([weakSelf.delegate respondsToSelector: (didShowAlertController:)]) {\n+ [weakSelf.delegate didShowAlertController:weakSelf] \n+ }\n+ if ([weakSelf.delegate respondsToSelector: (willHideAlertController:)]) {\n+ [weakSelf.delegate willHideAlertController:weakSelf] \n+ }\n+ if ([weakSelf.delegate respondsToSelector: (didHideAlertController:)]) {\n+ [weakSelf.delegate didHideAlertController:weakSelf] \n+ }\n+ if ([weakSelf.delegate respondsToSelector: (didHideAlertController:)]) {\n+ [weakSelf.delegate didHideAlertController:weakSelf] \n+ }\n+- (void)hideWithAnimated: (BOOL)animated{\n+ [self hideWithAnimated:animated completion:nil] \n+}\n+- (void)hideWithAnimated: (BOOL)animated completion: (void ( ) (void))completion{\n+ if (completion) {\n+ completion () \n+ }\n+ [self hideWithAnimated:YES completion:nil] \n+ [self hideWithAnimated:YES completion: {\n+ if (alertAction.handler) {\n+ alertAction.handler (alertAction) \n+ alertAction.handler = nil \n+ }\n+ }] \n+ [self hideWithAnimated:NO completion:nil] ",
    "message_bilingual_indexes": [
      1
    ],
    "diff_bilingual_indexes": [
      1
    ]
  },
  "1276a7d7988160ec3d8025767b37bbfd61e7cb77": {
    "message": "update: optimize the code of creating image by path url #197",
    "diff": "[QMUIAssetsManager.h]\n+#define EnforceUseAssetsLibraryForTest NO must also use ALAssetsLibrary in iOS 8.0 and above for debugging\n+/// Save the image to the specified album Input UIImage, which is a C method, with the system ALAssetsLibrary to save the image C method UIImageWriteToSavedPhotosAlbum corresponds, easy to call\n+/// Save the image to the specified album Enter the image path, the method is a C method\n+extern void QMUISaveImageAtPathToSavedPhotosAlbumWithAlbumAssetsGroup (NSString *imagePath, QMUIAssetsGroup *albumAssetsGroup, QMUIWriteAssetCompletionBlock completionBlock) \n[QMUIAssetsManager.m]\n+void QMUISaveImageAtPathToSavedPhotosAlbumWithAlbumAssetsGroup (NSString *imagePath, QMUIAssetsGroup *albumAssetsGroup, QMUIWriteAssetCompletionBlock completionBlock) {\n+ albumAssetsGroup:assetGroup\n+ orientation:orientation\n+ completionBlock: (NSURL *assetURL, NSError *error) {\n+ [_alAssetsLibrary assetForURL:assetURL\n+ resultBlock: (ALAsset *asset) {\n+ QMUIAsset *resultAsset = [[QMUIAsset alloc] initWithALAsset:asset] \n+ completionBlock (resultAsset, error) \n+ } failureBlock: (NSError *error) {\n+ QMUILog ( Get ALAsset of image error : , error) \n+ completionBlock (nil, error) \n+ }] \n+ }] \n+ albumAssetsGroup:assetsGroup\n+ completionBlock: (NSURL *assetURL, NSError *error) {\n+ [_alAssetsLibrary assetForURL:assetURL\n+ resultBlock: (ALAsset *asset) {\n+ QMUIAsset *resultAsset = [[QMUIAsset alloc] initWithALAsset:asset] \n+ completionBlock (resultAsset, error) \n+ } failureBlock: (NSError *error) {\n+ QMUILog ( Get ALAsset of video error: , error) \n+ completionBlock (nil, error) \n+ }] \n+ }] \n+ [[PHPhotoLibrary sharedPhotoLibrary] addImageToAlbum:targetImage imagePathURL:nil albumAssetCollection:albumAssetCollection completionHandler:completionHandler] \n+}\n+- (void)addImageToAlbum: (NSURL *)imagePathURL albumAssetCollection: (PHAssetCollection *)albumAssetCollection completionHandler: (void ( ) (BOOL success, NSDate *creationDate, NSError *error))completionHandler {\n+ [[PHPhotoLibrary sharedPhotoLibrary] addImageToAlbum:nil imagePathURL:imagePathURL albumAssetCollection:albumAssetCollection completionHandler:completionHandler] \n+- (void)addImageToAlbum: (UIImage *)image imagePathURL: (NSURL *)imagePathURL albumAssetCollection: (PHAssetCollection *)albumAssetCollection completionHandler: (void ( ) (BOOL success, NSDate *creationDate, NSError *error))completionHandler {\n+ PHAssetChangeRequest *assetChangeRequest \n+ if (image) {\n+ assetChangeRequest = [PHAssetChangeRequest creationRequestForAssetFromImage:image] \n+ } else if (imagePathURL) {\n+ assetChangeRequest = [PHAssetChangeRequest creationRequestForAssetFromImageAtFileURL:imagePathURL] \n+ } else {\n+ QMUILog ( Creating asset with empty data ) \n+ return \n+ }\n+ BOOL creatingSuccess = success creationDate If the creation time is nil, it indicates that the incoming resources in performChanges are empty, so it is necessary to determine whether performChanges performs successfully and whether the resources have time to create.\n+ completionHandler (creatingSuccess, creationDate, error) \n+ if (completionBlock) {\n+ completionBlock (assetURL, error) \n+ }\n+ }] \n+ albumAssetsGroup:albumAssetsGroup",
    "message_bilingual_indexes": [],
    "diff_bilingual_indexes": [
      1,
      2,
      3,
      44
    ]
  },
  "49afd65768484636191fd647df37acde8aaf8361": {
    "message": "Merge pull request #197 from master\nAllows QMUIAssetsManager to use the local path of the image to save to the system albums",
    "diff": "[QMUIAssetsManager.h]\n+#define EnforceUseAssetsLibraryForTest NO must also use ALAssetsLibrary on iOS 8.0 or later for debugging\n+/// Save the image to a specified album, the method is a C method, with the system ALAssetsLibrary Save the image C method UIImageWriteToSavedPhotosAlbum corresponds, easy to call\n+/// Save the image to a specified album, this method is a C method, easy to call\n+extern void QMUIImageAtPathWriteToSavedPhotosAlbumWithAlbumAssetsGroup (NSString *imagePath, QMUIAssetsGroup *albumAssetsGroup, QMUIWriteAssetCompletionBlock completionBlock) \n+/// Save the video to a specified album, the method is a C method, with the system ALAssetsLibrary to save the image C method UISaveVideoAtPathToSavedPhotosAlbum corresponds, easy to call\n+- (void)saveImageWithImagePathURL: (NSURL *)imagePathURL albumAssetsGroup: (QMUIAssetsGroup *)albumAssetsGroup completionBlock: (QMUIWriteAssetCompletionBlock)completionBlock \n+/// Force to refresh the ALAssetsLibrary in a single case, but when your album resources change Create or delete the album You can manually call this method to update in time\n+- (void)addImageToAlbum: (NSURL *)imagePathURL albumAssetCollection: (PHAssetCollection *)albumAssetCollection completionHandler: (void ( ) (BOOL success, NSDate *creationDate, NSError *error))completionHandler \n+- (void)writeImageAtPathToSavedPhotosAlbum: (NSURL *)imagePathURL albumAssetsGroup: (ALAssetsGroup *)albumAssetsGroup completionBlock: (ALAssetsLibraryWriteImageCompletionBlock)completionBlock \n[QMUIAssetsManager.m]\n+void QMUIImageAtPathWriteToSavedPhotosAlbumWithAlbumAssetsGroup (NSString *imagePath, QMUIAssetsGroup *albumAssetsGroup, QMUIWriteAssetCompletionBlock completionBlock) {\n+ [[QMUIAssetsManager sharedInstance] saveImageWithImagePathURL:[NSURL fileURLWithPath:imagePath] albumAssetsGroup:albumAssetsGroup completionBlock:completionBlock] \n+}\n+- (void)saveImageWithImagePathURL: (NSURL *)imagePathURL albumAssetsGroup: (QMUIAssetsGroup *)albumAssetsGroup completionBlock: (QMUIWriteAssetCompletionBlock)completionBlock {\n+ if (_usePhotoKit) {\n+ PHAssetCollection *albumPhAssetCollection = albumAssetsGroup.phAssetCollection \n+ Add images to the PHAssetCollection corresponding to the specified album\n+ [[PHPhotoLibrary sharedPhotoLibrary] addImageToAlbum:imagePathURL\n+ albumAssetCollection:albumPhAssetCollection\n+ completionHandler: (BOOL success, NSDate *creationDate, NSError *error) {\n+ if (success) {\n+ PHFetchOptions *fetchOptions = [[PHFetchOptions alloc] init] \n+ fetchOptions.predicate = [NSPredicate predicateWithFormat: creationDate = , creationDate] \n+ PHFetchResult *fetchResult = [PHAsset fetchAssetsInAssetCollection:albumPhAssetCollection options:fetchOptions] \n+ PHAsset *phAsset = fetchResult.lastObject \n+ QMUIAsset *asset = [[QMUIAsset alloc] initWithPHAsset:phAsset] \n+ completionBlock (asset, error) \n+ } else {\n+ QMUILog ( Get PHAsset of image error: , error) \n+ completionBlock (nil, error) \n+ }\n+ }] \n+ } else {\n+ ALAssetsGroup *assetGroup = albumAssetsGroup.alAssetsGroup \n+ [_alAssetsLibrary writeImageAtPathToSavedPhotosAlbum:imagePathURL albumAssetsGroup:assetGroup completionBlock: (NSURL *assetURL, NSError *error) {\n+ [_alAssetsLibrary assetForURL:assetURL\n+ resultBlock: (ALAsset *asset) {\n+ QMUIAsset *resultAsset = [[QMUIAsset alloc] initWithALAsset:asset] \n+ completionBlock (resultAsset, error) \n+ } failureBlock: (NSError *error) {\n+ QMUILog ( Get ALAsset of image error : , error) \n+ completionBlock (nil, error) \n+ }] \n+ }] \n+ }\n+}\n+- (void)addImageToAlbum: (NSURL *)imagePathURL albumAssetCollection: (PHAssetCollection *)albumAssetCollection completionHandler: (void ( ) (BOOL, NSDate *, NSError *))completionHandler {\n+ __block NSDate *creationDate = nil \n+ [self performChanges: {\n+ Create a new PHAsset that generates a picture, when the image has been added to the \"camera film\"\n+ PHAssetChangeRequest *assetChangeRequest = [PHAssetChangeRequest creationRequestForAssetFromImageAtFileURL:imagePathURL] \n+ assetChangeRequest.creationDate = [NSDate date] \n+ creationDate = assetChangeRequest.creationDate \n+ if (albumAssetCollection.assetCollectionType == PHAssetCollectionTypeAlbum) {\n+ If the incoming album type is the standard album, not \"smart album\" and \"moment\", add the newly created Asset to the incoming album.\nCreate a request to change PHAssetCollection and specify the corresponding PHAssetCollection for the album\n+ PHAssetCollectionChangeRequest *assetCollectionChangeRequest = [PHAssetCollectionChangeRequest changeRequestForAssetCollection:albumAssetCollection] \n+ **\nAdding PHAsset to the corresponding PHAssetCollection, the method recommended by the system is to call placeholderForCreatedAsset.\n+ * Returns a placeholder to replace the newly created PHAsset reference and adds that reference to a PHAssetCollectionChangeRequest.\n+ [assetCollectionChangeRequest addAssets: [[assetChangeRequest placeholderForCreatedAsset]]] \n+ }\n+ } completionHandler: (BOOL success, NSError *error) {\n+ if ( success) {\n+ QMUILog ( Creating asset of image error : , error) \n+ }\n+ if (completionHandler) {\n+ **\n+ * performChanges:completionHandler is not executed in the main thread, if the user has some problems when operating the UI in that block,\nTo avoid this, the block is actively placed in the main thread.\n+ dispatch_async (dispatch_get_main_queue (), {\n+ completionHandler (success, creationDate, error) \n+ }) \n+ }\n+ }] \n+}\n+- (void)writeImageAtPathToSavedPhotosAlbum: (NSURL *)imagePathURL albumAssetsGroup: (ALAssetsGroup *)albumAssetsGroup completionBlock: (ALAssetsLibraryWriteImageCompletionBlock)completionBlock {\n+ Call the system to add the photo interface, save the image to the camera film, thus generating an image of ALAsset\n+ NSData *imageData = [NSData dataWithContentsOfURL:imagePathURL] \n+ [self writeImageDataToSavedPhotosAlbum:imageData metadata:nil completionBlock: (NSURL *assetURL, NSError *error) {\n+ if (error) {\n+ if (completionBlock) {\n+ completionBlock (assetURL, error) \n+ }\n+ } else {\n+ Add the obtained ALAsset to the user-specified album\n+ [self addAssetURL:assetURL\n+ albumAssetsGroup:albumAssetsGroup\n+ completionBlock: (NSError *error) {\n+ if (completionBlock) {\n+ completionBlock (assetURL, error) \n+ }\n+ }] \n+ }\n+ }] \n+}",
    "message_bilingual_indexes": [
      1
    ],
    "diff_bilingual_indexes": [
      1,
      2,
      3,
      5,
      7,
      17,
      50,
      55,
      56,
      59,
      60,
      69,
      70,
      78,
      86
    ]
  },
  "05bb938a19cf445836a054affc72ad8ec48f406d": {
    "message": "bugfix: added support for synchronized albums from itunes #191",
    "diff": "[QMUIAssetsManager.m]\n+ Get albums synchronized from macOS devices, and the synchronized albums do not allow photos to be deleted, so they will not be empty\n+ PHFetchResult *macCollections = [PHAssetCollection fetchAssetCollectionsWithType:PHAssetCollectionTypeAlbum subtype:PHAssetCollectionSubtypeAlbumSyncedAlbum options:nil] \nCirculate albums synchronized from macOS devices\n+ for (NSInteger i = 0 i macCollections.count i++) {\n+ Get an album\n+ PHCollection *collection = macCollections[i] \n+ if ([collection isKindOfClass:[PHAssetCollection class]]) {\n+ PHAssetCollection *assetCollection = (PHAssetCollection *)collection \n+ [tempAlbumsArray addObject:assetCollection] \n+ }\n+ }",
    "message_bilingual_indexes": [],
    "diff_bilingual_indexes": [
      1,
      3,
      5
    ]
  },
  "832432b8ca56c1d7d8e7243a55b6911ff37ed3fd": {
    "message": "Merge pull request #144 from master\nRepair imageData’s possible flashes caused by space time",
    "diff": "[QMUIAsset.m]\n+ if (imageData) {\n+ [tempInfo setObject:imageData forKey:kAssetInfoImageData] \n+ [tempInfo setObject: (imageData.length) forKey:kAssetInfoSize] \n+ }",
    "message_bilingual_indexes": [
      1
    ],
    "diff_bilingual_indexes": []
  },
  "d79cd133d719aaff4cc0f62ea52278fbb381a1a8": {
    "message": "Merge pull request #139 from master\nAdded Nullability to QMUITips",
    "diff": "[QMUITips.h]\n+NS_ASSUME_NONNULL_BEGIN\n+- (void)showWithText: (nullable NSString *)text \n+- (void)showWithText: (nullable NSString *)text hideAfterDelay: (NSTimeInterval)delay \n+- (void)showWithText: (nullable NSString *)text detailText: (nullable NSString *)detailText \n+- (void)showWithText: (nullable NSString *)text detailText: (nullable NSString *)detailText hideAfterDelay: (NSTimeInterval)delay \n+- (void)showLoading: (nullable NSString *)text \n+- (void)showLoading: (nullable NSString *)text hideAfterDelay: (NSTimeInterval)delay \n+- (void)showLoading: (nullable NSString *)text detailText: (nullable NSString *)detailText \n+- (void)showLoading: (nullable NSString *)text detailText: (nullable NSString *)detailText hideAfterDelay: (NSTimeInterval)delay \n+- (void)showSucceed: (nullable NSString *)text \n+- (void)showSucceed: (nullable NSString *)text hideAfterDelay: (NSTimeInterval)delay \n+- (void)showSucceed: (nullable NSString *)text detailText: (nullable NSString *)detailText \n+- (void)showSucceed: (nullable NSString *)text detailText: (nullable NSString *)detailText hideAfterDelay: (NSTimeInterval)delay \n+- (void)showError: (nullable NSString *)text \n+- (void)showError: (nullable NSString *)text hideAfterDelay: (NSTimeInterval)delay \n+- (void)showError: (nullable NSString *)text detailText: (nullable NSString *)detailText \n+- (void)showError: (nullable NSString *)text detailText: (nullable NSString *)detailText hideAfterDelay: (NSTimeInterval)delay \n+- (void)showInfo: (nullable NSString *)text \n+- (void)showInfo: (nullable NSString *)text hideAfterDelay: (NSTimeInterval)delay \n+- (void)showInfo: (nullable NSString *)text detailText: (nullable NSString *)detailText \n+- (void)showInfo: (nullable NSString *)text detailText: (nullable NSString *)detailText hideAfterDelay: (NSTimeInterval)delay \n++ (QMUITips *)showWithText: (nullable NSString *)text inView: (UIView *)view \n++ (QMUITips *)showWithText: (nullable NSString *)text inView: (UIView *)view hideAfterDelay: (NSTimeInterval)delay \n++ (QMUITips *)showWithText: (nullable NSString *)text detailText: (nullable NSString *)detailText inView: (UIView *)view \n++ (QMUITips *)showWithText: (nullable NSString *)text detailText: (nullable NSString *)detailText inView: (UIView *)view hideAfterDelay: (NSTimeInterval)delay \n++ (QMUITips *)showLoading: (nullable NSString *)text inView: (UIView *)view \n++ (QMUITips *)showLoading: (nullable NSString *)text inView: (UIView *)view hideAfterDelay: (NSTimeInterval)delay \n++ (QMUITips *)showLoading: (nullable NSString *)text detailText: (nullable NSString *)detailText inView: (UIView *)view \n++ (QMUITips *)showLoading: (nullable NSString *)text detailText: (nullable NSString *)detailText inView: (UIView *)view hideAfterDelay: (NSTimeInterval)delay \n++ (QMUITips *)showSucceed: (nullable NSString *)text inView: (UIView *)view \n++ (QMUITips *)showSucceed: (nullable NSString *)text inView: (UIView *)view hideAfterDelay: (NSTimeInterval)delay \n++ (QMUITips *)showSucceed: (nullable NSString *)text detailText: (nullable NSString *)detailText inView: (UIView *)view \n++ (QMUITips *)showSucceed: (nullable NSString *)text detailText: (nullable NSString *)detailText inView: (UIView *)view hideAfterDelay: (NSTimeInterval)delay \n++ (QMUITips *)showError: (nullable NSString *)text inView: (UIView *)view \n++ (QMUITips *)showError: (nullable NSString *)text inView: (UIView *)view hideAfterDelay: (NSTimeInterval)delay \n++ (QMUITips *)showError: (nullable NSString *)text detailText: (nullable NSString *)detailText inView: (UIView *)view \n++ (QMUITips *)showError:nullable (NSString *)text detailText: (nullable NSString *)detailText inView: (UIView *)view hideAfterDelay: (NSTimeInterval)delay \n++ (QMUITips *)showInfo: (nullable NSString *)text inView: (UIView *)view \n++ (QMUITips *)showInfo: (nullable NSString *)text inView: (UIView *)view hideAfterDelay: (NSTimeInterval)delay \n++ (QMUITips *)showInfo: (nullable NSString *)text detailText: (nullable NSString *)detailText inView: (UIView *)view \n++ (QMUITips *)showInfo: (nullable NSString *)text detailText: (nullable NSString *)detailText inView: (UIView *)view hideAfterDelay: (NSTimeInterval)delay \n+NS_ASSUME_NONNULL_END",
    "message_bilingual_indexes": [
      1
    ],
    "diff_bilingual_indexes": []
  },
  "3389e826f56af2554eb1d9d555eed16ba5e68c00": {
    "message": "Merge pull request #127 from master\nfix QMUIButton s bug when It s load from a nib file.",
    "diff": "[QMUIButton.m]\n+ button after iOS 7, the default after the sizeToFit will carry a contentInsets, in order to ensure the button size is the content size, here directly removed, changed to a minimum value.\n+ cannot be set to 0 otherwise invalid nor can be set to small numbers, otherwise it cannot be aligned by pixels\n+ self.contentEdgeInsets = UIEdgeInsetsMake (1, 0, 1, 0) ",
    "message_bilingual_indexes": [],
    "diff_bilingual_indexes": [
      1,
      2
    ]
  },
  "6b17cb5ffd071cd94d138000021c4c40f80ddd9a": {
    "message": "Merge pull request #81 from master\nMaster",
    "diff": "[QMUIGridView.m]\n+ self.separatorColor = UIColorSeparator ",
    "message_bilingual_indexes": [],
    "diff_bilingual_indexes": []
  },
  "25c5d6ed46d128bf3ca44471c0f42c95e9e36bdb": {
    "message": "Merge pull request #58 from master\nUIImage (QMUI):\nFixed - A problem with not releasing a CGImageRef instance in the [UIImage (QMUI) qmui_grayImage] method.\nFix the [UIImage (QMUI) qmui_imageWithAlpha:] method to incorrectly adjust the transparency in the original image without alpha channels.\nImprove the + [UIImage (QMUI) qmui_imageWithColor:size:cornerRadius:] method so that it can generate pure images without alpha channels in circular angles of 0 and color opaque.",
    "diff": "[UIImage+QMUI.m]\n+ grayImage = [UIImage imageWithCGImage:maskedGrayImageRef scale:self.scale orientation:self.imageOrientation] \n+ UIGraphicsBeginImageContextWithOptions (self.size, NO, self.scale) \n+ UIGraphicsBeginImageContextWithOptions (size, opaque, 0) ",
    "message_bilingual_indexes": [
      2,
      3,
      4
    ],
    "diff_bilingual_indexes": []
  },
  "9d8f39f6ae08bb42aa43cff7c5179a0e08df47ba": {
    "message": "Merge pull request #53 from master\nfixed typo error",
    "diff": "[QMUIAsset.m]\n+ if (_livePhoto) {",
    "message_bilingual_indexes": [],
    "diff_bilingual_indexes": []
  },
  "8f94a96236550aacba89d2b287b4b6d3538c1108": {
    "message": "Merge pull request #50 from master\nadd paging effect",
    "diff": "[QMUIImagePreviewView.m]\n+ self.collectionView.decelerationRate = UIScrollViewDecelerationRateFast ",
    "message_bilingual_indexes": [],
    "diff_bilingual_indexes": []
  },
  "c290a97db8fff5729911db6daf543994ee6c79fb": {
    "message": "Merge pull request #47 from master\nMaster",
    "diff": "[UIImage+QMUI.m]\n+ green: ( (CGFloat)rgba[1]) 255.0\n+ CGImageRef grayImageRef = CGBitmapContextCreateImage (context) ",
    "message_bilingual_indexes": [],
    "diff_bilingual_indexes": []
  },
  "03a9da043e5f38dba8f886c1797f60d8c5f22154": {
    "message": "Merge pull request #34 from master\nFix incorrect property naming",
    "diff": "[QMUIDialogViewController.h]\n+ (nonatomic, strong) NSDictionary NSString *, id *buttonTitleAttributes UI_APPEARANCE_SELECTOR \n[QMUIDialogViewController.m]\n+ dialogViewControllerAppearance.buttonTitleAttributes = {NSForegroundColorAttributeName: UIColorBlue, NSKernAttributeName: } \n+ self.buttonTitleAttributes = [QMUIDialogViewController appearance].buttonTitleAttributes \n+- (void)setButtonTitleAttributes: (NSDictionary NSString *,id *)buttonTitleAttributes {\n+ _buttonTitleAttributes = buttonTitleAttributes \n+ [self.cancelButton setAttributedTitle:[[NSAttributedString alloc] initWithString:[self.cancelButton attributedTitleForState:UIControlStateNormal].string attributes:buttonTitleAttributes] forState:UIControlStateNormal] \n+ [self.submitButton setAttributedTitle:[[NSAttributedString alloc] initWithString:[self.submitButton attributedTitleForState:UIControlStateNormal].string attributes:buttonTitleAttributes] forState:UIControlStateNormal] \n+ [button setAttributedTitle:[[NSAttributedString alloc] initWithString:buttonText attributes:self.buttonTitleAttributes] forState:UIControlStateNormal] \n[QMUIAlertController.h]\n+ (nonatomic, strong) NSDictionary NSString *, id *alertTitleAttributes UI_APPEARANCE_SELECTOR \n+ (nonatomic, strong) NSDictionary NSString *, id *alertMessageAttributes UI_APPEARANCE_SELECTOR \n+ (nonatomic, strong) NSDictionary NSString *, id *alertButtonAttributes UI_APPEARANCE_SELECTOR \n+ (nonatomic, strong) NSDictionary NSString *, id *alertButtonDisabledAttributes UI_APPEARANCE_SELECTOR \n+ (nonatomic, strong) NSDictionary NSString *, id *alertCancelButtonAttributes UI_APPEARANCE_SELECTOR \n+ (nonatomic, strong) NSDictionary NSString *, id *alertDestructiveButtonAttributes UI_APPEARANCE_SELECTOR \n+ (nonatomic, strong) NSDictionary NSString *, id *sheetTitleAttributes UI_APPEARANCE_SELECTOR \n+ (nonatomic, strong) NSDictionary NSString *, id *sheetMessageAttributes UI_APPEARANCE_SELECTOR \n+ (nonatomic, strong) NSDictionary NSString *, id *sheetButtonAttributes UI_APPEARANCE_SELECTOR \n+ (nonatomic, strong) NSDictionary NSString *, id *sheetButtonDisabledAttributes UI_APPEARANCE_SELECTOR \n+ (nonatomic, strong) NSDictionary NSString *, id *sheetCancelButtonAttributes UI_APPEARANCE_SELECTOR \n+ (nonatomic, strong) NSDictionary NSString *, id *sheetDestructiveButtonAttributes UI_APPEARANCE_SELECTOR \n[QMUIAlertController.m]\n+ alertControllerAppearance.alertTitleAttributes = {NSForegroundColorAttributeName:UIColorBlack,NSFontAttributeName:UIFontBoldMake (17),NSParagraphStyleAttributeName:[NSMutableParagraphStyle qmui_paragraphStyleWithLineHeight:0 lineBreakMode:NSLineBreakByTruncatingTail]} \n+ alertControllerAppearance.alertMessageAttributes = {NSForegroundColorAttributeName:UIColorBlack,NSFontAttributeName:UIFontMake (13),NSParagraphStyleAttributeName:[NSMutableParagraphStyle qmui_paragraphStyleWithLineHeight:0 lineBreakMode:NSLineBreakByTruncatingTail]} \n+ alertControllerAppearance.alertButtonAttributes = {NSForegroundColorAttributeName:UIColorBlue,NSFontAttributeName:UIFontMake (17),NSKernAttributeName: (0)} \n+ alertControllerAppearance.alertButtonDisabledAttributes = {NSForegroundColorAttributeName:UIColorMake (129, 129, 129),NSFontAttributeName:UIFontMake (17),NSKernAttributeName: (0)} \n+ alertControllerAppearance.alertCancelButtonAttributes = {NSForegroundColorAttributeName:UIColorBlue,NSFontAttributeName:UIFontBoldMake (17),NSKernAttributeName: (0)} \n+ alertControllerAppearance.alertDestructiveButtonAttributes = {NSForegroundColorAttributeName:UIColorRed,NSFontAttributeName:UIFontMake (17),NSKernAttributeName: (0)} \n+ alertControllerAppearance.sheetTitleAttributes = {NSForegroundColorAttributeName:UIColorMake (143, 143, 143),NSFontAttributeName:UIFontBoldMake (13),NSParagraphStyleAttributeName:[NSMutableParagraphStyle qmui_paragraphStyleWithLineHeight:0 lineBreakMode:NSLineBreakByTruncatingTail]} \n+ alertControllerAppearance.sheetMessageAttributes = {NSForegroundColorAttributeName:UIColorMake (143, 143, 143),NSFontAttributeName:UIFontMake (13),NSParagraphStyleAttributeName:[NSMutableParagraphStyle qmui_paragraphStyleWithLineHeight:0 lineBreakMode:NSLineBreakByTruncatingTail]} \n+ alertControllerAppearance.sheetButtonAttributes = {NSForegroundColorAttributeName:UIColorBlue,NSFontAttributeName:UIFontMake (20),NSKernAttributeName: (0)} \n+ alertControllerAppearance.sheetButtonDisabledAttributes = {NSForegroundColorAttributeName:UIColorMake (129, 129, 129),NSFontAttributeName:UIFontMake (20),NSKernAttributeName: (0)} \n+ alertControllerAppearance.sheetCancelButtonAttributes = {NSForegroundColorAttributeName:UIColorBlue,NSFontAttributeName:UIFontBoldMake (20),NSKernAttributeName: (0)} \n+ alertControllerAppearance.sheetDestructiveButtonAttributes = {NSForegroundColorAttributeName:UIColorRed,NSFontAttributeName:UIFontMake (20),NSKernAttributeName: (0)} \n+ self.alertTitleAttributes = [QMUIAlertController appearance].alertTitleAttributes \n+ self.alertMessageAttributes = [QMUIAlertController appearance].alertMessageAttributes \n+ self.alertButtonAttributes = [QMUIAlertController appearance].alertButtonAttributes \n+ self.alertButtonDisabledAttributes = [QMUIAlertController appearance].alertButtonDisabledAttributes \n+ self.alertCancelButtonAttributes = [QMUIAlertController appearance].alertCancelButtonAttributes \n+ self.alertDestructiveButtonAttributes = [QMUIAlertController appearance].alertDestructiveButtonAttributes \n+ self.sheetTitleAttributes = [QMUIAlertController appearance].sheetTitleAttributes \n+ self.sheetMessageAttributes = [QMUIAlertController appearance].sheetMessageAttributes \n+ self.sheetButtonAttributes = [QMUIAlertController appearance].sheetButtonAttributes \n+ self.sheetButtonDisabledAttributes = [QMUIAlertController appearance].sheetButtonDisabledAttributes \n+ self.sheetCancelButtonAttributes = [QMUIAlertController appearance].sheetCancelButtonAttributes \n+ self.sheetDestructiveButtonAttributes = [QMUIAlertController appearance].sheetDestructiveButtonAttributes \n+- (void)setAlertButtonAttributes: (NSDictionary NSString *,id *)alertButtonAttributes {\n+ _alertButtonAttributes = alertButtonAttributes \n+- (void)setSheetButtonAttributes: (NSDictionary NSString *,id *)sheetButtonAttributes {\n+ _sheetButtonAttributes = sheetButtonAttributes \n+- (void)setAlertButtonDisabledAttributes: (NSDictionary NSString *,id *)alertButtonDisabledAttributes {\n+ _alertButtonDisabledAttributes = alertButtonDisabledAttributes \n+- (void)setSheetButtonDisabledAttributes: (NSDictionary NSString *,id *)sheetButtonDisabledAttributes {\n+ _sheetButtonDisabledAttributes = sheetButtonDisabledAttributes \n+- (void)setAlertCancelButtonAttributes: (NSDictionary NSString *,id *)alertCancelButtonAttributes {\n+ _alertCancelButtonAttributes = alertCancelButtonAttributes \n+- (void)setSheetCancelButtonAttributes: (NSDictionary NSString *,id *)sheetCancelButtonAttributes {\n+ _sheetCancelButtonAttributes = sheetCancelButtonAttributes \n+- (void)setAlertDestructiveButtonAttributes: (NSDictionary NSString *,id *)alertDestructiveButtonAttributes {\n+ _alertDestructiveButtonAttributes = alertDestructiveButtonAttributes \n+- (void)setSheetDestructiveButtonAttributes: (NSDictionary NSString *,id *)sheetDestructiveButtonAttributes {\n+ _sheetDestructiveButtonAttributes = sheetDestructiveButtonAttributes \n+- (void)setAlertTitleAttributes: (NSDictionary NSString *,id *)alertTitleAttributes {\n+ _alertTitleAttributes = alertTitleAttributes \n+- (void)setAlertMessageAttributes: (NSDictionary NSString *,id *)alertMessageAttributes {\n+ _alertMessageAttributes = alertMessageAttributes \n+- (void)setSheetTitleAttributes: (NSDictionary NSString *,id *)sheetTitleAttributes {\n+ _sheetTitleAttributes = sheetTitleAttributes \n+- (void)setSheetMessageAttributes: (NSDictionary NSString *,id *)sheetMessageAttributes {\n+ _sheetMessageAttributes = sheetMessageAttributes \n+ NSAttributedString *attributeString = [[NSAttributedString alloc] initWithString:self.title attributes:self.preferredStyle == QMUIAlertControllerStyleAlert self.alertTitleAttributes : self.sheetTitleAttributes] \n+ NSAttributedString *attributeString = [[NSAttributedString alloc] initWithString:self.message attributes:self.preferredStyle == QMUIAlertControllerStyleAlert self.alertMessageAttributes : self.sheetMessageAttributes] \n+ attributeString = [[NSAttributedString alloc] initWithString:alertAction.title attributes:self.preferredStyle == QMUIAlertControllerStyleAlert self.alertCancelButtonAttributes : self.sheetCancelButtonAttributes] \n+ attributeString = [[NSAttributedString alloc] initWithString:alertAction.title attributes:self.preferredStyle == QMUIAlertControllerStyleAlert self.alertDestructiveButtonAttributes : self.sheetDestructiveButtonAttributes] \n+ attributeString = [[NSAttributedString alloc] initWithString:alertAction.title attributes:self.preferredStyle == QMUIAlertControllerStyleAlert self.alertButtonAttributes : self.sheetButtonAttributes] \n+ attributeString = [[NSAttributedString alloc] initWithString:alertAction.title attributes:self.preferredStyle == QMUIAlertControllerStyleAlert self.alertButtonDisabledAttributes : self.sheetButtonDisabledAttributes] ",
    "message_bilingual_indexes": [],
    "diff_bilingual_indexes": []
  },
  "6fafed79d21d76db70b0efcb8057b46e445fc24f": {
    "message": "Merge pull request #33 from master\n[Fix] The two front and rear controllers need a hold-time bug",
    "diff": "[UINavigationController+QMUI.m]\n+ item == viewController.navigationItem to fix: If both of the front and rear controllers need to hold the BUG.\n+ if ( (item == viewController.navigationItem) \n+ [viewController respondsToSelector: (shouldHoldBackButtonEvent)] \n+ [viewController shouldHoldBackButtonEvent] ",
    "message_bilingual_indexes": [
      1
    ],
    "diff_bilingual_indexes": [
      1
    ]
  },
  "a4777e002c8ed32f86cb5b68864f5afe0cbd1a90": {
    "message": "Merge pull request #12 from master\nNSMutableArray changes the word to strong.",
    "diff": "[QMUIImagePickerViewController.h]\n+ (nonatomic, strong) NSMutableArray QMUIAsset * *selectedImageAssetArray Currently selected image QMUIAsset array of objects\n[QMUITableViewCell.m]\nOtherwise, the minX of textLabel will gradually overlap and the textLabel will be removed from the screen.",
    "message_bilingual_indexes": [
      1
    ],
    "diff_bilingual_indexes": [
      1,
      3
    ]
  },
  "00d75bdfd5c9548b6de7d09243242a8f4a43e7f4": {
    "message": "Merge pull request #1 from master\nsync",
    "diff": "",
    "message_bilingual_indexes": [],
    "diff_bilingual_indexes": []
  },
  "59023be1cf32aeecbd4bf6db040d5e9ba98edb05": {
    "message": "Merge pull request #7 from master\nUpdate podspec",
    "diff": "",
    "message_bilingual_indexes": [],
    "diff_bilingual_indexes": []
  },
  "29991d2bae3b5f43036a1d6a5bf868abcfb91bb9": {
    "message": "Merge pull request #8 from master\nModifying the wrong note.",
    "diff": "[QMUIMoreOperationController.h]\n+/// Get all the current items\n[UIView+QMUI.h]\nSet the width and height of the view\nSet the height of the view\n+ * Set the view of y",
    "message_bilingual_indexes": [
      1
    ],
    "diff_bilingual_indexes": [
      1,
      3,
      4,
      5
    ]
  }
}