{
  "1": {
    "summary": "[Support Carthage]",
    "description": "[Support Carthage]",
    "summary_bilingual_indexes": [],
    "description_bilingual_indexes": []
  },
  "7": {
    "summary": "Update podspec",
    "description": "Add missing resources bundle to podspec file.",
    "summary_bilingual_indexes": [],
    "description_bilingual_indexes": []
  },
  "8": {
    "summary": "fix typo",
    "description": "",
    "summary_bilingual_indexes": [],
    "description_bilingual_indexes": []
  },
  "12": {
    "summary": "NSMutableArray changes the word to strong.",
    "description": "",
    "summary_bilingual_indexes": [
      0
    ],
    "description_bilingual_indexes": []
  },
  "33": {
    "summary": "[Fix] The two front and rear controllers need a hold-time bug",
    "description": "",
    "summary_bilingual_indexes": [
      0
    ],
    "description_bilingual_indexes": []
  },
  "34": {
    "summary": "Fix incorrect property naming",
    "description": "Should be Attributes not Attributeds ",
    "summary_bilingual_indexes": [],
    "description_bilingual_indexes": []
  },
  "47": {
    "summary": "Master",
    "description": "",
    "summary_bilingual_indexes": [],
    "description_bilingual_indexes": []
  },
  "50": {
    "summary": "add paging effect",
    "description": "better user experience",
    "summary_bilingual_indexes": [],
    "description_bilingual_indexes": []
  },
  "53": {
    "summary": "fixed typo error",
    "description": "use _livePhoto",
    "summary_bilingual_indexes": [],
    "description_bilingual_indexes": []
  },
  "58": {
    "summary": "Small improvements around the UIImage (QMUI) classification",
    "description": "Fixed - A problem with not releasing a CGImageRef instance in the [UIImage (QMUI) qmui_grayImage] method.\nFix the [UIImage (QMUI) qmui_imageWithAlpha:] method to incorrectly adjust the transparency in the original image without alpha channels.\nImprovement of UIImage (QMUI)\nqmui_imageWithColor:size:cornerRadius:] method, which makes it possible to generate pure color images without alpha channels in circular angles of 0 and color opaque.",
    "summary_bilingual_indexes": [
      0
    ],
    "description_bilingual_indexes": [
      0,
      1,
      2,
      3
    ]
  },
  "81": {
    "summary": "Master",
    "description": "Set the separatorColor only when separatorLayer is successfully created.",
    "summary_bilingual_indexes": [],
    "description_bilingual_indexes": [
      0
    ]
  },
  "127": {
    "summary": "fix QMUIButton s bug when It s load from a nib file.",
    "description": "When initializing, if contentEdgeInsets has a value, contentEdgeInsets should not be forced.",
    "summary_bilingual_indexes": [],
    "description_bilingual_indexes": [
      0
    ]
  },
  "139": {
    "summary": "Added Nullability to QMUITips",
    "description": "To ensure that the use in Swift can be entered in NIL in Detail, adding Nullability",
    "summary_bilingual_indexes": [
      0
    ],
    "description_bilingual_indexes": [
      0
    ]
  },
  "144": {
    "summary": "Repair imageData’s possible flashes caused by space time",
    "description": "Here imageData may be empty, so it needs protection.",
    "summary_bilingual_indexes": [
      0
    ],
    "description_bilingual_indexes": [
      0
    ]
  },
  "191": {
    "summary": "Albums imported through iTunes, the album list is not visible",
    "description": "Please fill in the operating environment.\n- [x] Device iPhone iPad Simulator\n[x] System for iOS 10.x\n[x] Xcode version 8.x\n- [x] QMUI for iOS version 1.x.x\nPlease describe specific issues.\nRelated screenshot Stack of breakpoint, log of console\n",
    "summary_bilingual_indexes": [
      0
    ],
    "description_bilingual_indexes": [
      0,
      1,
      2,
      3,
      4,
      5,
      6
    ]
  },
  "197": {
    "summary": "Allows QMUIAssetsManager to use the local path of the image to save to the system albums",
    "description": "Some RAW image formats, such as Sony's ARW format, cannot be converted to UIImage, but can be saved to the system album by converting to NSData, thus adding the saving method by using the image path.\nRepair some types.",
    "summary_bilingual_indexes": [
      0
    ],
    "description_bilingual_indexes": [
      0,
      1
    ]
  },
  "222": {
    "summary": "Repair Agent Feedback that calls multiple problems and changes the Feedback Timing for AlertAction",
    "description": "Repair Agent Feedback to call multiple problems, modify the Feedback Timing for AlertAction after AlertController disappears",
    "summary_bilingual_indexes": [
      0
    ],
    "description_bilingual_indexes": [
      0
    ]
  },
  "228": {
    "summary": "Fixed When using xib storyboard, the button and label size display error",
    "description": "When using xib storyboard, if the button and label are used to restrict only x,y, then the system will use\nintrinsicContentSize: Method returns size. and QMUIButton and QMUILabel\nIt is calculated in our own way, then we should also copy the intrinsicContentSize of the system to maintain consistency in the calculation method.",
    "summary_bilingual_indexes": [
      0
    ],
    "description_bilingual_indexes": [
      0,
      1,
      2
    ]
  },
  "230": {
    "summary": "UIView convertRect:fromView: Possible conversion error in iOS 8",
    "description": "Please fill in the operating environment.\n- [x] Equipment Simulator\n[x] System for iOS 8.x\n- [x] Xcode version 9.x\n- [x] QMUI for iOS version 2.0.0\nPlease describe specific issues.\nThe iPad test code is as follows.\n Objective-C\n// NavigationBar.x is 0 but gets 1408 after conversion\nCGRect navigationBarFrameInView = [self.view convertRect:self.navigationController.navigationBar.frame fromView:self.navigationController.navigationBar.superview] \n ",
    "summary_bilingual_indexes": [
      0
    ],
    "description_bilingual_indexes": [
      0,
      1,
      2,
      3,
      4,
      5,
      6,
      8
    ]
  },
  "261": {
    "summary": "QMUINavigationController push at the same time as the present, then after dismiss, the original push interface is not visible, and the subsequent push cannot respond.",
    "description": "Please fill in the operating environment.\n- [x] Equipment Simulator\n[x] System with iOS 11.2\n[x] Xcode version 9.2\n- [x] QMUI for iOS version 2.2.2\nPlease describe specific issues.\n Objective-C\n// First present a VC\nUIViewController *vc = [[UIViewController alloc] init] \n[self presentViewController:vc animated:YES completion:NULL] \nPush a VC at the same time\nUIViewController *vc2 = [[UIViewController alloc] init] \n[self.navigationController pushViewController:vc2 animated:YES] \nN for a long time...\nDismiss the present VC.\nvc dismissX \nIf you push again, you will find it impossible to push.\nUIViewController *vc3 = [[UIViewController alloc] init] \n[self.navigationController pushViewController:vc3 animated:YES] \n \nAnalysis of Causes\nIn QMUINavigationController to protect the crash easily caused by \"the last push animation is not over and start the next push operation\" adds the property isViewControllerTransiting protection, which is set to YES when push, also after push navigationController:didShowViewController: restored to NO, as long as isViewControllerTransiting is YES, does not respond to any push, pop operation.\nIn the above scenario, because the QMUINavigationController is covered by the presentedViewController, the push does not go to navigationController:didShowViewController: , so the isViewControllerTransiting property is not properly reset, affecting the subsequent push operation.\n",
    "summary_bilingual_indexes": [
      0
    ],
    "description_bilingual_indexes": [
      0,
      1,
      2,
      3,
      4,
      5,
      7,
      10,
      13,
      14,
      16,
      20,
      21,
      22
    ]
  },
  "263": {
    "summary": "QMUICellHeightCache control passed to cell sizeThatFits: width error under the iPhone X",
    "description": "Please fill in the operating environment.\n- [x] Equipment Simulator\n[x] System with iOS 11.2\n[x] Xcode version 9.2\n- [x] QMUI for iOS version 2.2.2\nPlease describe specific issues.\nUITableView bounds and safeAreaInsets will be updated at different times, each update will need to re-calculate the height of the cell because the width of the list and the insets of the list will affect the height of the cell, while using QMUICellHeightCache to calculate the height of the cell, in qmui_safeAreaDidChange does not correctly determine whether the value of safeAreaInsets in the horizontal direction has changed, resulting in some times not to call reloadData, the height calculation of the cell is inaccurate.\n",
    "summary_bilingual_indexes": [
      0
    ],
    "description_bilingual_indexes": [
      0,
      1,
      2,
      3,
      4,
      5,
      6
    ]
  },
  "264": {
    "summary": "QMUIConfigurationTemplate does not guarantee execution time",
    "description": "Please fill in the operating environment.\n- [x] Equipment Simulator\n[x] System with iOS 11.2\n[x] Xcode version 9.2\n- [x] QMUI for iOS version 2.2.2\nPlease describe specific issues.\nSome QMUI controls are not initialized when the configuration table is applied to the value of the configuration table, resulting in UI errors for the control.\nAccording to the document, the current use of the QMUI configuration table is in the project's application:didFinishLaunchingWithOptions, but many QMUI controls appearance is in + initialize to use the value of the configuration table, at this time the configuration table is not set well, resulting in the value error at this time.",
    "summary_bilingual_indexes": [
      0
    ],
    "description_bilingual_indexes": [
      0,
      1,
      2,
      3,
      4,
      5,
      6,
      7
    ]
  },
  "268": {
    "summary": "After enabling the QMUINavigationControllerDelegate customNavigationBarTransition function, the vc.qmui_navigationBarMaxYInViewCoordinator leads to a layout jump when pop",
    "description": "Please fill in the operating environment.\n- [x] Equipment Simulator\n[x] System with iOS 11.2\n[x] Xcode version 9.2\n- [x] QMUI for iOS version 2.2.2\nPlease describe specific issues.\nUsing the self.qmui_navigationBarMaxYInViewCoordinator when layout in a vc's viewDidLayoutSubviews method to obtain the location of the navigation bar and the layout relative to it.\nOpen a related method to optimize the navigationBar effect when pop in QMUINavigationControllerDelegate, such as shouldCustomNavigationBarTransitionWhenPopDisappearing.\nRemove the vc pop.\nYou will see the layout jumping upwards.\nRelated Images\n [image]/1190261/34640299-014c6270-f32b-11e7-80d7-057c7f38ba67.png\n [image]/1190261/34640304-119a2d4c-f32b-11e7-9a8e-93ec70facadc.png\n",
    "summary_bilingual_indexes": [
      0
    ],
    "description_bilingual_indexes": [
      0,
      1,
      2,
      3,
      4,
      5,
      6,
      7,
      8,
      9,
      10
    ]
  },
  "270": {
    "summary": "The interface created by QMUIDialogTextFieldViewController, the cancellation and confirmation buttons are not visible,",
    "description": "Please fill in the operating environment.\n- [x] Device iPhone iPad Simulator\n- [x] System for iOS 11.x\n[x] Xcode version 9.2\n- [x] QMUI for iOS version 2.2.2\nPlease describe specific issues.\nWith QMUIDialogTextFieldViewController, the created interface, cancellation and confirmation buttons are not visible,\n - (void)showQMUIDialogTextFieldView {\n QMUIDialogTextFieldViewController *dialogViewController = [[QMUIDialogTextFieldViewController alloc] init] \nViewController.title = Please enter a nickname\n dialogViewController.textField.delegate = self \n [simulator screen shot - iphone x - 2018-01-08 at 20 33 34671169-709a8230-f4b4-11e7-94eb-0cff2cfd6333.png\nViewController.textField.placeholder = nickname\n dialogViewController.textField.maximumTextLength = 16 \n[dialogViewController addCancelButtonWithText: Cancel block:nil]\n self.currentTextFieldDialogViewController = dialogViewController \n[dialogViewController addSubmitButtonWithText: Identify block: (QMUIDialogViewController *dialogViewController) {\n [dialogViewController hide] \n }] \n [dialogViewController show] \n} \nRelated screenshot Stack of breakpoint, log of console\nSee the schedule.\n",
    "summary_bilingual_indexes": [
      0
    ],
    "description_bilingual_indexes": [
      0,
      1,
      2,
      3,
      4,
      5,
      6,
      9,
      12,
      14,
      16,
      21,
      22
    ]
  },
  "321": {
    "summary": "Fixed bug for QMUIMultipleDelegates",
    "description": "When the object that can respond in the delegates is executed -methodSignatureForSelector: the method may just be released, it returns nil, which causes the program to collapse.",
    "summary_bilingual_indexes": [],
    "description_bilingual_indexes": [
      0
    ]
  },
  "389": {
    "summary": "Nullability and Objective-C",
    "description": "Add some nonnull and nullable for better Swift compatibility",
    "summary_bilingual_indexes": [],
    "description_bilingual_indexes": [
      0
    ]
  },
  "432": {
    "summary": "[fix] scrollToRowAtIndexPath is valid",
    "description": "No judgment on section as a vacuum.\n img width= 494 alt= 2018-11-14 4 36 54 48470966-cf117400-e82d-11e8-812c-3574b7cc8a22.png \n",
    "summary_bilingual_indexes": [
      0
    ],
    "description_bilingual_indexes": [
      0
    ]
  },
  "436": {
    "summary": "[fix] scrollToRowAtIndexPath is valid",
    "description": "When indexPath.row==NSNotFound, rows can be scrolled whether or not the current tableview has rows.",
    "summary_bilingual_indexes": [
      0
    ],
    "description_bilingual_indexes": [
      0
    ]
  },
  "453": {
    "summary": "Update README.md",
    "description": "",
    "summary_bilingual_indexes": [],
    "description_bilingual_indexes": []
  },
  "465": {
    "summary": "[fix] NSNotFound logic judgment rolled back to the wrong version",
    "description": "When indexPath.row == NSNotFound, no longer need to use numberOfRowsInSection to make judgments.",
    "summary_bilingual_indexes": [
      0
    ],
    "description_bilingual_indexes": [
      0
    ]
  },
  "468": {
    "summary": "fix: request image for asset memory leaks",
    "description": "fix the issue 376] (url)\nIf the image is too big and use the requestImageForAsset function will lead to memory leaks.\n requestImageDataForAsset function will fix this issue. and it default uses the PHImageManagerMaximumSize and PHImageContentModeDefault compared with the requestImageForAsset .\nAlready tested by Xcode instrument leaks .\n",
    "summary_bilingual_indexes": [],
    "description_bilingual_indexes": []
  },
  "470": {
    "summary": "fix request image for asset memory leaks",
    "description": "",
    "summary_bilingual_indexes": [],
    "description_bilingual_indexes": []
  }
}