{
  "1": {
    "summary": "Hi, QMUI Android ",
    "description": "I have one question, when releasing the first revision "
  },
  "2": {
    "summary": "四个月了,木有更新么 ",
    "description": "其实我就是想看看,小松在博客里写的 Android沉浸式状态栏必知必会 的具体实现"
  },
  "3": {
    "summary": "demo apk install error",
    "description": "Failed to install qmui_1.0.0.apk: Failure [INSTALL_PARSE_FAILED_NO_CERTIFICATES: Failed to collect certificates from base.apk: CERT.SF indicates base.apk is signed using APK Signature Scheme v2, but no such signature was found. Signature stripped ]"
  },
  "8": {
    "summary": "miui9状态栏黑色字体无效",
    "description": " 运行环境 ###\n- [x] 设备型号 如 mi 6 \n- [x] 设备系统版本 如 Android 7.1.1 \n- [x] Gradle 版本 如 2.3.3 \n- [x] QMUI Android 版本 1.0 \n 具体问题描述 ###\nmi6 android7.1.1 状态栏黑色无效，因为miui9改回原生黑白切换方案了\n 问题截图 ####\n 异常日志 堆栈 ####\n"
  },
  "9": {
    "summary": "build出错",
    "description": " 运行环境 ###\n- [x] Gradle 版本 3.0.0-beta2\n- [x] QMUI Android 版本 1.0.0\n 具体问题描述 ###\nbuild出错\n 问题截图 ####\n [image]/david1025/images/master/TIM E6 88 AA E5 9B BE20170830223358.png\n 异常日志 堆栈 ####\n"
  },
  "11": {
    "summary": "QMUIPullRefreshLayout刷新箭头异常",
    "description": " 运行环境 ###\n- [x] 设备型号 如 vivo \n- [x] 设备系统版本 如 Android 5.1 \n- [x] Gradle 版本 如 2.2.3 \n- [x] QMUI Android 版本 1.0.0 \n 具体问题描述 ###\nQMUIPullRefreshLayout在刷新过程中，再次下拉的话，会导致箭头显示异常。\n 问题截图 ####\n 异常日志 堆栈 ####\n"
  },
  "12": {
    "summary": "values属性冲突",
    "description": " \n declare-styleable name= QMUICommonListItemView attr format= enum name= orientation \n declare-styleable name= GridLayout attr name= orientation \n \n和v7-gridLayout 冲突"
  },
  "17": {
    "summary": "在CoordinatorLayout中使用QMUITopBar 设置app:layout_collapseMode= pin 无效",
    "description": " 运行环境 ###\n- [x] 设备型号 如 Nexus 6 \n- [x] 设备系统版本 如 Android 5.0 \n- [x] Gradle 版本 如 2.3.0 \n- [x] QMUI Android 版本 1.x.x \n 具体问题描述 ###\n 问题截图 ####\n 异常日志 堆栈 ####\n希望在CoordinatorLayout中使用也能达到像toolbar那样的效果固定在屏幕顶端不动\n"
  },
  "27": {
    "summary": "Lab 下QMUIAnimationListView 删除item OutOfBoundsException 闪退",
    "description": " 运行环境 ###\n- [x] 设备型号 如 小米Note2 \n- [x] 设备系统版本 Android 7.0 \n- [x] Gradle 版本 如 2.3.0 \n- [x] QMUI Android 版本 1.0 \n 具体问题描述 ###\n在QMUIAnimationListView页，连续点击删除，只剩4个item时再点删除会报OutOfBoundsException\n 问题截图 ####\n 异常日志 堆栈 ####\n"
  },
  "28": {
    "summary": "無法關閉App",
    "description": " 具体问题描述 ###\n [2017-09-04_175519]/23090085/30021652-a516366c-919a-11e7-8cf9-2ad6ef81d5a7.jpg\n請教一下, 紅框內的程式碼 是用來產生主畫面的, 如果在主畫面按下手機的返回鍵, 會關閉此App\n我剛剛把紅框內的程式碼先刪掉, 然後運行, 顯示的是白屏 是可以理解的, 因為紅框內的代碼不在\n但是此時 我反覆按下手機的返回鍵, 卻無法結束此App, 是什麼原因 "
  },
  "37": {
    "summary": "QMUICollapsingTopBarLayout需要监听Scrim的变化",
    "description": " 运行环境 ###\n- [x] 设备型号 如 Nexus 6 \n- [x] 设备系统版本 如 Android 5.0 \n- [x] Gradle 版本 如 2.3.0 \n- [x] QMUI Android 版本 1.x.x \n 具体问题描述 ###\nQMUICollapsingTopBarLayout需要监听Scrim的变化\nQMUITopBar的标题要求根据Scrim的变化进行显示和隐藏，\n能不能将QMUICollapsingTopBarLayout的ValueAnimator暴露出来，或者可以设置动画监听，让应用可以监听到Scrim的变化\n 问题截图 ####\n 异常日志 堆栈 ####\n"
  },
  "40": {
    "summary": "QMUICollapsingTopBarLayout 小米手机问题",
    "description": " 运行环境 ###\n- [x] 设备型号 如 红米2\n- [x] 设备系统版本 Android 4.4.4，MIUI 9\n- [x] QMUI Android 版本 1.0.3 \n 具体问题描述 ###\n在小米手机上 (4.4.4) Demo 程序中的QMUICollapsingTopBarLayout会出现白色的情况，QMUIViewPager的文字挤到了状态栏上面 如下图 \n 问题截图 ####\n [image]/12541653/30545778-39db38ce-9cbd-11e7-9f87-490a5e601b6c.png\n [image]/12541653/30545825-57be83f0-9cbd-11e7-8413-136e37735816.png\n"
  },
  "42": {
    "summary": "下拉刷新对recyclerview存在一定问题",
    "description": " 运行环境 ###\n- [x] 设备型号 如 Nexus 6P \n- [x] 设备系统版本 如 Android 6.0 \n- [x] Gradle 版本 如 2.3.0 \n- [x] QMUI Android 版本 1.0.0 \n 具体问题描述 ###\n下拉刷新组件里面包listview 或 other view 下拉触摸灵敏度 要高于里面包 recyclerview\n比如里面我放了个recyclerview添加了 一个header，我触摸item下滑 和 触摸header下滑，灵敏度明显不一样。\n不知道你们有没有感觉\n 问题截图 ####\n无法截图，只能靠感觉\n 异常日志 堆栈 ####\n"
  },
  "44": {
    "summary": "Theme中修改QMUIRoundButton属性没有生效",
    "description": " 运行环境 ###\n- [x] 设备型号 如 小米 5 \n- [x] 设备系统版本 如 Android 7.0 \n- [x] Gradle 版本 如 2.2.0 \n- [x] QMUI Android 版本 1.0.3 \n 具体问题描述 ###\n你好，我基于demo在style.xml theme中修改qmui_round_btn_text_color属性，期望改变按钮的默认颜色，我修改了s_btn_blue_text.xml如下 \n selector android \n item app_color_blue_disabled android:state_enabled= false \n item app_color_blue_pressed android:state_pressed= true \n item qmui_config_color_black --修改正常颜色为黑色-- \n /selector \n但是没起作用，运行结果字体颜色并没有发生改变。还是 QMUI.Compat.NoActionBar 中的样式。\n 问题截图 ####\n [20170922134214]/8803718/30730743-da471572-9f9b-11e7-92d1-4297dc7573a0.png\n 异常日志 堆栈 ####\n"
  },
  "47": {
    "summary": "Demo中fragment页面切换动画问题",
    "description": " 运行环境 ###\n- [x] 设备型号 小米6\n- [x] 设备系统版本 Android 7.1.1\n- [x] Gradle 版本 2.3.3\n- [x] QMUI Android 版本 1.0.3\n 具体问题描述 ###\n在Demo中随便点击一个item打开页面，快速按返回键关闭页面，也就是在Fragment动画执行中快速关闭页面会导致上一个界面所有按钮无法点击，没有响应\n 问题截图 ####\n 异常日志 堆栈 ####\n"
  },
  "49": {
    "summary": "增加TopBar的title gravity style设置",
    "description": "可以灵活的通过改变主题改变topbar的title位置"
  },
  "53": {
    "summary": "PRO 6 在9月26号升级了Flyme6.2.0.0A,基于Android 7.0 状态栏颜色设置为 白色 改变不了",
    "description": " 运行环境 ###\n- [x] 设备型号 Meizu Pro6\n- [x] 设备系统版本 Android 7.0 \n- [x] Gradle 版本 如 2.3.3 \n 状态栏颜色设置为 白色 改变不了 ###\n"
  },
  "54": {
    "summary": "多选对话框的选择，当item数量过多会无法滚动，是否考虑做一个滚动列表",
    "description": " 运行环境 ###\n- [x] 设备型号 如 Nexus 6 \n- [x] 设备系统版本 如 Android 5.0 \n- [x] Gradle 版本 如 2.3.0 \n- [x] QMUI Android 版本 1.x.x \n 具体问题描述 ###\n 问题截图 ####\n 异常日志 堆栈 ####\n"
  },
  "56": {
    "summary": "增加环形进度条的圆形线帽设置和抗锯齿效果",
    "description": "1. 环形进度条在某些情况下增加圆形线帽展现效果会好很多\n2. 不增加抗锯齿效果环形周围会有许多毛刺\n"
  },
  "61": {
    "summary": "QMUIFloatLayout 居左布局时换行逻辑 bug",
    "description": " 运行环境 ###\n- [x] QMUI Android 版本 1.0.4 \n 具体问题描述 ###\n QMUIFloatLayout 换行时的Y轴偏移值计算错误\n 问题截图 ####\n [screen_20171010_153546]/1695414/31374496-d663adaa-ad63-11e7-88e0-19108e82a9e1.png\n"
  },
  "62": {
    "summary": "单选菜单类型对话框在华为mate9上不显示选中状态",
    "description": " 运行环境 ###\n- [x] 设备型号 华为 mate9\n- [x] 设备系统版本 Android 7.0\n- [x] Gradle 版本 如 2.2.3 \n- [x] QMUI Android 版本 1.0.4 \n 具体问题描述 ###\n在华为mate9上显示单选菜单型对话框只有初始化时调用了setCheckedIndex ()的默认选中项有选中状态，其他的Item都没有选中状态\n官方demo和我自己项目里面集成在华为mate9上面都有这个问题\n其他手机正常显示没有问题\n 问题截图 ####\n [2017-10-13 31531053-1211cf74-afaa-11e7-8cda-92c83217b988.gif\n 异常日志 堆栈 ####\n"
  },
  "68": {
    "summary": "修复QMUITopBar内部的间距计算问题",
    "description": " 问题\n1. 由于在 onLayout 里重新放置了 mTitleContainerView ， R.attr.qmui_topbar_title_margin_horizontal_when_no_btn_aside 实际不生效。\n2. R.attr.qmui_topbar_title_margin_horizontal_when_no_btn_aside 在 title 非居中对齐时，此距离的判定条件应该是哪边没有按钮，就加上此间距，而不是两侧同时没有按钮再加上此间距\n 修复\n在 onMesure 和 onLayout 里修复此属性 R.attr.qmui_topbar_title_margin_horizontal_when_no_btn_aside 属性的设置放置在 onLayout 里，此时 refreshTitleViewLp () 函数无用，将其删除。\n为了保持和原来风格的统一，将原来不生效的属性值 R.attr.qmui_topbar_title_margin_horizontal_when_no_btn_aside 默认设为 0 \n 新增\n增加 R.attr.qmui_topbar_title_container_padding_horizontal 属性代替原来的固定 8dp "
  },
  "71": {
    "summary": "QMUITabSegment 初始滚动问题",
    "description": " 运行环境 ###\n- [x] 设备型号 如 魅族MX5 \n- [x] 设备系统版本 如 Android 5.1 \n- [x] Gradle 版本 如 2.3.0 \n- [x] QMUI Android 版本 1.0.4 \n 具体问题描述 ###\nQMUITabSegment 模式为滚动时，viewpager通过代码初始选择最后一个tab，QMUITabSegment显示不正确，还是在第一屏，没有移动。\n 问题截图 ####\n 异常日志 堆栈 ####\n"
  },
  "83": {
    "summary": "QMUICommonListItemView的DetailText能否支持设置CharSequence",
    "description": " 运行环境 ###\n- [x] 设备型号 如 Nexus 6 \n- [x] 设备系统版本 如 Android 5.0 \n- [x] Gradle 版本 如 2.3.0 \n- [x] QMUI Android 版本 1.x.x \n 具体问题描述 ###\n目前只有\n \nsetDetailText (StringBuilder text) \nsetDetailText (String text) \n \n这样无法支持SpannableString。\n或者说DetailText的位置可不可以添加一个设置图片的方法\n 问题截图 ####\n 异常日志 堆栈 ####\n"
  },
  "110": {
    "summary": "建议删除库中AndroidManifest中的 application中的 属性",
    "description": " Error:Execution failed for task :app:processDebugManifest .\n Manifest merger failed : Attribute application name) from AndroidManifest.xml:8:9-45\n \nis also present at [com.qmuiteam:qmui:1.0.4] AndroidManifest.xml:9:18-50 app_name).\n \nSuggestion: add tools:replace= android:label to application element at AndroidManifest.xml:5:5-13:19 to override."
  },
  "114": {
    "summary": "QMUIDialog还有点小问题",
    "description": "1.0.5中解决了MenuBaseDialogBuilder 的子类构建的 dialog 在内容列表过长时被截断的问题，但是消息类型的对话框如MessageDialogBuilder等，在Message消息文本过多的时候还是会被截断 这些好像是直接继承的QMUIDialogBuilder。\n"
  },
  "116": {
    "summary": "QMUITabSegment的tab设置icon的位置为Bottom时不显示",
    "description": " 运行环境 ###\n- [x] 设备型号 如 Nexus 6 \n- [x] 设备系统版本 如 Android 5.0 \n- [x] Gradle 版本 如 2.3.0 \n- [x] QMUI Android 版本 1.0.4 \n 具体问题描述 ###\nQMUITabSegment的tab设置icon的位置为Bottom时不显示，其他方向都可以正常设置，不知道是bug还是我没设置对，只能在xml中设置，java中貌似icon设置方向的方法都是private\n 问题截图 ####\n [screenshot_2017-12-18-17-55-02]/9988660/34100363-236cd848-e41d-11e7-8cc6-213cfb96e485.png\n 异常日志 堆栈 ####\n"
  },
  "117": {
    "summary": "QMUITabSegment icon尺寸",
    "description": " 运行环境 ###\n- [x] 设备型号 如 Nexus 6 \n- [x] 设备系统版本 如 Android 5.0 \n- [x] Gradle 版本 如 2.3.0 \n- [x] QMUI Android 版本 1.x.x \n 具体问题描述 ###\n在使用QMUITabSegment时设置的tab的drawable icon为128x128会显示不全，我看了一下示例用的是48x48的图片，能否增加自适应分辨率或icon尺寸设置的支持\n 问题截图 ####\n 异常日志 堆栈 ####\n"
  },
  "125": {
    "summary": "QMUIRoundButton的app:qmui_radius= 4dp 这个属性设置无效",
    "description": " 运行环境 ###\n- [x] 设备型号 如 Nexus 5 \n- [x] 设备系统版本 如 Android 4.4 \n- [x] Gradle 版本 如 3.0 \n- [x] QMUI Android 版本 1.0.6 \n 具体问题描述 ###\napp:qmui_radius= 4dp 这个属性设置无效。\n在demo中设置了也是无效的。\n 问题截图 ####\n 异常日志 堆栈 ####\n"
  },
  "127": {
    "summary": "GroupListView",
    "description": " 运行环境 ###\n- [x] 设备型号 如 Nexus 6 \n- [x] 设备系统版本 如 Android 5.0 \n- [x] Gradle 版本 如 2.3.0 \n- [x] QMUI Android 版本 1.x.x \n 具体问题描述 ###\n Msg = groupListView.createItemView ( 系统消息 ) \n Msg.setImageDrawable (ContextCompat.getDrawable (this, R.mipmap.orange_notice)) \n希望左边的ImageDrawable固定大小，还有至于右边的文字当内容过多时距离左边的距离要远一点，最好和右边一样。\n 问题截图 ####\n [qq 34290270-66406452-e731-11e7-83cd-3afb73811390.png\n [qq 34290288-8009db52-e731-11e7-8e68-e2c3244bbb95.png\n 异常日志 堆栈 ####\n"
  },
  "132": {
    "summary": "关于dialog不能被用户触发关闭",
    "description": "Tipdialog不能通过用户触发返回键关闭，这样的体验很不好，有时候网络状态不好的时候，用户不愿等待那么长时间，要返回退出，却因为dialog不得不杀死应用。"
  },
  "141": {
    "summary": "QMUITabSegment tab颜色问题",
    "description": " 运行环境 ###\n- [x] 设备型号 如 Nexus 5 \n- [x] 设备系统版本 如 Android 7.0 \n- [x] Gradle 版本 如 3.0.0 \n- [x] QMUI Android 版本 1.0.0 \n 具体问题描述 ###\n你好，QMUITabSegment 当修改tab的normalColor和selectColor后，快速滑动会出现 颜色闪烁的问题\n 问题截图 ####\n 异常日志 堆栈 ####\n"
  },
  "153": {
    "summary": "修改动画时长资源引用",
    "description": ""
  },
  "160": {
    "summary": "小米3状态栏黑色字体",
    "description": " 运行环境 ###\n- [x] 设备型号 如 小米3 \n- [x] 设备系统版本 如 Android 4.4 \n- [x] MUI 版本 如 9.2.3.0稳定版 \n- [x] QMUI Android 版本 1.0.6 \n 具体问题描述 ###\n小米3手机运行示例项目，状态栏设置黑色字体无效。\n"
  },
  "165": {
    "summary": "Demo中，Popup外边框圆角展示问题 ",
    "description": " 运行环境 ###\n- [x] 设备型号 如 坚果Pro2 \n- [x] 设备系统版本 如 Android 7.1 \n- [x] QMUI Android 版本 1.0.6 \n 具体问题描述 ###\nDemo中，Popup外边框圆角展示问题 \n 问题截图 ####\n [screenshot_2018-01-25-10-32-19-660_qmui]/12421552/35367892-b8a8296a-01bb-11e8-9545-9ddae75f61f3.png\n [screenshot_2018-01-25-10-32-29-223_qmui]/12421552/35367893-b8f7644e-01bb-11e8-88fe-fc9ae442a054.png\n [screenshot_2018-01-25-10-32-42-048_qmui]/12421552/35367894-b93a5146-01bb-11e8-986e-5024951e98a4.png\n 异常日志 堆栈 ####\n"
  },
  "167": {
    "summary": "when i show QMUIPopup on Galaxy Note3 Lite 4G , it crash",
    "description": " 运行环境 ###\n 设备型号 如 SM-N7508V\n 设备系统版本 Android 4.3\n Gradle 版本 2.3.0 \n QMUI Android 版本 1.0.6 \n 问题截图 ####\n 异常日志 堆栈 ####\nE/AndroidRuntime: FATAL EXCEPTION: main\n java.lang.NoSuchMethodError: android.view.View.isAttachedToWindow\n at com.qmuiteam.qmui.widget.popup.QMUIBasePopup.show (QMUIBasePopup.java:116)\n at com.qmuiteam.qmui.widget.popup.QMUIBasePopup.show (QMUIBasePopup.java:111)\n at com.anjiahome.housekeeper.ui.SurrenderDetailActivity initView 3.onClick (SurrenderDetailActivity.kt:123)\n at android.view.View.performClick (View.java:4476)\n at com.anjiahome.housekeeper.ui.SurrenderDetailActivity initView 5.run (SurrenderDetailActivity.kt:135)\n at android.os.Handler.handleCallback (Handler.java:730)\n at android.os.Handler.dispatchMessage (Handler.java:92)\n at android.os.Looper.loop (Looper.java:177)\n at android.app.ActivityThread.main (ActivityThread.java:5493)\n at java.lang.reflect.Method.invokeNative (Native Method)\n at java.lang.reflect.Method.invoke (Method.java:525)\n at com.android.internal.os.ZygoteInit MethodAndArgsCaller.run (ZygoteInit.java:1225)\n at com.android.internal.os.ZygoteInit.main (ZygoteInit.java:1041)\n at dalvik.system.NativeStart.main (Native Method)\n"
  },
  "177": {
    "summary": "Demo 有个问题",
    "description": " 运行环境 ###\n- [x] 设备型号 如 小米4 \n- [x] 设备系统版本 如 Android 6.0 \n- [x] Gradle 版本 如 master分支 \n- [x] QMUI Android 版本 master分支 \n 具体问题描述 ###\n查看组件demo 页面，打开一个demo 查看，返回首页页面，总是滚动到顶部\n 问题截图 ####\n 异常日志 堆栈 ####\n"
  },
  "184": {
    "summary": "多次快速的打开关闭页面，导致 页面的所有事件失效，点击没有任何反应",
    "description": " 运行环境 ###\n- [x] 设备型号 如 华为荣耀 8 \n- [x] 设备系统版本 如 Android 7.0 \n- [x] Gradle 版本 如 3.0.1 \n- [x] QMUI Android 版本 1.0.7 \n 具体问题描述 ###\n运行demo，多次快速的打开和关闭页面，导致 页面的所有事件失效，点击没有任何反应，需要点击手机的返回键才可以。\n 问题截图 ####\n 异常日志 堆栈 ####\n"
  },
  "198": {
    "summary": "QMUITabSegment配合ViewPager滑动，颜色显示异常",
    "description": " 运行环境 ###\n- [x] 设备型号 如 小米6 \n- [x] 设备系统版本 如 Android 7.0 \n- [x] Gradle 版本 如 2.3.0 \n- [x] QMUI Android 版本 1.0.7 \n 具体问题描述 ###\npager从component向helper滑动,快滑动到helper的时候，松手同时点击底部导航栏的component按钮，会出现底部导航颜色显示异常，demo测试的，自己的应用也这样\n 问题截图 ####\n [image]/tabsegment.png\n 异常日志 堆栈 ####\n"
  },
  "210": {
    "summary": "QMUIListPopup展示不全",
    "description": " 运行环境 ###\n- [x] 设备型号 如 华为P9 \n- [x] 设备系统版本 如 Android 7.0 \n- [x] Gradle 版本 如 2.3.0 \n- [x] QMUI Android 版本 1.0.6 \n 具体问题描述 ###\n我写了一个List长按条目时，弹出菜单。使用QMUIListPopup展示菜单内容。发现当条目恰好，处于屏幕底部时，会出现展示不全的问题。\n目前是在HuaWei P9上有这个问题。其他手机上还没有发现。\n 问题截图 ####\n [tim 37696046-9b869654-2d0e-11e8-9d2b-39d9489e672c.png\n 异常日志 堆栈 ####\n"
  },
  "215": {
    "summary": "QMUIPopup能扩展自定义背景或者类似QQ的黑色主题样式 ",
    "description": "\n 问题截图 ####\n [图片]/QQ E5 9B BE E7 89 8720180327104223.png\n"
  },
  "217": {
    "summary": "在Android8.0上判断手机品牌类型失败",
    "description": "- [x] 设备型号 如 小米6，华为\n- [x] 设备系统版本 如 Android 8.0 \n- [x] QMUI Android 版本 1.1.0\n"
  },
  "234": {
    "summary": "QMUIFloatLayout如何获取展示内容的行数",
    "description": " 运行环境 ###\n- [x] 设备型号 如 小米mix2 \n- [x] 设备系统版本 如 Android 8.0 \n- [x] Gradle 版本 如 4.1.0 \n- [x] QMUI Android 版本 1.1.1 \n 具体问题描述 ###\nQMUIFloatLayout如果是动态填充数据，且每个item的宽度是根据填充内容的宽度自适应的，就会出现每行展示内容不是固定数量，那有什么办法我能知道，一共可以展示多少行呢 \n 问题截图 ####\n 异常日志 堆栈 ####\n"
  },
  "235": {
    "summary": "点击QMUITabSegment中fragment。出现tab中的fragmen会onDestroyView ()",
    "description": " 运行环境 ###\n- [x] 设备型号 如 Nexus 6 \n- [x] 设备系统版本 如 Android 5.0 \n- [x] Gradle 版本 如 2.3.0 \n- [x] QMUI Android 版本 1.x.x \n 具体问题描述 ###\nmainFragment是QMUITabSegment+viewpager。\nsettingfragment是插入的fragment。点击settingfragmen调用 startFragment (new AboutFragment) \nsettingfragment跟mainFragment都会onDestroyView ()。请问怎么解决呢 \n 问题截图 ####\n [image]/26847367/38714386-82308b90-3f08-11e8-91a2-3fc66b30c864.png\n 异常日志 堆栈 ####\n \n \n public CharSequence getPageTitle (int position) {\n switch (position) {\n case 0:\n return Homepage \n case 1:\n return Classify \n case 2:\n return Cart \n case 3:\n default:\n return Mine \n }\n }\n \n protected Object hydrate (ViewGroup container, int position) {\n switch (position) {\n case 0:\n return new MineFragment () \n case 1:\n return new ClassifyFragment () \n case 2:\n return new CartFragment () \n case 3:\n default:\n return new SettingFragment () \n }\n }\n "
  },
  "254": {
    "summary": "在MIUI9 下使用QMUIStatusBarHelper实现状态栏黑色字符问题。",
    "description": " 运行环境 ###\n- [x] 设备型号 如 小米2\n- [x] 设备系统版本 如 Android 5.0.2 \n 具体问题描述 ###\n小米2手机下，最新版本MIUI9是Android5.0.2系统，在实现状态栏黑色字符时，无法改变为黑色。毕竟官方方案是基于6.0以上，MIUI9并不一定都是6.0以上系统。\nisMIUICustomStatusBarLightModeImpl方法判断不详细。\n private static boolean isMIUICustomStatusBarLightModeImpl (){\n return QMUIDeviceHelper.isMIUIV5 () QMUIDeviceHelper.isMIUIV6 () \n QMUIDeviceHelper.isMIUIV7 () QMUIDeviceHelper.isMIUIV8 () \n} \n建议改为 \n private static boolean isMIUICustomStatusBarLightModeImpl (){\n if (QMUIDeviceHelper.isMIUIV9 () Build.VERSION.SDK_INT Build.VERSION_CODES.M){\n return true \n }\n return QMUIDeviceHelper.isMIUIV5 () QMUIDeviceHelper.isMIUIV6 () \n QMUIDeviceHelper.isMIUIV7 () QMUIDeviceHelper.isMIUIV8 () \n } \n"
  },
  "258": {
    "summary": "刘海屏获取状态栏高度问题",
    "description": " 运行环境 ###\n- [x] 设备型号 如 模拟器 \n- [x] 设备系统版本 如 Android 9.0 \n- [x] Gradle 版本 如 3.0.1 \n- [x] QMUI Android 版本 1.1.1 \n 具体问题描述 ###\n在9.0的模拟器下，我将刘海设置出来后。使用getStatusbarHeight获取状态栏高度错误。查看源码发现在initStatusBarHeight方法有判断如果获取的状态高度大于2倍25dp的话，则返回默认高度的25dp。 刘海屏手机状态栏高度普遍大于2倍，且没有统一规范。 建议暂时去除该判断。\n"
  },
  "284": {
    "summary": "QMUIRadiusImageView demo中圆角矩形 显示的是圆形",
    "description": " 具体问题描述 ###\n默认为圆形\n 问题截图 ####\n [screenshot_20180521-163245]/21994586/40298183-d4ca486c-5d14-11e8-95f8-b4613c724ea8.png\n"
  },
  "285": {
    "summary": "QMUITabSegment内容自适应问题",
    "description": " 具体问题描述 ###\nQMUI demo中 如果“内容自适应，超过父容器则滚动”这个页面的tab较少，就会漏出背景色。截图为我修改为3个tab\n 问题截图 ####\n [img_20180521_185005]/21994586/40304204-595d9544-5d28-11e8-8813-9976cafb686d.png\n"
  },
  "293": {
    "summary": "coordinatorlayout + recyclerview 最后一个item显示不全",
    "description": " 运行环境 ###\n- [x] 设备型号 如 荣耀9 \n- [x] 设备系统版本 如 Android 8.0 \n- [x] Gradle 版本 如 3.1.2 \n- [x] QMUI Android 版本 1.x.x \n 具体问题描述 ###\nCoordinatorLayout布局中嵌套recyclerview ，recyclerview 的最后一个item显示不全，QMUI官方的demo也有这个问题。\n \n问题截图 ####\n [_20180528002849]/17454328/40588323-6539efc6-620e-11e8-97b1-836f04d88e14.jpg\n Layout Inspector E6 8F 90 E4 BE 9B-Layout-Inspector- E6 96 87 E4 BB B6) ####\n 异常日志 堆栈 ####\n"
  },
  "294": {
    "summary": "QMUIPullRefreshLayout 配合 RecyclerView 使用下拉刷新滑动问题",
    "description": " 运行环境 ###\n- [x] 设备系统版本 Android 7.0 \n- [x] QMUI Android 版本 1.1.2 \n 具体问题描述 ###\n1. QMUIPullRefreshLayout 配合 RecyclerView 使用，下拉刷新，在没有下拉刷新完成前就执行开始下一次刷新 第二次下拉是手指始终在屏幕上没有抬起的 ，待上一次刷新结束后，手指在屏幕上动一下，手指没有离开屏幕。QMUIPullRefreshLayout 马上会执行下拉，而且下拉的高度和第二次手指的位置有关。\n2. 当设置 RecyclerView 的 nestedScrollingEnabled = false 或者 isNestedScrollingEnabled = false 就不会有这个问题\n"
  },
  "295": {
    "summary": "Update QMUIProgressBar.java",
    "description": "mValue - mMaxValue\n添加一个setProgress (int progress, boolean animated) 方法"
  },
  "297": {
    "summary": "一直编译失败",
    "description": "\n [image]/6706496/40758437-e931e7d0-64bf-11e8-9625-b1b4da05f51d.png\n"
  },
  "304": {
    "summary": "QMUILinkTextView 点击link时会触发到OnClickListener和OnLinkClickListener",
    "description": "期望是点击link的时候只触发OnLinkClickListener，非link区域才触发OnClickListener。因为要做不同的逻辑"
  },
  "308": {
    "summary": "【反馈】TabSegment在人为的调用selectTab方法下，indicator并不会跟着移动到正确位置。",
    "description": " 运行环境 ###\n- [x] 设备系统版本 Android 4.4 \n- [x] Gradle 版本 4.1 \n- [x] Gradle tools版本 3.0.0 \n- [x] QMUI Android 版本 1.1.0 \n 具体问题描述 ###\n TabSegment在人为的调用selectTab方法下，indicator并不会跟着移动到正确位置。\n"
  },
  "329": {
    "summary": "QMUICommonListItemView图片没有自动缩放",
    "description": " 运行环境 ###\n- [x] 设备型号 如 Nexus 5 \n- [x] 设备系统版本 如 Android 4.4 \n- [x] Gradle 版本 如 3.0 \n- [x] QMUI Android 版本 1.1.5 \n 具体问题描述 ###\n感觉没被大佬看到在提问一次。描述清楚点。。。\n[QMUIGroupListView图片不能图片自动缩放 ]/QMUI/QMUI_Android/issues/323\n这个提问有我相关的解决方法讨论\n 问题截图 ####\n [image]/11622206/41884224-10c14e84-7925-11e8-9bb7-37a1d5093c20.png\n Layout Inspector E6 8F 90 E4 BE 9B-Layout-Inspector- E6 96 87 E4 BB B6) ####\n 异常日志 堆栈 ####\n"
  },
  "334": {
    "summary": "Fragment退出没有隐藏输入法",
    "description": "[QUMIFragment]/QMUI/QMUI_Android/blob/master/arch/src/main/java/com/qmuiteam/qmui/arch/QMUIFragment.java\n \nswipeBackLayout.addSwipeListener (new SwipeBackLayout.SwipeListener () {\n private QMUIFragment mModifiedFragment = null \n \n public void onScrollStateChange (int state, float scrollPercent) {\n//TODO 隐藏输入法\n Log.i (TAG, SwipeListener:onScrollStateChange: state = + state + scrollPercent = + scrollPercent) \n ViewGroup container = getBaseFragmentActivity ().getFragmentContainer () \n int childCount = container.getChildCount () \n...\n "
  },
  "352": {
    "summary": "在使用 QMUITabSegment 与 ViewPager 中 tab 切换 最后一个 tab 沉浸式状态栏 padding 消失 ",
    "description": " 运行环境 ###\n- [x] 设备型号 如 mi6 \n- [x] 设备系统版本 如 Android 7.0 \n- [x] Gradle 版本 如 4.4 \n- [x] QMUI Android 版本 1.1.5 \n 具体问题描述 ###\n在使用 QMUITabSegment 与 ViewPager 中 tab 切换 最后一个 tab 沉浸式状态栏 padding 消失 \n 问题截图 ####\n [image]/5001253/43500138-a898b904-9581-11e8-813b-012b94522c5a.png\n [image]/5001253/43500139-b013b6d4-9581-11e8-91b4-5ad61c27da16.png\n Layout Inspector 文件\n[com.qmuiteam.qmuidemo_2018.08.01_11.55.zip]/QMUI/QMUI_Android/files/2247972/com.qmuiteam.qmuidemo_2018.08.01_11.55.zip\n目前的解决办法 \n [image]/5001253/43500280-4f9b9622-9582-11e8-861d-1bf2b55025b7.png\n"
  },
  "353": {
    "summary": "QMUILinkTextView ",
    "description": "QMUILinkTextView 如果显示 嗯嗯www.baidu.com 就不会触发auto事件 (web)，\n如果在嗯嗯和www.baidu.com中间加一个空格，如 嗯嗯 www.baidu.com 就会有web的auto事件 \n我在微信试了一次，没有空格的汉字加链接也可以点击，请问这个怎么改 "
  },
  "373": {
    "summary": "一个严重的BUG，使用ARCH框架，一个Activity拖多个Fragments，在Fragment和Fragment频繁切换的时候会出现APP直接“卡死”",
    "description": " 运行环境 ###\n- [x] 设备型号 如 小米Mix2，华为P10 \n- [x] 设备系统版本 如 Android 8.0.0 \n- [x] Gradle 版本 如 4.4.1 \n- [x] QMUI Android 版本 com.qmuiteam:arch:0.1.1 \n 具体问题描述 ###\n一个严重的BUG，使用ARCH框架，一个Activity拖多个Fragments，在Fragment和Fragment频繁切换的时候会出现APP直接“卡死”，APP不触发点击触摸等事件了，界面卡死不动，控制不了，然后手机并无卡顿，正常返回，没有黑屏，经过多次测试，发现是在GC频繁回收内存时可能触发，每次出现上诉问题，都是在GC回收之后。\n希望能够时效反馈下，现在已经集成到应用内了，项目将要上线，但是出现这个严重的BUG\n 问题截图 ######\n Layout Inspector E6 8F 90 E4 BE 9B-Layout-Inspector- E6 96 87 E4 BB B6) ####\n 异常日志 堆栈 ####\n没有错误日志返回，点击屏幕APP的触摸事件无响应，AS打印系统级的触摸事件。使用官方的示例项目也会出现这个问题"
  },
  "376": {
    "summary": "低版本问题",
    "description": " 运行环境 ###\n- [x] 设备型号 如 Nexus 6 \n- [x] 设备系统版本 如 Android 4.0.4 \n- [x] Gradle 版本 如 4.4.0 \n- [x] QMUI Android 版本 1.1.3 \n 具体问题描述 ###\n在低版本API15会崩溃，提示找不到方法\n 问题截图 ####\n Layout Inspector E6 8F 90 E4 BE 9B-Layout-Inspector- E6 96 87 E4 BB B6) ####\n 异常日志 堆栈 ####\njava.lang.NoSuchMethodError: com.qmuiteam.qmui.layout.QMUIButton.setBackground\n at com.qmuiteam.qmui.widget.dialog.QMUIDialogAction.generateActionButton (QMUIDialogAction.java:123)\n at com.qmuiteam.qmui.widget.dialog.QMUIDialogAction.buildActionView (QMUIDialogAction.java:105)\n at com.qmuiteam.qmui.widget.dialog.QMUIDialogBuilder.onCreateHandlerBar (QMUIDialogBuilder.java:402)\n at com.qmuiteam.qmui.widget.dialog.QMUIDialogBuilder.create (QMUIDialogBuilder.java:301)\n at com.qmuiteam.qmui.widget.dialog.QMUIDialogBuilder.create (QMUIDialogBuilder.java:274)\n at com.qmuiteam.qmui.widget.dialog.QMUIDialogBuilder.show (QMUIDialogBuilder.java:263)\n"
  },
  "387": {
    "summary": "QMUIFragment 的BUG",
    "description": "\n public static final int RESULT_CANCELED = Activity.RESULT_CANCELED \npublic static final int RESULT_OK = Activity.RESULT_CANCELED \n敲错代码了吧 \n65，66行"
  },
  "399": {
    "summary": "demo中调用popBackStack后，如果直接启动一个新的activity，然后finish这个activity，fragment界面UI会卡住",
    "description": " 运行环境 ###\n- [x] 设备型号 如 Nexus 6 \n- [x] 设备系统版本 如 Android 5.0 \n- [x] Gradle 版本 如 2.3.0 \n- [x] QMUI Android 版本 1.x.x \n 具体问题描述 ###\n 问题截图 ####\n Layout Inspector E6 8F 90 E4 BE 9B-Layout-Inspector- E6 96 87 E4 BB B6) ####\n 异常日志 堆栈 ####\n"
  },
  "401": {
    "summary": "侧滑返回的时候有几率会Crash",
    "description": " 运行环境 ###\n- [x] 设备型号 Samsung SM-G9350 \n- [x] 设备系统版本 Android 6.0.1 \n- [x] Gradle 版本 3.2.0 \n- [x] QMUI Android 版本 1.1.7 \n 具体问题描述 ###\n侧滑返回的时候有几率会Crash\n 问题截图 ####\n Layout Inspector E6 8F 90 E4 BE 9B-Layout-Inspector- E6 96 87 E4 BB B6) ####\n 异常日志 堆栈 ####\njava.lang.IllegalStateException: The specified child already has a parent. You must call removeView () on the child s parent first.\n at android.view.ViewGroup.addViewInner (ViewGroup.java:4654)\n at android.view.ViewGroup.addView (ViewGroup.java:4490)\n at android.view.ViewGroup.addView (ViewGroup.java:4431)\n at com.qmuiteam.qmui.arch.QMUIFragment 2.onEdgeTouch (QMUIFragment.java:383)\n at com.qmuiteam.qmui.arch.SwipeBackLayout ViewDragCallback.tryCaptureView (SwipeBackLayout.java:483)\n at android.support.v4.widget.ViewDragHelper.tryCaptureViewForDrag (ViewDragHelper.java:908)\n at android.support.v4.widget.ViewDragHelper.shouldInterceptTouchEvent (ViewDragHelper.java:1062)\n at com.qmuiteam.qmui.arch.SwipeBackLayout.onInterceptTouchEvent (SwipeBackLayout.java:373)\n at android.view.ViewGroup.dispatchTouchEvent (ViewGroup.java:2366)\n at android.view.ViewGroup.dispatchTransformedTouchEvent (ViewGroup.java:2839)\n at android.view.ViewGroup.dispatchTouchEvent (ViewGroup.java:2514)\n at android.view.ViewGroup.dispatchTransformedTouchEvent (ViewGroup.java:2839)\n at android.view.ViewGroup.dispatchTouchEvent (ViewGroup.java:2514)\n at android.view.ViewGroup.dispatchTransformedTouchEvent (ViewGroup.java:2839)\n at android.view.ViewGroup.dispatchTouchEvent (ViewGroup.java:2514)\n at android.view.ViewGroup.dispatchTransformedTouchEvent (ViewGroup.java:2839)\n at android.view.ViewGroup.dispatchTouchEvent (ViewGroup.java:2514)\n at android.view.ViewGroup.dispatchTransformedTouchEvent (ViewGroup.java:2839)\n at android.view.ViewGroup.dispatchTouchEvent (ViewGroup.java:2514)\n at android.view.ViewGroup.dispatchTransformedTouchEvent (ViewGroup.java:2839)\n at android.view.ViewGroup.dispatchTouchEvent (ViewGroup.java:2514)\n at com.android.internal.policy.PhoneWindow DecorView.superDispatchTouchEvent (PhoneWindow.java:2831)\n at com.android.internal.policy.PhoneWindow.superDispatchTouchEvent (PhoneWindow.java:1863)\n at android.app.Activity.dispatchTouchEvent (Activity.java:3046)\n at android.support.v7.view.WindowCallbackWrapper.dispatchTouchEvent (WindowCallbackWrapper.java:68)\n at com.android.internal.policy.PhoneWindow DecorView.dispatchTouchEvent (PhoneWindow.java:2792)\n at android.view.View.dispatchPointerEvent (View.java:10228)\n at android.view.ViewRootImpl ViewPostImeInputStage.processPointerEvent (ViewRootImpl.java:5350)\n at android.view.ViewRootImpl ViewPostImeInputStage.onProcess (ViewRootImpl.java:5186)\n at android.view.ViewRootImpl InputStage.deliver (ViewRootImpl.java:4626)\n at android.view.ViewRootImpl InputStage.onDeliverToNext (ViewRootImpl.java:4679)\n at android.view.ViewRootImpl InputStage.forward (ViewRootImpl.java:4645)\n at android.view.ViewRootImpl AsyncInputStage.forward (ViewRootImpl.java:4787)\n at android.view.ViewRootImpl InputStage.apply (ViewRootImpl.java:4653)\n at android.view.ViewRootImpl AsyncInputStage.apply (ViewRootImpl.java:4844)\n at android.view.ViewRootImpl InputStage.deliver (ViewRootImpl.java:4626)\n at android.view.ViewRootImpl InputStage.onDeliverToNext (ViewRootImpl.java:4679)\n at android.view.ViewRootImpl InputStage.forward (ViewRootImpl.java:4645)\n at android.view.ViewRootImpl InputStage.apply (ViewRootImpl.java:4653)\n at android.view.ViewRootImpl InputStage.deliver (ViewRootImpl.java:4626)\n at android.view.ViewRootImpl.deliverInputEvent (ViewRootImpl.java:7323)\n at android.view.ViewRootImpl.doProcessInputEvents (ViewRootImpl.java:7201)\n at android.view.ViewRootImpl.enqueueInputEvent (ViewRootImpl.java:7162)\n at android.view.ViewRootImpl WindowInputEventReceiver.onInputEvent (ViewRootImpl.java:7433)\n at android.view.InputEventReceiver.dispatchInputEvent (InputEventReceiver.java:185)\n at android.view.InputEventReceiver.nativeConsumeBatchedInputEvents (Native Method)\n at android.view.InputEventReceiver.consumeBatchedInputEvents (InputEventReceiver.java:176)\n at android.view.ViewRootImpl.doConsumeBatchedInput (ViewRootImpl.java:7397)\n at android.view.ViewRootImpl ConsumeBatchedInputRunnable.run (ViewRootImpl.java:7460)\n \nat android.view.Choreographer CallbackRecord.run (Choreograph\n"
  },
  "429": {
    "summary": "升级新版arch库报错",
    "description": " 运行环境 ###\n- [x] 设备型号 小米6 \n- [x] 设备系统版本 Android 8.1.0 \n- [x] Gradle 版本 3.2.1 \n- [x] QMUI Android 版本 1.1.7 \n- [x] arch 库版本 0.2.0 \n 具体问题描述 ###\n打开一个新的Fragment然后在退出，会崩溃\n 问题截图 ####\n Layout Inspector E6 8F 90 E4 BE 9B-Layout-Inspector- E6 96 87 E4 BB B6) ####\n 异常日志 堆栈 ####\n"
  },
  "443": {
    "summary": "侧滑返回的时候背景会闪烁",
    "description": " 运行环境 ###\n- [x] 设备型号 小米6\n- [x] 设备系统版本 Android 8.1.0\n- [x] Gradle 版本 3.2.1 \n- [x] QMUI Android 版本 1.1.8 \n 具体问题描述 ###\n升级到1.1.8版本之后，侧滑返回的时候背景会闪烁\n 问题截图 ####\n Layout Inspector E6 8F 90 E4 BE 9B-Layout-Inspector- E6 96 87 E4 BB B6) ####\n 异常日志 堆栈 ####\n"
  },
  "449": {
    "summary": "侧滑关闭闪屏",
    "description": " 运行环境 ###\n- [x] 设备型号 如 三星S6 SM-G9250 \n- [x] 设备系统版本 如 Android 6.0.1 \n- [x] Gradle 版本 如 4.6 \n- [x] QMUI Android 版本 1.1.10 \n 具体问题描述 ###\n从Fragment跳到Activity，再从Activity侧滑关闭回到 fragment时 屏幕闪烁。\n 问题截图 ####\n Layout Inspector E6 8F 90 E4 BE 9B-Layout-Inspector- E6 96 87 E4 BB B6) ####\n 异常日志 堆栈 ####\n11-30 15:29:45.922 com.ao.supermanager ViewRootImpl: ViewPostImeInputStage processPointer 0\n11-30 15:29:46.152 com.ao.supermanager ViewRootImpl: ViewPostImeInputStage processPointer 1\n11-30 15:29:46.662 com.ao.supermanager ViewRootImpl: ViewPostImeInputStage processPointer 0\n11-30 15:29:46.672 com.ao.supermanager QMUIActivity: SwipeListener:onEdgeTouch: edgeFlag = 1\n11-30 15:29:46.672 com.ao.supermanager QMUIActivity: SwipeListener:onScrollStateChange: state = 1 scrollPercent = 0.0\n11-30 15:29:46.782 com.ao.supermanager ViewRootImpl: ViewPostImeInputStage processPointer 1\n11-30 15:29:46.782 com.ao.supermanager QMUIActivity: SwipeListener:onScrollStateChange: state = 2 scrollPercent = 0.18575063\n11-30 15:29:47.232 com.ao.supermanager QMUIActivity: SwipeListener:onScrollStateChange: state = 0 scrollPercent = 1.0063614\n11-30 15:29:47.232 com.ao.supermanager CrashReport: com.ao.supermanager.activity.InputWifiActivity onPaused \n11-30 15:29:47.242 com.ao.supermanager CrashReport-Native: Set native info: isAppForeground (false)\n11-30 15:29:47.252 com.ao.supermanager CrashReport: com.ao.supermanager.MainActivity onResumed \n11-30 15:29:47.252 com.ao.supermanager CrashReport-Native: Set native info: isAppForeground (true)\n11-30 15:29:47.262 com.ao.supermanager mali_winsys: new_window_surface returns 0x3000, [1440x2560]-format:1\n11-30 15:29:47.262 com.ao.supermanager ActivityThread: AppLock checkAppLockState isAppLocked = false pkgName = com.ao.supermanager showWhenLocked = false\n11-30 15:29:47.292 com.ao.supermanager Timeline: Timeline: Activity_idle id: android.os.BinderProxy time:22509180\n11-30 15:29:47.312 com.ao.supermanager CrashReport: com.ao.supermanager.activity.InputWifiActivity onDestroyed \n11-30 15:29:47.312 com.ao.supermanager ViewRootImpl: #3 mView = null\n"
  },
  "451": {
    "summary": "侧滑返回的时候QMUICollapsingTopBarLayout标题丢失",
    "description": " 运行环境 ###\n- [x] 设备型号 小米6、三星S7\n- [x] 设备系统版本 Android8.1、Android6.0.1\n- [x] Gradle 版本 3.2.1\n- [x] QMUI Android 版本 1.1.9 \n 具体问题描述 ###\n侧滑返回的时候QMUICollapsingTopBarLayout标题丢失，如果QMUICollapsingTopBarLayout在滑动中途，则会出现错位\n 问题截图 ####\n [screenshot_20181130-163739]/16847201/49429721-2fb81f00-f7e4-11e8-96d2-48e8f45d3129.png\n [screenshot_20181130-163730]/16847201/49429725-321a7900-f7e4-11e8-9b2e-2c7de92e6203.png\n"
  },
  "459": {
    "summary": "bugfix: Crash when using result from StaticLayout.getLineForVertical ()",
    "description": "bugfix: 113348914\n在今年8月31日该问题刚被修复，之前的Android版本只能看着崩"
  },
  "480": {
    "summary": "fragment嵌套fragment白屏",
    "description": " 运行环境 ###\n- [x] 设备型号 如 小米note3 \n- [x] 设备系统版本 如 Android 6.0 \n- [x] Gradle 版本 如 2.3.0 \n- [x] QMUI Android 版本 1.1.11 \n 具体问题描述 ###\nfragment长时间在后台，然后再切换到前台，之前打开的fragment会是白屏 demo里QDFitSystemWindowViewPagerFragment页面可以重现这个问题 若想快速重现，可在手机的 “设置” - “开发者选项” - 打开”不保留活动”。这样就不需要长时间在后台了。\n 问题截图 ####\n [1981546943233_ 50825165-50d7d680-1373-11e9-9745-d12ba4e86dd4.jpg\n"
  },
  "481": {
    "summary": "QMUIListPopup在android4.4以下崩溃",
    "description": " 运行环境 ###\n- [x] 设备型号 荣耀3C\n- [x] 设备系统版本 Android 4.2\n- [x] Gradle 版本 3.2.1\n- [x] QMUI Android 版本 1.1.10\n 具体问题描述 ###\n QMUIListPopup 在android4.4以下崩溃\n 异常日志 堆栈 ####\n \nandroid.view.InflateException: Binary XML file line #13: Error inflating class ImageView\n at android.app.ActivityThread.performLaunchActivity (ActivityThread.java:2077)\n at android.app.ActivityThread.handleLaunchActivity (ActivityThread.java:2102)\n at android.app.ActivityThread.access 600 (ActivityThread.java:137)\n at android.app.ActivityThread H.handleMessage (ActivityThread.java:1210)\n at android.os.Handler.dispatchMessage (Handler.java:99)\n at android.os.Looper.loop (Looper.java:137)\n at android.app.ActivityThread.main (ActivityThread.java:4825)\n at java.lang.reflect.Method.invokeNative (Native Method)\n at java.lang.reflect.Method.invoke (Method.java:511)\n at com.android.internal.os.ZygoteInit MethodAndArgsCaller.run (ZygoteInit.java:841)\n at com.android.internal.os.ZygoteInit.main (ZygoteInit.java:608)\n at dalvik.system.NativeStart.main (Native Method)\n Caused by: android.view.InflateException: Binary XML file line #13: Error inflating class ImageView\n at android.view.LayoutInflater.createViewFromTag (LayoutInflater.java:704)\n at android.view.LayoutInflater.rInflate (LayoutInflater.java:746)\n at android.view.LayoutInflater.inflate (LayoutInflater.java:489)\n at io.github.inflationx.viewpump.ViewPumpLayoutInflater.inflate (ViewPumpLayoutInflater.java:55)\n at android.view.LayoutInflater.inflate (LayoutInflater.java:396)\n at com.qmuiteam.qmui.widget.popup.QMUIPopup.setContentView (QMUIPopup.java:261)\n at com.qmuiteam.qmui.widget.popup.QMUIListPopup.create (QMUIListPopup.java:41)\n \n QMUIListPopup 的布局中使用了webp文件 QMUI_Android/qmui/src/main/res/drawable- hdpi/qmui_popup_arrow_down.webp ，导致低版本不兼容。\n"
  }
}