{
  "52": {
    "summary": "Fixed write conflicts in mdb files in HOTFIX_DEBUG_SYMBOL mode",
    "description": "The mdb write conflict is due to the fact that when HotfixInject is called, the mdb file is read first but not released, which can be resolved by releasing it before return.\nIn order to make it convenient for users to pack, it is suggested that in places like this # if HOTFIX_ENABLE can be changed to # if HOTFIX_ENABLE UNITY_EDITOR",
    "summary_bilingual_indexes": [
      0
    ],
    "description_bilingual_indexes": [
      0,
      1
    ]
  },
  "66": {
    "summary": "fix Unity5.5 runInEditMode",
    "description": "fix Unity5.5 runInEditMode",
    "summary_bilingual_indexes": [],
    "description_bilingual_indexes": []
  },
  "70": {
    "summary": "Filter the Obsolute field of an enumeration",
    "description": "When compiling the Android platform, it will report a compilation error similar to the following. The Editor can compile normally. \nAssets/XLua/Gen/EnumWrap.cs (149,106): error CS0117: UnityEngine.RuntimePlatform does not contain a definition for BB10Player \nTest Environment Unity 5.4.3f1\nBlock Obsolute fields in code generation templates",
    "summary_bilingual_indexes": [
      0
    ],
    "description_bilingual_indexes": [
      0,
      2,
      3
    ]
  },
  "74": {
    "summary": "Some fixes, see commit message for details",
    "description": "1. Fixed compilation failure caused by empty parameter name when generating proxy class in some cases\ntwo。 Fixed an error when importing a class with a custom attribute named Item [] this generated Item property has parameters, which distinguishes it\n",
    "summary_bilingual_indexes": [
      0
    ],
    "description_bilingual_indexes": [
      0,
      1
    ]
  },
  "96": {
    "summary": "Increase support for some methods and extension methods with generic constraints",
    "description": "Related [issue91] / Tencent/xLua/pull/91\nThe example is under XLua/Examples/09_GenericMethod",
    "summary_bilingual_indexes": [
      0
    ],
    "description_bilingual_indexes": [
      0,
      1
    ]
  },
  "99": {
    "summary": "Fixed the problem of generating compilation errors caused by extension methods with generics",
    "description": "Fixed an issue like NGUITools.AddMissingComponent T (this GameObject) where T:Component that caused code generation to compile.",
    "summary_bilingual_indexes": [
      0
    ],
    "description_bilingual_indexes": [
      0
    ]
  },
  "117": {
    "summary": "Add DoString/LoadString/LoadFromResource interfaces Add overload to byte[], directly load Lua bytecode",
    "description": "The new API LuaEnv.DoBytes is used to load the Lua bytecode bytecode precompiled with luac.",
    "summary_bilingual_indexes": [
      0
    ],
    "description_bilingual_indexes": [
      0
    ]
  },
  "133": {
    "summary": "fix 132",
    "description": "fix 132",
    "summary_bilingual_indexes": [],
    "description_bilingual_indexes": []
  },
  "145": {
    "summary": "Using CSharpCallLua exception in non-UnityEditor environment",
    "description": "",
    "summary_bilingual_indexes": [
      0
    ],
    "description_bilingual_indexes": []
  },
  "149": {
    "summary": "Update LuaBase.cs",
    "description": "LuaBase Equals prejudge null",
    "summary_bilingual_indexes": [],
    "description_bilingual_indexes": [
      0
    ]
  },
  "153": {
    "summary": "Add UT use case",
    "description": "1. Add the use case of constructor with ref and out modifiers\n2. Adding variable parameters does not provide use cases\n3. Remove 2 use cases of GenCode",
    "summary_bilingual_indexes": [
      0
    ],
    "description_bilingual_indexes": [
      0,
      1,
      2
    ]
  },
  "156": {
    "summary": "Error naming variable for the number of profiler.report calls",
    "description": "Error naming variable for the number of profiler.report calls",
    "summary_bilingual_indexes": [
      0
    ],
    "description_bilingual_indexes": [
      0
    ]
  },
  "165": {
    "summary": "Methods marked with Obsolete do not generate code, but reflection calls are normal. Added a call prompt to prevent errors after packaging.",
    "description": "",
    "summary_bilingual_indexes": [
      0
    ],
    "description_bilingual_indexes": []
  },
  "168": {
    "summary": "Allows users to set the NDK path through the ANDROID_NDK environment variable",
    "description": "Allows users to set the NDK path through the ANDROID_NDK environment variable, such as\n export android-ndk-r10e\n make_android_lua53.sh\n",
    "summary_bilingual_indexes": [
      0
    ],
    "description_bilingual_indexes": [
      0
    ]
  },
  "169": {
    "summary": "Doc format document to markdown first version, only format conversion",
    "description": "Doc format document to markdown first version, only format conversion",
    "summary_bilingual_indexes": [
      0
    ],
    "description_bilingual_indexes": [
      0
    ]
  },
  "176": {
    "summary": "add docs",
    "description": "add docs",
    "summary_bilingual_indexes": [],
    "description_bilingual_indexes": []
  },
  "177": {
    "summary": "Fixed errors in building the LuaJIT version of Android under Mac",
    "description": "",
    "summary_bilingual_indexes": [
      0
    ],
    "description_bilingual_indexes": []
  },
  "181": {
    "summary": "docs bug fixed",
    "description": "- fixed build warning mail\n- fixed info error",
    "summary_bilingual_indexes": [],
    "description_bilingual_indexes": []
  },
  "183": {
    "summary": "After the WSA build script is completed, automatically copy the dll to the plugins directory",
    "description": "",
    "summary_bilingual_indexes": [
      0
    ],
    "description_bilingual_indexes": []
  },
  "202": {
    "summary": "Fixed that WWW.threadPriority is not available under WebGL and added the exported blacklist.",
    "description": "Test environment Unity5.6.1f3",
    "summary_bilingual_indexes": [
      0
    ],
    "description_bilingual_indexes": [
      0
    ]
  },
  "209": {
    "summary": "Add scripts for compiling android dynamic link libraries on Windows platform",
    "description": "Android SDK and NDK r10e need to be installed",
    "summary_bilingual_indexes": [
      0
    ],
    "description_bilingual_indexes": [
      0
    ]
  },
  "210": {
    "summary": "Fixed several build failures under UWP due to not calling the Type extension method",
    "description": "",
    "summary_bilingual_indexes": [
      0
    ],
    "description_bilingual_indexes": []
  },
  "222": {
    "summary": "Fixed several problems that could not be compiled under UWP",
    "description": "Changes:\n1. Add IsNestedPublic and IsPublic as extension methods of Type\n2. Using MethodInfo.CreateDelegate instead Delegate.CreateDelegate for UWP",
    "summary_bilingual_indexes": [
      0
    ],
    "description_bilingual_indexes": []
  },
  "225": {
    "summary": "Hotfix add procedure Tip",
    "description": "This time, only two TextAreas were added at the back of OnGUI to display the prompt text, but VS conveniently formatted the code, so the contrast looked a bit messy.",
    "summary_bilingual_indexes": [
      0
    ],
    "description_bilingual_indexes": [
      0
    ]
  },
  "265": {
    "summary": "Fixed lua_close needing to remove L to avoid lua_gl getting the wrong gl when LuaEnv is released",
    "description": "",
    "summary_bilingual_indexes": [
      0
    ],
    "description_bilingual_indexes": []
  },
  "288": {
    "summary": "Fixed that no code will be generated when the parameter is a generic type, such as ICollectio D.",
    "description": "Fixed / Tencent/xLua/issues/282, code will not be generated as long as the parameter is a generic type and no instantiation type is specified",
    "summary_bilingual_indexes": [
      0
    ],
    "description_bilingual_indexes": [
      0
    ]
  },
  "299": {
    "summary": "Optimize documentation and sample code",
    "description": "Optimize documentation and sample code",
    "summary_bilingual_indexes": [
      0
    ],
    "description_bilingual_indexes": [
      0
    ]
  },
  "306": {
    "summary": "Perfect the sample program",
    "description": "Add run scenarios, optimize comments, adjust part of the code\nPart of the references in the description document are changed to md files to facilitate preview",
    "summary_bilingual_indexes": [
      0
    ],
    "description_bilingual_indexes": [
      0,
      1
    ]
  },
  "327": {
    "summary": "resave by Unity4.6.7f1",
    "description": "",
    "summary_bilingual_indexes": [],
    "description_bilingual_indexes": []
  },
  "333": {
    "summary": "[*]fix DirectoryNotFoundException",
    "description": "If HotfixInject is called when the Gen folder does not exist, this exception will be thrown.",
    "summary_bilingual_indexes": [],
    "description_bilingual_indexes": [
      0
    ]
  },
  "336": {
    "summary": "[*] if you open this code and run cast to the property, you need to judge the permission of the set method.",
    "description": "Hello, the Cast to attribute conversion feature is needed in the current project, so it is more reasonable to judge the set method permission of the attribute first, and then set.",
    "summary_bilingual_indexes": [
      0
    ],
    "description_bilingual_indexes": [
      0
    ]
  },
  "347": {
    "summary": "Modify luaLock in LuaEnv to a non-static member to avoid deadlocks in multi-threaded multi-LuaEnv",
    "description": "At the same time, lock the Add/Find/Remove method of ObjectTranslatorPool after opening THREAD_SAFE.\nAnother problem that has not been confirmed is that there will be no problems with multithreading in the C # layer after these changes have been made, but there is a chance of data confusion within the Lua virtual machine in a long-term multithreaded mode. It is suspected that because the native of the original Lua does not achieve thread safety [Ref. 1] / ghost240/p/3526185.html, [Ref. 2] / questions/3010974/purpose-of-lua-lock-and-lua-unlock, you may need to compile a native with pthread.",
    "summary_bilingual_indexes": [
      0
    ],
    "description_bilingual_indexes": [
      0,
      1
    ]
  },
  "349": {
    "summary": "[+] blacklist",
    "description": "Added a blacklist of errors reported in version 2017 and reserved several macros.",
    "summary_bilingual_indexes": [
      0
    ],
    "description_bilingual_indexes": [
      0
    ]
  },
  "388": {
    "summary": "Update perflib.c",
    "description": "To warn that the array type cannot be a null pointer",
    "summary_bilingual_indexes": [],
    "description_bilingual_indexes": [
      0
    ]
  },
  "395": {
    "summary": "Implement the mapping of events to indexes in interface",
    "description": "",
    "summary_bilingual_indexes": [
      0
    ],
    "description_bilingual_indexes": []
  },
  "398": {
    "summary": "Correction of Xlua English documents",
    "description": "The original translation is already very good, just a little modified according to their own views, greatly refueling",
    "summary_bilingual_indexes": [
      0
    ],
    "description_bilingual_indexes": [
      0
    ]
  },
  "399": {
    "summary": "A little change.",
    "description": "This translation is really good, very good.",
    "summary_bilingual_indexes": [
      0
    ],
    "description_bilingual_indexes": [
      0
    ]
  },
  "400": {
    "summary": "A little modification",
    "description": "There is no problem as a whole. It is easy to read smoothly.",
    "summary_bilingual_indexes": [
      0
    ],
    "description_bilingual_indexes": [
      0
    ]
  },
  "415": {
    "summary": "Add examples of automatic builds from the command line and editor menus",
    "description": "Test Environment Unity2017.4.3f1",
    "summary_bilingual_indexes": [
      0
    ],
    "description_bilingual_indexes": [
      0
    ]
  },
  "416": {
    "summary": "Modify the packaging interface compatible with version 5.x",
    "description": "",
    "summary_bilingual_indexes": [
      0
    ],
    "description_bilingual_indexes": []
  },
  "417": {
    "summary": "Fixed problems with newline characters and outputDir",
    "description": "",
    "summary_bilingual_indexes": [
      0
    ],
    "description_bilingual_indexes": []
  },
  "444": {
    "summary": "Eliminate compilation warnings",
    "description": "It will be a little troublesome to use the warning as a wrong project.",
    "summary_bilingual_indexes": [
      0
    ],
    "description_bilingual_indexes": [
      0
    ]
  },
  "447": {
    "summary": "Fix the Bug that cannot be accessed by the method of public with the same name after xlua.private_accessible access",
    "description": "",
    "summary_bilingual_indexes": [
      0
    ],
    "description_bilingual_indexes": []
  },
  "449": {
    "summary": "When SINGLE_EVN is turned on, there are some redundant variable definitions",
    "description": "",
    "summary_bilingual_indexes": [
      0
    ],
    "description_bilingual_indexes": []
  },
  "454": {
    "summary": "Update the api.md of the manual",
    "description": "The c#api document in Asset Doc is arranged and placed here.\nAsset XLua_API.md\nThe requested URL/public/v1/guide/api.html was not found on this server.",
    "summary_bilingual_indexes": [
      0
    ],
    "description_bilingual_indexes": [
      0,
      2
    ]
  },
  "456": {
    "summary": "Osx platform no longer supports 32bit version construction",
    "description": "Xcode 10 no longer supports the 32-bit macos platform architecture, removing it from CMakeFileLists.txt",
    "summary_bilingual_indexes": [
      0
    ],
    "description_bilingual_indexes": [
      0
    ]
  },
  "467": {
    "summary": "06 Coroutine example supports co-program waiting for co-program",
    "description": "It seems that the original IEnumeratorHolder exists to be stopped, and the Coroutine returned by StartCoroutine can also be stopped.\ncoroutine as the return value can be implemented in the coroutine waiting to start a new coroutine, but IEnumeratorHolder can not",
    "summary_bilingual_indexes": [
      0
    ],
    "description_bilingual_indexes": [
      0,
      1
    ]
  },
  "474": {
    "summary": "Build lib under Windows. If you fail to execute cmake with the parameter vs 2015, continue to try to use vs 2017",
    "description": "",
    "summary_bilingual_indexes": [
      0
    ],
    "description_bilingual_indexes": []
  },
  "483": {
    "summary": "Reduced mode export code reported error",
    "description": "Reduced mode export code reported error",
    "summary_bilingual_indexes": [
      0
    ],
    "description_bilingual_indexes": [
      0
    ]
  },
  "488": {
    "summary": "Build luac under Windows. If you fail to execute cmake with the parameter vs 2015, continue to try to use vs 2017",
    "description": "",
    "summary_bilingual_indexes": [
      0
    ],
    "description_bilingual_indexes": []
  },
  "494": {
    "summary": "Fix warnings when compare array member of struct to NULL.",
    "description": "Should fix #492",
    "summary_bilingual_indexes": [],
    "description_bilingual_indexes": []
  },
  "507": {
    "summary": "add switch support",
    "description": "HI, recently doing pre-research related to Switch, added some compilation conditions to xLua. Hope to adopt it.",
    "summary_bilingual_indexes": [],
    "description_bilingual_indexes": [
      0
    ]
  }
}