{
  "1": {
    "summary": "Readme is a good place to start.",
    "description": "Rictyのままになっているので。\n",
    "summary_bilingual_indexes": [
      0
    ],
    "description_bilingual_indexes": []
  },
  "5": {
    "summary": "The bottom line is shown with a dash.",
    "description": " img width= 324 alt= underline 7caf1874-5398-11e6-8532-a90b51d142c7.png \n (PuTTY DirectWrite version)\nThe underline position is crazy.\nThe first is that the user has to make a manual correction to 100/100.\n",
    "summary_bilingual_indexes": [
      0
    ],
    "description_bilingual_indexes": [
      2,
      3
    ]
  },
  "8": {
    "summary": "workaround: mkdir automatically",
    "description": "The synthesis script would be interrupted if git clone didn't have a directory, so the directory was automatically generated.\n",
    "summary_bilingual_indexes": [],
    "description_bilingual_indexes": [
      0
    ]
  },
  "11": {
    "summary": "Readme.md NotoEmoji is not available",
    "description": "Not written\n",
    "summary_bilingual_indexes": [
      0
    ],
    "description_bilingual_indexes": [
      0
    ]
  },
  "12": {
    "summary": "I'll write it all in Python someday.",
    "description": "いつか・・・",
    "summary_bilingual_indexes": [
      0
    ],
    "description_bilingual_indexes": []
  },
  "15": {
    "summary": "There's an anomaly in the column.",
    "description": "Windows' GVim, Mac's MacVim and so on are not unusual\n# IntelliJ IDEA\nThe CICA is going to drive cars crazy\n [untitled 2017-10-11 31413976-bc9b5ca8-ae56-11e7-9dcc-5de0473f79bf.png\nUbuntu Mono is normal\n [untitled 2017-10-11 31413948-9f1afe72-ae56-11e7-91f3-d8fa09379a90.png\n",
    "summary_bilingual_indexes": [
      0
    ],
    "description_bilingual_indexes": [
      0,
      2,
      4
    ]
  },
  "16": {
    "summary": "The bottom of the cage is cut off.",
    "description": "Confirm with Windows cmder and Mac terminal (thx)",
    "summary_bilingual_indexes": [
      0
    ],
    "description_bilingual_indexes": [
      0
    ]
  },
  "17": {
    "summary": "The powerline's glyphs open up",
    "description": "The girl said that she did not notice the burning thing because it was so close and wide.\n 0xE0B0 - 0xE0B7 \n [cica - vim 2017-10-13 31518678-02662e04-afdb-11e7-8b4e-f4d71839bf5b.png\n",
    "summary_bilingual_indexes": [
      0
    ],
    "description_bilingual_indexes": [
      0
    ]
  },
  "18": {
    "summary": "The wires are loose.",
    "description": "[msys2] の msys2-x86_64-20161025.exe で入れたmintty on CicaTest_iss16-17_02.zip and then split it with tmuxでウィンドウ\n┤\nと\n├\nThe image is slightly to the left.\n [tmux-keisen-zure1]/19299/31541181-cb1477f8-b048-11e7-8c0c-1f031da27c57.png\n [tmux-keisen-zure2]/19299/31541194-d5c9e5b6-b048-11e7-8c62-ce74d358de9f.png\n┴\n┼\n┬\nIt's all right.",
    "summary_bilingual_indexes": [
      0
    ],
    "description_bilingual_indexes": [
      0,
      4,
      10
    ]
  },
  "19": {
    "summary": "FontAwesome has a glyph",
    "description": "I woke up trying to use tmux's battery display\n [vim]/468745/31589839-d68b1c6c-b242-11e7-9e9a-2bfef25498f4.png\n",
    "summary_bilingual_indexes": [
      0
    ],
    "description_bilingual_indexes": [
      0
    ]
  },
  "20": {
    "summary": "Cica v2 - The Rise of GOPHER",
    "description": "[DevIcon from NERDFonts ef07ccef5fef9f80b2e671dd440f0b292cc7e10bされた, there is a problem with the upper half of the Gopher being removed.]\nDevIcon and Upper Half Gopher are recognized as separate and not deleted during the migration.\n [2017-11-15_3nw3p]/20859/32806406-bcf70e56-c9cf-11e7-9401-49a6b49ad351.png\nThe following are links to the articles:\n* Upper half of the body Gopher U+E160, U+E161 [Home Cica wiki]\n",
    "summary_bilingual_indexes": [
      0
    ],
    "description_bilingual_indexes": [
      0,
      1,
      3,
      4
    ]
  },
  "22": {
    "summary": "Enlarge the size of the upper and lower case",
    "description": "I'm not sure what to say.\n/genkuroki/status/961211685846446080\nIt's really small.\n [preview 2018-02-10 36053202-1653bf82-0e34-11e8-8b51-07025de6f88b.png\n- U+2070, U+2071, U+2074 〜 U+209C and U+00B9 (上付きの1) U+00B2, U+00B3 (上付きの2と3) are covered\nThe following image shows U+2070 to U+2094.\n [cica-regular cica-regular ttf unicodefull 2018-02-10 36052900-eb69ae54-0e32-11e8-92a1-177a61f3aba3.png\nIn the case of Vim, ambiwidth=double, where the symbol becomes full width, or where the 0 is half-width and the 1 is full width.",
    "summary_bilingual_indexes": [
      0
    ],
    "description_bilingual_indexes": [
      0,
      2,
      4,
      5,
      7
    ]
  },
  "27": {
    "summary": "Updated the download URL for Ubuntu Mono",
    "description": "",
    "summary_bilingual_indexes": [
      0
    ],
    "description_bilingual_indexes": []
  },
  "29": {
    "summary": "Noto Emoji free version",
    "description": "The following is a list of the most commonly used words in the English language:\nIn Windows, DirectX-enabled environments display black and white Note Emoji, but it feels visually poor.\nI think some people like it, so we're thinking about a version without the Noto Emoji.",
    "summary_bilingual_indexes": [
      0
    ],
    "description_bilingual_indexes": [
      0,
      1,
      2
    ]
  },
  "30": {
    "summary": "The characters in ignoring_center are slightly smaller",
    "description": "The environment\n* openSUSE Leap 15.0 (not included in HiDPI)\n* fonts.conf (fontconfig) で autohint と hinting を false に\n* Emacs 25.3.1\nThe symbols are a little narrower and not in the right order, as shown in the figure below.\n [Cica-3.0.0]/1675738/41503732-3ab3428a-7216-11e8-88eb-0598b063a0f7.png\n[ align_to_center ]/miiton/Cica/blob/c128e210934a440c3d8471b693332d747f64d40b/cica.py I set the width as I did in the function, and tried to adjust it properly.\n [fixed]/1675738/41504213-2c253108-7223-11e8-9cb3-d7bbba962aaa.png\nThe position of the slope is also slightly adjusted.\n",
    "summary_bilingual_indexes": [
      0
    ],
    "description_bilingual_indexes": [
      0,
      1,
      4,
      6,
      8
    ]
  },
  "36": {
    "summary": "v4",
    "description": "Summary of the report\n- ライセンスを SIL Open Font License v1.1 にする\n- to change\n- A little bit of a griff.\n ライセンスまとめ\nSource Font License Reference link\n \n Hack MIT BITSTREAM VERA .md at master LICENSE.md \n Rounded Mgen+ SIL OFL 1.1 [Rounded Mgen+ ラウンデッド ムゲンプラス \n DevIcons MIT devicons: Devicons - An iconic font made for devicons \n Powerline Extra Symbols MIT -symbols: Extra glyphs for your powerline powerline-extra-symbols \n Font Awesome Font Awesome Free (SIL OFL 1.1) .txt at master LICENSE.txt \n Font Awesome Extension MIT -extension: Simple Font Awesome font-awesome-extension \n Octicons MIT octicons: A scalable set of icons handcrafted with 3 by octicons \n IEC Power Symbols MIT Unicode: Proposal to add IEC power symbols to Unicode \n Powerline Symbols Free LICENSE at develop LICENSE \n Noto Emoji Apache License 2.0 -emoji: Noto Emoji noto-emoji \n DejaVu Sans Mono Free [DejaVu Fonts — License.html \n Seti-UI + Custom MIT -ui: A subtle dark colored UI theme for seti-ui \n",
    "summary_bilingual_indexes": [],
    "description_bilingual_indexes": [
      0,
      2,
      3,
      5
    ]
  },
  "37": {
    "summary": "I want a Vue icon",
    "description": "I saw your comment on Twitter.\nSince the devicons built into NerdFonts are not maintained, [Icons for iconsfordevs] is being considered for replacement. The license is not a problem with MIT.\n- [x] Unicode address is the same as DevIcons - No, just add OK\n- [x] can I display the icon added with vim-devicons - とりあえずプルリクなしでいける [Add support for .vue .\n- [x] License is not an issue - MIT License\nReferences\n- 1041279932905578496",
    "summary_bilingual_indexes": [
      0
    ],
    "description_bilingual_indexes": [
      0,
      1,
      2,
      3,
      4,
      5
    ]
  },
  "38": {
    "summary": "Fixed to use Hack instead of Ubuntu Mono in Docker build settings",
    "description": "The Docker build settings were still using Ubuntu Mono, so the hack was corrected.",
    "summary_bilingual_indexes": [
      0
    ],
    "description_bilingual_indexes": [
      0
    ]
  },
  "39": {
    "summary": "There is an error in the ttf file other than v4.1.0's Regular",
    "description": "#37 and #37\n []/31730505/45605947-08bb3e00-ba7c-11e8-8cf5-816d4a714fee.png",
    "summary_bilingual_indexes": [
      0
    ],
    "description_bilingual_indexes": [
      0
    ]
  },
  "41": {
    "summary": "The three-hour reading of the letter",
    "description": "Sorry, I don't know if you can do that for a novice, but is it possible to specify the width of the three-point lead group (U+22EE, U+22EF, U+22F0, U+22F0) as a hemisphere?\nThe motivation is to use the word \"julia\" to represent the sequence of digits in the REPL language.\n [ss_julia]/480049/52911846-83ff7500-32e4-11e9-92e5-33668650b002.png\n",
    "summary_bilingual_indexes": [
      0
    ],
    "description_bilingual_indexes": [
      0,
      1
    ]
  },
  "42": {
    "summary": "New number",
    "description": "The U+4EE4 and U+548C are now shortened to U+32FF\nThe Unicode Blog: New Japanese new-japanese-era.html is a free and open source project that is developed by the Japanese language.",
    "summary_bilingual_indexes": [
      0
    ],
    "description_bilingual_indexes": [
      0,
      1
    ]
  },
  "43": {
    "summary": "3 reader response #41",
    "description": "# Summary\nWhen using Julia language on a console, the three-point reader is displayed vertically and horizontally in a two-dimensional array.\nThe appropriate glyphs have been changed to semicolon to avoid the need to indicate that the width is full.\nBefore and after the change\n : : : : \n []/480049/52911846-83ff7500-32e4-11e9-92e5-33668650b002.png []/468745/58381471-566b4b80-7ff8-11e9-9420-65dee5b9e3a5.png \n# The expected impact\n* Depending on the environment... maybe Markdown, which is a dark word... maybe...",
    "summary_bilingual_indexes": [
      0
    ],
    "description_bilingual_indexes": [
      0,
      1,
      2,
      3,
      6,
      7
    ]
  },
  "44": {
    "summary": "fetch fonts on docker build",
    "description": "The docker-compose build is now depending on font downloads, but it's also copied from cic.py.\nIf you upgrade to Docker Hub, you can build Docker Run-v dist cica after pulling.",
    "summary_bilingual_indexes": [],
    "description_bilingual_indexes": [
      0,
      1
    ]
  },
  "45": {
    "summary": "Icon used in Vista.vim cannot be displayed",
    "description": "The script used in the Vista.vim plugin is shown as either not displayed or different from the NerdTree font.\nExamples:\nuf794: \nuf71b: \nI'm running neovim on ubuntu 18.04's gnome-terminal (font is changed to Cica).",
    "summary_bilingual_indexes": [
      0
    ],
    "description_bilingual_indexes": [
      0,
      1,
      4
    ]
  },
  "46": {
    "summary": "Nerd font updates, added glyphs, and adjustments for v5",
    "description": "",
    "summary_bilingual_indexes": [
      0
    ],
    "description_bilingual_indexes": []
  }
}