{
  "1": {
    "summary": "Hi, QMUI Android ",
    "description": "I have one question, when releasing the first revision ",
    "summary_bilingual_indexes": [],
    "description_bilingual_indexes": []
  },
  "2": {
    "summary": "Four months, and you're up to date?",
    "description": "I'm just trying to see if the Android immersion state that Chen wrote about in his blog is a real reality.",
    "summary_bilingual_indexes": [
      0
    ],
    "description_bilingual_indexes": [
      0
    ]
  },
  "3": {
    "summary": "demo apk install error",
    "description": "Failed to install qmui_1.0.0.apk: Failure [INSTALL_PARSE_FAILED_NO_CERTIFICATES: Failed to collect certificates from base.apk: CERT.SF indicates base.apk is signed using APK Signature Scheme v2, but no such signature was found. Signature stripped ]",
    "summary_bilingual_indexes": [],
    "description_bilingual_indexes": []
  },
  "8": {
    "summary": "Miui9 status bar Black font is not valid",
    "description": "The operating environment\n- [x] device model such as mi 6\n- [x] Device system version such as Android 7.1.1\n- [x] Gradle version such as 2.3.3\n- [x] QMUI Android version 1.0 is the latest version of the operating system.\nThe specific problem is described\nThe mi6 android 7.1.1 status bar is invalid because miui9 has changed back to the original black and white switching scheme\nThe question is:\nThe anomaly logs are stacked.\n",
    "summary_bilingual_indexes": [
      0
    ],
    "description_bilingual_indexes": [
      0,
      1,
      2,
      3,
      4,
      5,
      6,
      7,
      8
    ]
  },
  "9": {
    "summary": "builds wrong",
    "description": "The operating environment\n- [x] Gradle version 3.0.0-beta2\n- [x] QMUI Android version 1.0.0 is the latest version of QMUI\nThe specific problem is described\nbuilds wrong\nThe question is:\n [image]/david1025/images/master/TIM E6 88 AA E5 9B BE20170830223358.png\nThe anomaly logs are stacked.\n",
    "summary_bilingual_indexes": [
      0
    ],
    "description_bilingual_indexes": [
      0,
      1,
      2,
      3,
      4,
      5,
      7
    ]
  },
  "11": {
    "summary": "QMUIPullRefreshLayout refreshed the arrow anomaly",
    "description": "The operating environment\n- [x] Device model such as vivo\n- [x] Device system version such as Android 5.1\n- [x] Gradle version as 2.2.3\n- [x] QMUI Android version 1.0.0 is the latest version of QMUI\nThe specific problem is described\nQMUIPullRefreshLayout: If you pull it down again during the refresh, the arrow will show an anomaly.\nThe question is:\nThe anomaly logs are stacked.\n",
    "summary_bilingual_indexes": [
      0
    ],
    "description_bilingual_indexes": [
      0,
      1,
      2,
      3,
      4,
      5,
      6,
      7,
      8
    ]
  },
  "12": {
    "summary": "Conflict of values",
    "description": " \n declare-styleable name= QMUICommonListItemView attr format= enum name= orientation \n declare-styleable name= GridLayout attr name= orientation \n \nConflict with v7-grid layout",
    "summary_bilingual_indexes": [
      0
    ],
    "description_bilingual_indexes": [
      4
    ]
  },
  "17": {
    "summary": "The setting of QMUITopBar in Coordinator Layout is invalid",
    "description": "The operating environment\n- [x] device model such as Nexus 6\n- [x] Device system version such as Android 5.0\n- [x] Gradle version such as 2.3.0\n- [x] QMUI Android version 1.x.x. The first version of QMUI was released in August 2010.\nThe specific problem is described\nThe question is:\nThe anomaly logs are stacked.\nThe hope is that it will be used in the Coordinator Layout to achieve the same effect as the toolbar, which is fixed at the top of the screen and does not move.\n",
    "summary_bilingual_indexes": [
      0
    ],
    "description_bilingual_indexes": [
      0,
      1,
      2,
      3,
      4,
      5,
      6,
      7,
      8
    ]
  },
  "27": {
    "summary": "Lab Down QMUIAnimationListView Delete the item OutOfBoundsException flash back",
    "description": "The operating environment\n- [x] Equipment type such as a microwave Note 2\n- [x] Device system version is Android 7.0\n- [x] Gradle version such as 2.3.0\n- [x] QMUI Android version 1.0 is the latest version of the operating system.\nThe specific problem is described\nOn the QMUIAnimationListView page, click delete, and click delete again when there are only 4 items left, and the OutOfBoundsException message is displayed.\nThe question is:\nThe anomaly logs are stacked.\n",
    "summary_bilingual_indexes": [
      0
    ],
    "description_bilingual_indexes": [
      0,
      1,
      2,
      3,
      4,
      5,
      6,
      7,
      8
    ]
  },
  "28": {
    "summary": "Unable to close the app",
    "description": "The specific problem is described\n [2017-09-04_175519]/23090085/30021652-a516366c-919a-11e7-8cf9-2ad6ef81d5a7.jpg\nPlease note that the code in the red box is used to create the main screen, and if you press the return button on your phone in the main screen, it will close the app.\nI just took the code in the red box and ran it, and it shows that the white screen is understandable, because the code in the red box is not there.\nBut this time, I pressed the return button on my phone over and over again, and I couldn't close the app, for some reason.",
    "summary_bilingual_indexes": [
      0
    ],
    "description_bilingual_indexes": [
      0,
      2,
      3,
      4
    ]
  },
  "37": {
    "summary": "QMUICollapsingTopBarLayout needs to listen for changes to Scrim",
    "description": "The operating environment\n- [x] device model such as Nexus 6\n- [x] Device system version such as Android 5.0\n- [x] Gradle version such as 2.3.0\n- [x] QMUI Android version 1.x.x. The first version of QMUI was released in August 2010.\nThe specific problem is described\nQMUICollapsingTopBarLayout needs to listen for changes to Scrim\nQMUITopBar's title requires display and concealment based on Scrim's changes, and it is also used to display the title of the game.\nCan the QMUICollapsingTopBarLayout's ValueAnimator be exposed, or can animated listening be set up so that the app can monitor changes to Scrim\nThe question is:\nThe anomaly logs are stacked.\n",
    "summary_bilingual_indexes": [
      0
    ],
    "description_bilingual_indexes": [
      0,
      1,
      2,
      3,
      4,
      5,
      6,
      7,
      8,
      9,
      10
    ]
  },
  "40": {
    "summary": "QMUICollapsingTopBarLayout Problems with the small phone",
    "description": "The operating environment\n- [x] Equipment type such as Red Met 2.\n- [x] Device system version is Android 4.4.4, MIUI 9\n- [x] QMUI Android version 1.0.3 is the latest version of QMUI\nThe specific problem is described\nOn Xiaomi (4.4.4) the QMUICollapsingTopBarLayout in the Demo program appears white, with the QMUIViewPager text squeezed over the status bar as shown below.\nThe question is:\n [image]/12541653/30545778-39db38ce-9cbd-11e7-9f87-490a5e601b6c.png\n [image]/12541653/30545825-57be83f0-9cbd-11e7-8413-136e37735816.png\n",
    "summary_bilingual_indexes": [
      0
    ],
    "description_bilingual_indexes": [
      0,
      1,
      2,
      3,
      4,
      5,
      6
    ]
  },
  "42": {
    "summary": "There is a problem with the recyclerview",
    "description": "The operating environment\n- [x] device model such as Nexus 6P\n- [x] Device system version such as Android 6.0\n- [x] Gradle version such as 2.3.0\n- [x] QMUI Android version 1.0.0 is the latest version of QMUI\nThe specific problem is described\nDrag down refresh component inside breadlistview or other view Drag down touch sensitivity to be higher than inside bread recyclerview\nFor example, I put a recyclerview in there and added a header, and I touch item down and touch header down, and the sensitivity is clearly different.\nI don't know if you feel it.\nThe question is:\nThe only thing that can be done is to feel.\nThe anomaly logs are stacked.\n",
    "summary_bilingual_indexes": [
      0
    ],
    "description_bilingual_indexes": [
      0,
      1,
      2,
      3,
      4,
      5,
      6,
      7,
      8,
      9,
      10,
      11
    ]
  },
  "44": {
    "summary": "Changing the QMUIRoundButton attribute in the theme is not working",
    "description": "The operating environment\n- [x] Equipment type such as the Xiaomi Mi 5\n- [x] Device system version such as Android 7.0\n- [x] Gradle version as 2.2.0\n- [x] QMUI Android version 1.0.3 is the latest version of QMUI\nThe specific problem is described\nHi, I modified the qmui_round_btn_text_color property in the style.xml theme based on the demo, hoping to change the default color of the button, so I modified s_btn_blue_text.xml as follows.\n selector android \n item app_color_blue_disabled android:state_enabled= false \n item app_color_blue_pressed android:state_pressed= true \nitem qmui_config_color_black -- to change the normal color to black --\n /selector \nBut it didn't work, and the resulting run did not change the font color or the style in QMUI.Compat.NoActionBar.\nThe question is:\n [20170922134214]/8803718/30730743-da471572-9f9b-11e7-92d1-4297dc7573a0.png\nThe anomaly logs are stacked.\n",
    "summary_bilingual_indexes": [
      0
    ],
    "description_bilingual_indexes": [
      0,
      1,
      2,
      3,
      4,
      5,
      6,
      10,
      12,
      13,
      15
    ]
  },
  "47": {
    "summary": "Problems with fragment page switching animation in demo",
    "description": "The operating environment\n- [x] Device type small 6\n- [x] device system version is Android 7.1.1\n- [x] Gradle version 2.3.3\n- [x] QMUI Android version 1.0.3 is the latest version of QMUI\nThe specific problem is described\nIn the demo, you can open a page by clicking on an item, and quickly press the return key to close the page, which is the same as in the Fragment animation execution, which causes all buttons in the previous interface to be unclickable, with no response.\nThe question is:\nThe anomaly logs are stacked.\n",
    "summary_bilingual_indexes": [
      0
    ],
    "description_bilingual_indexes": [
      0,
      1,
      2,
      3,
      4,
      5,
      6,
      7,
      8
    ]
  },
  "49": {
    "summary": "Added the title gravity style setting to the TopBar",
    "description": "Flexible to change the title location of the topbar by changing the theme",
    "summary_bilingual_indexes": [
      0
    ],
    "description_bilingual_indexes": [
      0
    ]
  },
  "53": {
    "summary": "PRO 6 upgraded to Flyme 6.2.0.0A on September 26, based on Android 7.0 status bar color set to white, unchanged",
    "description": "The operating environment\n- [x] device model Meizu Pro6\n- [x] Device system version is Android 7.0\n- [x] Gradle version such as 2.3.3\nThe status bar color is set to white, can't change\n",
    "summary_bilingual_indexes": [
      0
    ],
    "description_bilingual_indexes": [
      0,
      1,
      2,
      3,
      4
    ]
  },
  "54": {
    "summary": "Options for a multi-choice dialog box that cannot be scrolling when there are too many items, whether to consider a scrolling list",
    "description": "The operating environment\n- [x] device model such as Nexus 6\n- [x] Device system version such as Android 5.0\n- [x] Gradle version such as 2.3.0\n- [x] QMUI Android version 1.x.x. The first version of QMUI was released in August 2010.\nThe specific problem is described\nThe question is:\nThe anomaly logs are stacked.\n",
    "summary_bilingual_indexes": [
      0
    ],
    "description_bilingual_indexes": [
      0,
      1,
      2,
      3,
      4,
      5,
      6,
      7
    ]
  },
  "56": {
    "summary": "Increased circular thread cap setup and anti-corrosion effect of the circular progression bar",
    "description": "1. The circular progression bars in some cases increase the circular thread cap display effect much better\n2. There will be many spots around the ring without increasing the anti-corrosion effect\n",
    "summary_bilingual_indexes": [
      0
    ],
    "description_bilingual_indexes": [
      0,
      1
    ]
  },
  "61": {
    "summary": "QMUIFloatLayout logical change in left layout bug",
    "description": "The operating environment\n- [x] QMUI Android version 1.0.4 is the latest version of QMUI\nThe specific problem is described\nError calculating the Y-axis offset value when changing QMUIFloatLayout\nThe question is:\n [screen_20171010_153546]/1695414/31374496-d663adaa-ad63-11e7-88e0-19108e82a9e1.png\n",
    "summary_bilingual_indexes": [
      0
    ],
    "description_bilingual_indexes": [
      0,
      1,
      2,
      3,
      4
    ]
  },
  "62": {
    "summary": "The single-select menu type dialog box does not show the selected status on Huawei Mate 9",
    "description": "The operating environment\n- [x] device model Huawei mate 9\n- [x] Device system version is Android 7.0\n- [x] Gradle version as 2.2.3\n- [x] QMUI Android version 1.0.4 is the latest version of QMUI\nThe specific problem is described\nThe default menu selection on the Huawei Mate 9 displayed in the single-choice menu dialog box is setCheckedIndex () and is selected only when initialized, while the other items are not.\nThe official demo and my own project integration on Huawei Mate 9 have this problem.\nOther phones are showing normal\nThe question is:\n [2017-10-13 31531053-1211cf74-afaa-11e7-8cda-92c83217b988.gif\nThe anomaly logs are stacked.\n",
    "summary_bilingual_indexes": [
      0
    ],
    "description_bilingual_indexes": [
      0,
      1,
      2,
      3,
      4,
      5,
      6,
      7,
      8,
      9,
      11
    ]
  },
  "68": {
    "summary": "Fixed issue with calculating intervals inside QMUITopBar",
    "description": "The problem\n1. Due to the repositioning of mTitleContainerView in onLayout, R.attr.qmui_topbar_title_margin_horizontal_when_no_btn_aside is not actually effective.\n2. R.attr.qmui_topbar_title_margin_horizontal_when_no_btn_aside When the title is aligned in non-residence, the condition for determining this distance should be where there is no button, adding this distance, rather than adding this distance without a button on both sides at the same time.\nRepaired\nFix this property in onMesure and onLayout R.attr.qmui_topbar_title_margin_horizontal_when_no_btn_aside The setting for the property is placed in onLayout, where the refreshTitleViewLp () function is unusable and is removed.\nTo maintain uniformity with the original style, the default attribute value R.attr.qmui_topbar_title_margin_horizontal_when_no_btn_aside is set to 0.\nNew growth\nAdded R.attr.qmui_topbar_title_container_padding_horizontal property instead of the original fixed 8dp",
    "summary_bilingual_indexes": [
      0
    ],
    "description_bilingual_indexes": [
      0,
      1,
      2,
      3,
      4,
      5,
      6,
      7
    ]
  },
  "71": {
    "summary": "QMUITab Segment initial rolling issue",
    "description": "The operating environment\n- [x] Device model such as the MX5\n- [x] Device system version such as Android 5.1\n- [x] Gradle version such as 2.3.0\n- [x] QMUI Android version 1.0.4 is the latest version of QMUI\nThe specific problem is described\nWhen the QMUITabSegment mode is scrolling, the viewpager selects the last tab by initial code, the QMUITabSegment is displayed incorrectly, or it is on the first screen, and does not move.\nThe question is:\nThe anomaly logs are stacked.\n",
    "summary_bilingual_indexes": [
      0
    ],
    "description_bilingual_indexes": [
      0,
      1,
      2,
      3,
      4,
      5,
      6,
      7,
      8
    ]
  },
  "83": {
    "summary": "Whether the DetailText of QMUICommonListItemView supports the CharSequence setting",
    "description": "The operating environment\n- [x] device model such as Nexus 6\n- [x] Device system version such as Android 5.0\n- [x] Gradle version such as 2.3.0\n- [x] QMUI Android version 1.x.x. The first version of QMUI was released in August 2010.\nThe specific problem is described\nCurrently only\n \nsetDetailText (StringBuilder text) \nsetDetailText (String text) \n \nThis does not support SpanableString.\nOr the location of DetailText can't add a way to set up an image\nThe question is:\nThe anomaly logs are stacked.\n",
    "summary_bilingual_indexes": [
      0
    ],
    "description_bilingual_indexes": [
      0,
      1,
      2,
      3,
      4,
      5,
      6,
      11,
      12,
      13,
      14
    ]
  },
  "110": {
    "summary": "It is recommended to remove the attribute from the library in the Android Manifest application",
    "description": " Error:Execution failed for task :app:processDebugManifest .\n Manifest merger failed : Attribute application name) from AndroidManifest.xml:8:9-45\n \nis also present at [com.qmuiteam:qmui:1.0.4] AndroidManifest.xml:9:18-50 app_name).\n \nSuggestion: add tools:replace= android:label to application element at AndroidManifest.xml:5:5-13:19 to override.",
    "summary_bilingual_indexes": [
      0
    ],
    "description_bilingual_indexes": []
  },
  "114": {
    "summary": "QMUIDialog has a few problems",
    "description": "1.0.5 addresses the issue of interrupting dialogs built in sub-types of MenuBaseDialogBuilder when the list of contents is too long, but message-type dialog boxes such as MessageDialogBuilder, etc., are interrupted when there is too much text in the message, which seems to be a direct inheritance of QMUIDialogBuilder.\n",
    "summary_bilingual_indexes": [
      0
    ],
    "description_bilingual_indexes": [
      0
    ]
  },
  "116": {
    "summary": "QMUITabSegment tabs do not display when the icon is set to Bottom",
    "description": "The operating environment\n- [x] device model such as Nexus 6\n- [x] Device system version such as Android 5.0\n- [x] Gradle version such as 2.3.0\n- [x] QMUI Android version 1.0.4 is the latest version of QMUI\nThe specific problem is described\nQMUITabSegment's tab sets the icon to the bottom, but it doesn't show up, and other directions can be set normally, whether it's a bug or I didn't set it, it can only be set in xml, and the way the icon looks in java is private\nThe question is:\n [screenshot_2017-12-18-17-55-02]/9988660/34100363-236cd848-e41d-11e7-8cc6-213cfb96e485.png\nThe anomaly logs are stacked.\n",
    "summary_bilingual_indexes": [
      0
    ],
    "description_bilingual_indexes": [
      0,
      1,
      2,
      3,
      4,
      5,
      6,
      7,
      9
    ]
  },
  "117": {
    "summary": "Size of the QMUITab Segment icon",
    "description": "The operating environment\n- [x] device model such as Nexus 6\n- [x] Device system version such as Android 5.0\n- [x] Gradle version such as 2.3.0\n- [x] QMUI Android version 1.x.x. The first version of QMUI was released in August 2010.\nThe specific problem is described\nThe drawable icon of the tab set to 128x128 when using QMUITabSegment is not shown, and I looked at the example using a 48x48 image to see if it could add support for custom resolution or icon size settings\nThe question is:\nThe anomaly logs are stacked.\n",
    "summary_bilingual_indexes": [
      0
    ],
    "description_bilingual_indexes": [
      0,
      1,
      2,
      3,
      4,
      5,
      6,
      7,
      8
    ]
  },
  "125": {
    "summary": "QMUIRoundButton app:qmui_radius=4dp This property is not set",
    "description": "The operating environment\n- [x] Device model such as Nexus 5\n- [x] Device system version such as Android 4.4\n- [x] Gradle version such as 3.0\n- [x] QMUI Android version 1.0.6 is the latest version of QMUI\nThe specific problem is described\napp:qmui_radius=4dp This property is not set to valid.\nThe demo is also invalid.\nThe question is:\nThe anomaly logs are stacked.\n",
    "summary_bilingual_indexes": [
      0
    ],
    "description_bilingual_indexes": [
      0,
      1,
      2,
      3,
      4,
      5,
      6,
      7,
      8,
      9
    ]
  },
  "127": {
    "summary": "GroupListView",
    "description": "The operating environment\n- [x] device model such as Nexus 6\n- [x] Device system version such as Android 5.0\n- [x] Gradle version such as 2.3.0\n- [x] QMUI Android version 1.x.x. The first version of QMUI was released in August 2010.\nThe specific problem is described\nMsg = groupListView.createItemView (system message) The list is not complete.\n Msg.setImageDrawable (ContextCompat.getDrawable (this, R.mipmap.orange_notice)) \nThe image drawable on the left should be fixed in size, and the text on the right should be a little bit further away from the left when the content is too much, preferably the same as on the right.\nThe question is:\n [qq 34290270-66406452-e731-11e7-83cd-3afb73811390.png\n [qq 34290288-8009db52-e731-11e7-8e68-e2c3244bbb95.png\nThe anomaly logs are stacked.\n",
    "summary_bilingual_indexes": [],
    "description_bilingual_indexes": [
      0,
      1,
      2,
      3,
      4,
      5,
      6,
      8,
      9,
      12
    ]
  },
  "132": {
    "summary": "About the dialog that can't be turned off by the user",
    "description": "Tipdialog cannot trigger a return key to shut down the user, which is a bad experience, sometimes when the network is not good, the user does not want to wait that long to return to exit, but because dialog has to kill the application.",
    "summary_bilingual_indexes": [
      0
    ],
    "description_bilingual_indexes": [
      0
    ]
  },
  "141": {
    "summary": "QMUITab Segment tab color issue",
    "description": "The operating environment\n- [x] Device model such as Nexus 5\n- [x] Device system version such as Android 7.0\n- [x] Gradle version such as 3.0.0\n- [x] QMUI Android version 1.0.0 is the latest version of QMUI\nThe specific problem is described\nHello, QMUITabSegment When you change the tabs normalColor and selectColor, you will see a problem with the color flashing after swiping\nThe question is:\nThe anomaly logs are stacked.\n",
    "summary_bilingual_indexes": [
      0
    ],
    "description_bilingual_indexes": [
      0,
      1,
      2,
      3,
      4,
      5,
      6,
      7,
      8
    ]
  },
  "153": {
    "summary": "Modified animated time-lapse source",
    "description": "",
    "summary_bilingual_indexes": [
      0
    ],
    "description_bilingual_indexes": []
  },
  "160": {
    "summary": "Xiaomi 3 state-of-the-art black font",
    "description": "The operating environment\n- [x] Equipment type such as the Xiaomi Mi3\n- [x] Device system version such as Android 4.4\n- [x] MUI version such as 9.2.3.0 stable version\n- [x] QMUI Android version 1.0.6 is the latest version of QMUI\nThe specific problem is described\nThe Xiaomi 3 mobile phone runs a sample project, the status bar setting for black font is invalid.\n",
    "summary_bilingual_indexes": [
      0
    ],
    "description_bilingual_indexes": [
      0,
      1,
      2,
      3,
      4,
      5,
      6
    ]
  },
  "165": {
    "summary": "In the demo, the popup outer border circle shows the problem.",
    "description": "The operating environment\n- [x] Equipment model such as Nut Pro2\n- [x] Device system version such as Android 7.1\n- [x] QMUI Android version 1.0.6 is the latest version of QMUI\nThe specific problem is described\nIn the demo, the popup outer border circle shows the problem.\nThe question is:\n [screenshot_2018-01-25-10-32-19-660_qmui]/12421552/35367892-b8a8296a-01bb-11e8-9545-9ddae75f61f3.png\n [screenshot_2018-01-25-10-32-29-223_qmui]/12421552/35367893-b8f7644e-01bb-11e8-88fe-fc9ae442a054.png\n [screenshot_2018-01-25-10-32-42-048_qmui]/12421552/35367894-b93a5146-01bb-11e8-986e-5024951e98a4.png\nThe anomaly logs are stacked.\n",
    "summary_bilingual_indexes": [
      0
    ],
    "description_bilingual_indexes": [
      0,
      1,
      2,
      3,
      4,
      5,
      6,
      10
    ]
  },
  "167": {
    "summary": "when i show QMUIPopup on Galaxy Note3 Lite 4G , it crash",
    "description": "The operating environment\nEquipment type such as SM-N7508V\nThe device is running Android 4.3\nGradle version 2.3.0\nQMUI Android version 1.0.6 is also available.\nThe question is:\nThe anomaly logs are stacked.\nE/AndroidRuntime: FATAL EXCEPTION: main\n java.lang.NoSuchMethodError: android.view.View.isAttachedToWindow\n at com.qmuiteam.qmui.widget.popup.QMUIBasePopup.show (QMUIBasePopup.java:116)\n at com.qmuiteam.qmui.widget.popup.QMUIBasePopup.show (QMUIBasePopup.java:111)\n at com.anjiahome.housekeeper.ui.SurrenderDetailActivity initView 3.onClick (SurrenderDetailActivity.kt:123)\n at android.view.View.performClick (View.java:4476)\n at com.anjiahome.housekeeper.ui.SurrenderDetailActivity initView 5.run (SurrenderDetailActivity.kt:135)\n at android.os.Handler.handleCallback (Handler.java:730)\n at android.os.Handler.dispatchMessage (Handler.java:92)\n at android.os.Looper.loop (Looper.java:177)\n at android.app.ActivityThread.main (ActivityThread.java:5493)\n at java.lang.reflect.Method.invokeNative (Native Method)\n at java.lang.reflect.Method.invoke (Method.java:525)\n at com.android.internal.os.ZygoteInit MethodAndArgsCaller.run (ZygoteInit.java:1225)\n at com.android.internal.os.ZygoteInit.main (ZygoteInit.java:1041)\n at dalvik.system.NativeStart.main (Native Method)\n",
    "summary_bilingual_indexes": [],
    "description_bilingual_indexes": [
      0,
      1,
      2,
      3,
      4,
      5,
      6
    ]
  },
  "177": {
    "summary": "Demo has a problem",
    "description": "The operating environment\n- [x] Equipment type such as the Mi4\n- [x] Device system version such as Android 6.0\n- [x] Gradle version as master branch\n- [x] QMUI Android version master branch\nThe specific problem is described\nSee the component demo page, open a demo, see, return to the home page, always scroll to the top\nThe question is:\nThe anomaly logs are stacked.\n",
    "summary_bilingual_indexes": [
      0
    ],
    "description_bilingual_indexes": [
      0,
      1,
      2,
      3,
      4,
      5,
      6,
      7,
      8
    ]
  },
  "184": {
    "summary": "Multiple quick open and close pages, resulting in all events on the page being invalidated, clicks with no response",
    "description": "The operating environment\n- [x] Device model such as Huawei Honor 8\n- [x] Device system version such as Android 7.0\n- [x] Gradle version such as 3.0.1\n- [x] QMUI Android version 1.0.7 is the latest version of QMUI\nThe specific problem is described\nRunning the demo, repeatedly opening and closing the page quickly, resulting in all events on the page being invalidated, clicks not responding, and the return button on the phone being pressed.\nThe question is:\nThe anomaly logs are stacked.\n",
    "summary_bilingual_indexes": [
      0
    ],
    "description_bilingual_indexes": [
      0,
      1,
      2,
      3,
      4,
      5,
      6,
      7,
      8
    ]
  },
  "198": {
    "summary": "QMUITabSegment with ViewPager slider, color showing anomaly",
    "description": "The operating environment\n- [x] Equipment type such as the Xiaomi Mi 6\n- [x] Device system version such as Android 7.0\n- [x] Gradle version such as 2.3.0\n- [x] QMUI Android version 1.0.7 is the latest version of QMUI\nThe specific problem is described\nWhen the pager swipes from component to helper, swipe to helper, and click the component button on the bottom navigation bar, the bottom navigation color will show an anomaly, as in the demo test, and so will your own application.\nThe question is:\n [image]/tabsegment.png\nThe anomaly logs are stacked.\n",
    "summary_bilingual_indexes": [
      0
    ],
    "description_bilingual_indexes": [
      0,
      1,
      2,
      3,
      4,
      5,
      6,
      7,
      9
    ]
  },
  "210": {
    "summary": "QMUIListPopup is not complete",
    "description": "The operating environment\n- [x] Device model such as Huawei P9\n- [x] Device system version such as Android 7.0\n- [x] Gradle version such as 2.3.0\n- [x] QMUI Android version 1.0.6 is the latest version of QMUI\nThe specific problem is described\nI wrote a long List by the item, popped up a menu. I used QMUIListPopup to show the menu contents. I found that when the item was correct, at the bottom of the screen, it was not showing the problem.\nThe problem is currently on the Huawei P9 and has not been found on other phones.\nThe question is:\n [tim 37696046-9b869654-2d0e-11e8-9d2b-39d9489e672c.png\nThe anomaly logs are stacked.\n",
    "summary_bilingual_indexes": [
      0
    ],
    "description_bilingual_indexes": [
      0,
      1,
      2,
      3,
      4,
      5,
      6,
      7,
      8,
      10
    ]
  },
  "215": {
    "summary": "QMUIPopup can extend custom background or black theme styles similar to QQ.",
    "description": "\nThe question is:\nThe first is the \"From the Earth to the Moon\" series.\n",
    "summary_bilingual_indexes": [
      0
    ],
    "description_bilingual_indexes": [
      1,
      2
    ]
  },
  "217": {
    "summary": "Failure to judge brands on Android 8.0",
    "description": "- [x] Equipment type such as Xiaomi 6, Huawei\n- [x] Device system version such as Android 8.0\n- [x] QMUI Android version 1.1.0 is included\n",
    "summary_bilingual_indexes": [
      0
    ],
    "description_bilingual_indexes": [
      0,
      1,
      2
    ]
  },
  "234": {
    "summary": "How QMUIFloatLayout gets the number of rows of displayed content",
    "description": "The operating environment\n- [x] Equipment type such as the Xiaomi Mix2\n- [x] Device system version such as Android 8.0\n- [x] Gradle version as 4.1.0\n- [x] QMUI Android version 1.1.1 is included\nThe specific problem is described\nQMUIFloatLayout If it's a dynamic filling of data, and the width of each item is customized according to the width of the filling, and each row is not a fixed number of displayed items, how do I know how many rows I can display in total?\nThe question is:\nThe anomaly logs are stacked.\n",
    "summary_bilingual_indexes": [
      0
    ],
    "description_bilingual_indexes": [
      0,
      1,
      2,
      3,
      4,
      5,
      6,
      7,
      8
    ]
  },
  "235": {
    "summary": "Click on QMUITab Segment fragment; the tab that appears will be onDestroyView ()",
    "description": "The operating environment\n- [x] device model such as Nexus 6\n- [x] Device system version such as Android 5.0\n- [x] Gradle version such as 2.3.0\n- [x] QMUI Android version 1.x.x. The first version of QMUI was released in August 2010.\nThe specific problem is described\nThe mainFragment is QMUITab Segment+viewpager.\nsettingfragment is the inserted fragment. Click settingfragmen to call startFragment (new AboutFragment)\nThe settingfragment and mainFragment are both on DestroyView ().\nThe question is:\n [image]/26847367/38714386-82308b90-3f08-11e8-91a2-3fc66b30c864.png\nThe anomaly logs are stacked.\n \n \n public CharSequence getPageTitle (int position) {\n switch (position) {\n case 0:\n return Homepage \n case 1:\n return Classify \n case 2:\n return Cart \n case 3:\n default:\n return Mine \n }\n }\n \n protected Object hydrate (ViewGroup container, int position) {\n switch (position) {\n case 0:\n return new MineFragment () \n case 1:\n return new ClassifyFragment () \n case 2:\n return new CartFragment () \n case 3:\n default:\n return new SettingFragment () \n }\n }\n ",
    "summary_bilingual_indexes": [
      0
    ],
    "description_bilingual_indexes": [
      0,
      1,
      2,
      3,
      4,
      5,
      6,
      7,
      8,
      9,
      11
    ]
  },
  "254": {
    "summary": "The problem of black characters in MIUI9 is the use of QMUIStatus BarHelper to achieve status.",
    "description": "The operating environment\n- [x] Equipment type such as the microwave 2\n- [x] Device system version such as Android 5.0.2\nThe specific problem is described\nThe latest version of MIUI9 is Android 5.0.2 and cannot be changed to black when implementing the status bar. After all, the official version is based on 6.0 and above, MIUI9 is not necessarily all systems above 6.0.\nisMIUICustomStatusBarLightModeImpl method is not specified.\n private static boolean isMIUICustomStatusBarLightModeImpl (){\n return QMUIDeviceHelper.isMIUIV5 () QMUIDeviceHelper.isMIUIV6 () \n QMUIDeviceHelper.isMIUIV7 () QMUIDeviceHelper.isMIUIV8 () \n} \nThe proposal is to change it to:\n private static boolean isMIUICustomStatusBarLightModeImpl (){\n if (QMUIDeviceHelper.isMIUIV9 () Build.VERSION.SDK_INT Build.VERSION_CODES.M){\n return true \n }\n return QMUIDeviceHelper.isMIUIV5 () QMUIDeviceHelper.isMIUIV6 () \n QMUIDeviceHelper.isMIUIV7 () QMUIDeviceHelper.isMIUIV8 () \n } \n",
    "summary_bilingual_indexes": [
      0
    ],
    "description_bilingual_indexes": [
      0,
      1,
      2,
      3,
      4,
      5,
      10
    ]
  },
  "258": {
    "summary": "The status of the seawall is not clear.",
    "description": "The operating environment\n- [x] Device type such as simulator\n- [x] Device system version such as Android 9.0\n- [x] Gradle version such as 3.0.1\n- [x] QMUI Android version 1.1.1 is included\nThe specific problem is described\nIn the 9.0 simulator, I will set up the bar after I have done the scan. GetStatusbarHeight is used to obtain the height of the bar. Error. Check the source code found in initStatusBarHeight method to return the default height of 25dp if the height of the bar is greater than 2x25dp.\n",
    "summary_bilingual_indexes": [
      0
    ],
    "description_bilingual_indexes": [
      0,
      1,
      2,
      3,
      4,
      5,
      6
    ]
  },
  "284": {
    "summary": "The QMUIRadius ImageView demo shows the rectangle in the center as a circle",
    "description": "The specific problem is described\nDefault is round\nThe question is:\n [screenshot_20180521-163245]/21994586/40298183-d4ca486c-5d14-11e8-95f8-b4613c724ea8.png\n",
    "summary_bilingual_indexes": [
      0
    ],
    "description_bilingual_indexes": [
      0,
      1,
      2
    ]
  },
  "285": {
    "summary": "QMUITab Segment content adaptation issues",
    "description": "The specific problem is described\nIn the QMUI demo, if the filter content adapts, scrolling past the parent container and scrolling through the page with fewer tabs, the background color is leaked.\nThe question is:\n [img_20180521_185005]/21994586/40304204-595d9544-5d28-11e8-8813-9976cafb686d.png\n",
    "summary_bilingual_indexes": [
      0
    ],
    "description_bilingual_indexes": [
      0,
      1,
      2
    ]
  },
  "293": {
    "summary": "coordinator layout + recyclerview The last item is not displayed",
    "description": "The operating environment\n- [x] Device model such as Honor 9\n- [x] Device system version such as Android 8.0\n- [x] Gradle version such as 3.1.2\n- [x] QMUI Android version 1.x.x. The first version of QMUI was released in August 2010.\nThe specific problem is described\nThe last item of the Recyclerview in the nested Coordinator Layout layout is not complete, and the official demo of QMUI has the same problem.\n \nThe question is:\n [_20180528002849]/17454328/40588323-6539efc6-620e-11e8-97b1-836f04d88e14.jpg\n Layout Inspector E6 8F 90 E4 BE 9B-Layout-Inspector- E6 96 87 E4 BB B6) ####\nThe anomaly logs are stacked.\n",
    "summary_bilingual_indexes": [
      0
    ],
    "description_bilingual_indexes": [
      0,
      1,
      2,
      3,
      4,
      5,
      6,
      8,
      11
    ]
  },
  "294": {
    "summary": "QMUIPullRefreshLayout with RecyclerView uses drag-down to refresh the slide problem",
    "description": "The operating environment\n- [x] Device system version is Android 7.0\n- [x] QMUI Android version 1.1.2 is the latest version of QMUI\nThe specific problem is described\n1. QMUIPullRefreshLayout with RecyclerView Use, pull down refresh, execute start the next refresh before the pull down refresh is completed The second pull down is the finger is always on the screen without lifting, wait for the next refresh after the finish, move the finger on the screen, the finger does not leave the screen. QMUIPullRefreshLayout immediately performs the pull down, and the height of the pull down is related to the position of the second finger.\n2. This problem does not occur when setting RecyclerView's nestedScrollingEnabled = false or isNestedScrollingEnabled = false\n",
    "summary_bilingual_indexes": [
      0
    ],
    "description_bilingual_indexes": [
      0,
      1,
      2,
      3,
      4,
      5
    ]
  },
  "295": {
    "summary": "Update QMUIProgressBar.java",
    "description": "mValue - mMaxValue\nAdd a setProgress (int progress, boolean animated) method",
    "summary_bilingual_indexes": [],
    "description_bilingual_indexes": [
      1
    ]
  },
  "297": {
    "summary": "The whole time I was failing",
    "description": "\n [image]/6706496/40758437-e931e7d0-64bf-11e8-9625-b1b4da05f51d.png\n",
    "summary_bilingual_indexes": [
      0
    ],
    "description_bilingual_indexes": []
  },
  "304": {
    "summary": "QMUILinkTextView triggers OnClickListener and OnLinkClickListener when clicking on a link",
    "description": "The expectation is that the OnLinkClickListener is triggered when the link is clicked, and the non-link region is triggered because it is different logic.",
    "summary_bilingual_indexes": [
      0
    ],
    "description_bilingual_indexes": [
      0
    ]
  },
  "308": {
    "summary": "The indicator does not follow the move to the correct position under the artificial call selectTab method.",
    "description": "The operating environment\n- [x] device system version Android 4.4\n- [x] Gradle version 4.1\n- [x] Gradle tools version 3.0.0\n- [x] QMUI Android version 1.1.0 is included\nThe specific problem is described\nTabSegment The indicator does not follow the move to the correct position under the artificial call selectTab method.\n",
    "summary_bilingual_indexes": [
      0
    ],
    "description_bilingual_indexes": [
      0,
      1,
      2,
      3,
      4,
      5,
      6
    ]
  },
  "329": {
    "summary": "QMUICommonListItemView image is not automatically zoomed",
    "description": "The operating environment\n- [x] Device model such as Nexus 5\n- [x] Device system version such as Android 4.4\n- [x] Gradle version such as 3.0\n- [x] QMUI Android version 1.1.5 is the latest version of the operating system.\nThe specific problem is described\nI feel like I haven't been seen by my grandmother in a question.\n[QMUIGroupListView image cannot zoom in automatically]/QMUI/QMUI_Android/issues/323\nI have a solution to this question that I am interested in discussing.\nThe question is:\n [image]/11622206/41884224-10c14e84-7925-11e8-9bb7-37a1d5093c20.png\n Layout Inspector E6 8F 90 E4 BE 9B-Layout-Inspector- E6 96 87 E4 BB B6) ####\nThe anomaly logs are stacked.\n",
    "summary_bilingual_indexes": [
      0
    ],
    "description_bilingual_indexes": [
      0,
      1,
      2,
      3,
      4,
      5,
      6,
      7,
      8,
      9,
      12
    ]
  },
  "334": {
    "summary": "Fragment exit without hidden input",
    "description": "[QUMIFragment]/QMUI/QMUI_Android/blob/master/arch/src/main/java/com/qmuiteam/qmui/arch/QMUIFragment.java\n \nswipeBackLayout.addSwipeListener (new SwipeBackLayout.SwipeListener () {\n private QMUIFragment mModifiedFragment = null \n \n public void onScrollStateChange (int state, float scrollPercent) {\n//Hide the input code\n Log.i (TAG, SwipeListener:onScrollStateChange: state = + state + scrollPercent = + scrollPercent) \n ViewGroup container = getBaseFragmentActivity ().getFragmentContainer () \n int childCount = container.getChildCount () \n...\n ",
    "summary_bilingual_indexes": [
      0
    ],
    "description_bilingual_indexes": [
      6
    ]
  },
  "352": {
    "summary": "In switching tabs in QMUITabSegment and ViewPager, the last tab of the immersive state padding disappears.",
    "description": "The operating environment\n- [x] device model such as mi6\n- [x] Device system version such as Android 7.0\n- [x] Gradle version such as 4.4\n- [x] QMUI Android version 1.1.5 is the latest version of the operating system.\nThe specific problem is described\nIn switching tabs in QMUITabSegment and ViewPager, the last tab of the immersive state padding disappears.\nThe question is:\n [image]/5001253/43500138-a898b904-9581-11e8-813b-012b94522c5a.png\n [image]/5001253/43500139-b013b6d4-9581-11e8-91b4-5ad61c27da16.png\nLayout Inspector file\n[com.qmuiteam.qmuidemo_2018.08.01_11.55.zip]/QMUI/QMUI_Android/files/2247972/com.qmuiteam.qmuidemo_2018.08.01_11.55.zip\nThe current solution\n [image]/5001253/43500280-4f9b9622-9582-11e8-861d-1bf2b55025b7.png\n",
    "summary_bilingual_indexes": [
      0
    ],
    "description_bilingual_indexes": [
      0,
      1,
      2,
      3,
      4,
      5,
      6,
      7,
      10,
      12
    ]
  },
  "353": {
    "summary": "QMUILinkTextView ",
    "description": "QMUILinkTextView does not trigger an auto event (web) if www.baidu.com is displayed, but it does trigger a web event (web) if the user is not able to see the page.\nIf you add a space between the URL and www.baidu.com, like www.baidu.com, you get an auto event on the web.\nI tried it on WeChat, and I can click on the Chinese characters and links without spaces, and ask how that changes.",
    "summary_bilingual_indexes": [],
    "description_bilingual_indexes": [
      0,
      1,
      2
    ]
  },
  "373": {
    "summary": "A serious bug, using the ARCH framework, an Activity drag multiple Fragments, which causes the app to directly crash when Fragment and Fragment are switched frequently",
    "description": "The operating environment\n- [x] device model such as Xiaomi Mix2, Huawei P10\n- [x] Device system version such as Android 8.0.0\n- [x] Gradle version as 4.4.1\n- [x] QMUI Android version com.qmuiteam:arch:0.1.1 The first version of QMUI was released in February 2010.\nThe specific problem is described\nA serious bug, using the ARCH framework, an Activity drag multiple Fragments, which will cause the APP to directly crash and crash when Fragment and Fragment are switched frequently, the APP does not trigger touch-and-click events, the interface card is dead, uncontrollable, then the phone is not cardboarded, returns normally, no black screen, after multiple tests, it is found that it can be triggered when GC is frequently retrieving memory, each time an appeal is made, it is after GC is retrieved.\nThe project is going to be up and running, but there is this serious bug that is going to be happening.\nThe question is:\n Layout Inspector E6 8F 90 E4 BE 9B-Layout-Inspector- E6 96 87 E4 BB B6) ####\nThe anomaly logs are stacked.\nNo error logs returned, no response to touch events on the touch screen app, and touch events at the AS printing system level. This problem can also occur using official sample projects.",
    "summary_bilingual_indexes": [
      0
    ],
    "description_bilingual_indexes": [
      0,
      1,
      2,
      3,
      4,
      5,
      6,
      7,
      8,
      10,
      11
    ]
  },
  "376": {
    "summary": "Low-level issues",
    "description": "The operating environment\n- [x] device model such as Nexus 6\n- [x] Device system version such as Android 4.0.4\n- [x] Gradle version as 4.4.0\n- [x] QMUI Android version 1.1.3 is the latest version of the operating system.\nThe specific problem is described\nThe lowest version of API 15 crashes, and the hint is not found\nThe question is:\n Layout Inspector E6 8F 90 E4 BE 9B-Layout-Inspector- E6 96 87 E4 BB B6) ####\nThe anomaly logs are stacked.\njava.lang.NoSuchMethodError: com.qmuiteam.qmui.layout.QMUIButton.setBackground\n at com.qmuiteam.qmui.widget.dialog.QMUIDialogAction.generateActionButton (QMUIDialogAction.java:123)\n at com.qmuiteam.qmui.widget.dialog.QMUIDialogAction.buildActionView (QMUIDialogAction.java:105)\n at com.qmuiteam.qmui.widget.dialog.QMUIDialogBuilder.onCreateHandlerBar (QMUIDialogBuilder.java:402)\n at com.qmuiteam.qmui.widget.dialog.QMUIDialogBuilder.create (QMUIDialogBuilder.java:301)\n at com.qmuiteam.qmui.widget.dialog.QMUIDialogBuilder.create (QMUIDialogBuilder.java:274)\n at com.qmuiteam.qmui.widget.dialog.QMUIDialogBuilder.show (QMUIDialogBuilder.java:263)\n",
    "summary_bilingual_indexes": [
      0
    ],
    "description_bilingual_indexes": [
      0,
      1,
      2,
      3,
      4,
      5,
      6,
      7,
      9
    ]
  },
  "387": {
    "summary": "Bugs in the QMUIFragment",
    "description": "\n public static final int RESULT_CANCELED = Activity.RESULT_CANCELED \npublic static final int RESULT_OK = Activity.RESULT_CANCELED \nYou're typing the wrong code.\n65, 66 rows",
    "summary_bilingual_indexes": [
      0
    ],
    "description_bilingual_indexes": [
      3,
      4
    ]
  },
  "399": {
    "summary": "After calling popBackStack in the demo, if you start a new activity directly, then finish this activity, the fragment UI will get stuck",
    "description": "The operating environment\n- [x] device model such as Nexus 6\n- [x] Device system version such as Android 5.0\n- [x] Gradle version such as 2.3.0\n- [x] QMUI Android version 1.x.x. The first version of QMUI was released in August 2010.\nThe specific problem is described\nThe question is:\n Layout Inspector E6 8F 90 E4 BE 9B-Layout-Inspector- E6 96 87 E4 BB B6) ####\nThe anomaly logs are stacked.\n",
    "summary_bilingual_indexes": [
      0
    ],
    "description_bilingual_indexes": [
      0,
      1,
      2,
      3,
      4,
      5,
      6,
      8
    ]
  },
  "401": {
    "summary": "The chances of a crash when the side slide returns",
    "description": "The operating environment\n- [x] device model Samsung SM-G9350\n- [x] device system version is Android 6.0.1\n- [x] Gradle version 3.2.0\n- [x] QMUI Android version 1.1.7 is the latest version of the operating system.\nThe specific problem is described\nThe chances of a crash when the side slide returns\nThe question is:\n Layout Inspector E6 8F 90 E4 BE 9B-Layout-Inspector- E6 96 87 E4 BB B6) ####\nThe anomaly logs are stacked.\njava.lang.IllegalStateException: The specified child already has a parent. You must call removeView () on the child s parent first.\n at android.view.ViewGroup.addViewInner (ViewGroup.java:4654)\n at android.view.ViewGroup.addView (ViewGroup.java:4490)\n at android.view.ViewGroup.addView (ViewGroup.java:4431)\n at com.qmuiteam.qmui.arch.QMUIFragment 2.onEdgeTouch (QMUIFragment.java:383)\n at com.qmuiteam.qmui.arch.SwipeBackLayout ViewDragCallback.tryCaptureView (SwipeBackLayout.java:483)\n at android.support.v4.widget.ViewDragHelper.tryCaptureViewForDrag (ViewDragHelper.java:908)\n at android.support.v4.widget.ViewDragHelper.shouldInterceptTouchEvent (ViewDragHelper.java:1062)\n at com.qmuiteam.qmui.arch.SwipeBackLayout.onInterceptTouchEvent (SwipeBackLayout.java:373)\n at android.view.ViewGroup.dispatchTouchEvent (ViewGroup.java:2366)\n at android.view.ViewGroup.dispatchTransformedTouchEvent (ViewGroup.java:2839)\n at android.view.ViewGroup.dispatchTouchEvent (ViewGroup.java:2514)\n at android.view.ViewGroup.dispatchTransformedTouchEvent (ViewGroup.java:2839)\n at android.view.ViewGroup.dispatchTouchEvent (ViewGroup.java:2514)\n at android.view.ViewGroup.dispatchTransformedTouchEvent (ViewGroup.java:2839)\n at android.view.ViewGroup.dispatchTouchEvent (ViewGroup.java:2514)\n at android.view.ViewGroup.dispatchTransformedTouchEvent (ViewGroup.java:2839)\n at android.view.ViewGroup.dispatchTouchEvent (ViewGroup.java:2514)\n at android.view.ViewGroup.dispatchTransformedTouchEvent (ViewGroup.java:2839)\n at android.view.ViewGroup.dispatchTouchEvent (ViewGroup.java:2514)\n at android.view.ViewGroup.dispatchTransformedTouchEvent (ViewGroup.java:2839)\n at android.view.ViewGroup.dispatchTouchEvent (ViewGroup.java:2514)\n at com.android.internal.policy.PhoneWindow DecorView.superDispatchTouchEvent (PhoneWindow.java:2831)\n at com.android.internal.policy.PhoneWindow.superDispatchTouchEvent (PhoneWindow.java:1863)\n at android.app.Activity.dispatchTouchEvent (Activity.java:3046)\n at android.support.v7.view.WindowCallbackWrapper.dispatchTouchEvent (WindowCallbackWrapper.java:68)\n at com.android.internal.policy.PhoneWindow DecorView.dispatchTouchEvent (PhoneWindow.java:2792)\n at android.view.View.dispatchPointerEvent (View.java:10228)\n at android.view.ViewRootImpl ViewPostImeInputStage.processPointerEvent (ViewRootImpl.java:5350)\n at android.view.ViewRootImpl ViewPostImeInputStage.onProcess (ViewRootImpl.java:5186)\n at android.view.ViewRootImpl InputStage.deliver (ViewRootImpl.java:4626)\n at android.view.ViewRootImpl InputStage.onDeliverToNext (ViewRootImpl.java:4679)\n at android.view.ViewRootImpl InputStage.forward (ViewRootImpl.java:4645)\n at android.view.ViewRootImpl AsyncInputStage.forward (ViewRootImpl.java:4787)\n at android.view.ViewRootImpl InputStage.apply (ViewRootImpl.java:4653)\n at android.view.ViewRootImpl AsyncInputStage.apply (ViewRootImpl.java:4844)\n at android.view.ViewRootImpl InputStage.deliver (ViewRootImpl.java:4626)\n at android.view.ViewRootImpl InputStage.onDeliverToNext (ViewRootImpl.java:4679)\n at android.view.ViewRootImpl InputStage.forward (ViewRootImpl.java:4645)\n at android.view.ViewRootImpl InputStage.apply (ViewRootImpl.java:4653)\n at android.view.ViewRootImpl InputStage.deliver (ViewRootImpl.java:4626)\n at android.view.ViewRootImpl.deliverInputEvent (ViewRootImpl.java:7323)\n at android.view.ViewRootImpl.doProcessInputEvents (ViewRootImpl.java:7201)\n at android.view.ViewRootImpl.enqueueInputEvent (ViewRootImpl.java:7162)\n at android.view.ViewRootImpl WindowInputEventReceiver.onInputEvent (ViewRootImpl.java:7433)\n at android.view.InputEventReceiver.dispatchInputEvent (InputEventReceiver.java:185)\n at android.view.InputEventReceiver.nativeConsumeBatchedInputEvents (Native Method)\n at android.view.InputEventReceiver.consumeBatchedInputEvents (InputEventReceiver.java:176)\n at android.view.ViewRootImpl.doConsumeBatchedInput (ViewRootImpl.java:7397)\n at android.view.ViewRootImpl ConsumeBatchedInputRunnable.run (ViewRootImpl.java:7460)\n \nat android.view.Choreographer CallbackRecord.run (Choreograph\n",
    "summary_bilingual_indexes": [
      0
    ],
    "description_bilingual_indexes": [
      0,
      1,
      2,
      3,
      4,
      5,
      6,
      7,
      9
    ]
  },
  "429": {
    "summary": "Upgrade to new version of archives",
    "description": "The operating environment\n- [x] device model is 6\n- [x] device system version is Android 8.1.0\n- [x] Gradle version 3.2.1\n- [x] QMUI Android version 1.1.7 is the latest version of the operating system.\n- [x] archived version 0.2.0\nThe specific problem is described\nOpen a new Fragment and then exit, and it will crash.\nThe question is:\n Layout Inspector E6 8F 90 E4 BE 9B-Layout-Inspector- E6 96 87 E4 BB B6) ####\nThe anomaly logs are stacked.\n",
    "summary_bilingual_indexes": [
      0
    ],
    "description_bilingual_indexes": [
      0,
      1,
      2,
      3,
      4,
      5,
      6,
      7,
      8,
      10
    ]
  },
  "443": {
    "summary": "The background flashes when you slide back.",
    "description": "The operating environment\n- [x] Device type small 6\n- [x] Device system version is Android 8.1.0\n- [x] Gradle version 3.2.1\n- [x] QMUI Android version 1.1.8 is the latest version of the operating system.\nThe specific problem is described\nAfter upgrading to 1.1.8, the background flashes when you return to the sidebar\nThe question is:\n Layout Inspector E6 8F 90 E4 BE 9B-Layout-Inspector- E6 96 87 E4 BB B6) ####\nThe anomaly logs are stacked.\n",
    "summary_bilingual_indexes": [
      0
    ],
    "description_bilingual_indexes": [
      0,
      1,
      2,
      3,
      4,
      5,
      6,
      7,
      9
    ]
  },
  "449": {
    "summary": "Slide off the flash",
    "description": "The operating environment\n- [x] Device model such as Samsung S6 SM-G9250\n- [x] Device system version such as Android 6.0.1\n- [x] Gradle version as 4.6\n- [x] QMUI Android version 1.1.10 is the latest version of the operating system.\nThe specific problem is described\nThe screen flashes when you jump from Fragment to Activity, then swipe off from Activity to return to Fragment.\nThe question is:\n Layout Inspector E6 8F 90 E4 BE 9B-Layout-Inspector- E6 96 87 E4 BB B6) ####\nThe anomaly logs are stacked.\n11-30 15:29:45.922 com.ao.supermanager ViewRootImpl: ViewPostImeInputStage processPointer 0\n11-30 15:29:46.152 com.ao.supermanager ViewRootImpl: ViewPostImeInputStage processPointer 1\n11-30 15:29:46.662 com.ao.supermanager ViewRootImpl: ViewPostImeInputStage processPointer 0\n11-30 15:29:46.672 com.ao.supermanager QMUIActivity: SwipeListener:onEdgeTouch: edgeFlag = 1\n11-30 15:29:46.672 com.ao.supermanager QMUIActivity: SwipeListener:onScrollStateChange: state = 1 scrollPercent = 0.0\n11-30 15:29:46.782 com.ao.supermanager ViewRootImpl: ViewPostImeInputStage processPointer 1\n11-30 15:29:46.782 com.ao.supermanager QMUIActivity: SwipeListener:onScrollStateChange: state = 2 scrollPercent = 0.18575063\n11-30 15:29:47.232 com.ao.supermanager QMUIActivity: SwipeListener:onScrollStateChange: state = 0 scrollPercent = 1.0063614\n11-30 15:29:47.232 com.ao.supermanager CrashReport: com.ao.supermanager.activity.InputWifiActivity onPaused \n11-30 15:29:47.242 com.ao.supermanager CrashReport-Native: Set native info: isAppForeground (false)\n11-30 15:29:47.252 com.ao.supermanager CrashReport: com.ao.supermanager.MainActivity onResumed \n11-30 15:29:47.252 com.ao.supermanager CrashReport-Native: Set native info: isAppForeground (true)\n11-30 15:29:47.262 com.ao.supermanager mali_winsys: new_window_surface returns 0x3000, [1440x2560]-format:1\n11-30 15:29:47.262 com.ao.supermanager ActivityThread: AppLock checkAppLockState isAppLocked = false pkgName = com.ao.supermanager showWhenLocked = false\n11-30 15:29:47.292 com.ao.supermanager Timeline: Timeline: Activity_idle id: android.os.BinderProxy time:22509180\n11-30 15:29:47.312 com.ao.supermanager CrashReport: com.ao.supermanager.activity.InputWifiActivity onDestroyed \n11-30 15:29:47.312 com.ao.supermanager ViewRootImpl: #3 mView = null\n",
    "summary_bilingual_indexes": [
      0
    ],
    "description_bilingual_indexes": [
      0,
      1,
      2,
      3,
      4,
      5,
      6,
      7,
      9
    ]
  },
  "451": {
    "summary": "Lost title when scrolling back to QMUICollapsingTopBarLayout",
    "description": "The operating environment\n- [x] device model is a Mi 6, Samsung S7\n- [x] device system version is Android 8.1 and Android 6.0.1\n- [x] Gradle version 3.2.1\n- [x] QMUI Android version 1.1.9 is the latest version of the operating system.\nThe specific problem is described\nThe title of QMUICollapsingTopBarLayout is lost when the side-slide returns, and the misspots appear if QMUICollapsingTopBarLayout is in the middle of the slide\nThe question is:\n [screenshot_20181130-163739]/16847201/49429721-2fb81f00-f7e4-11e8-96d2-48e8f45d3129.png\n [screenshot_20181130-163730]/16847201/49429725-321a7900-f7e4-11e8-9b2e-2c7de92e6203.png\n",
    "summary_bilingual_indexes": [
      0
    ],
    "description_bilingual_indexes": [
      0,
      1,
      2,
      3,
      4,
      5,
      6,
      7
    ]
  },
  "459": {
    "summary": "bugfix: Crash when using result from StaticLayout.getLineForVertical ()",
    "description": "bugfix: 113348914\nThe problem was fixed on August 31st, and previous versions of Android were only able to watch crashes.",
    "summary_bilingual_indexes": [],
    "description_bilingual_indexes": [
      1
    ]
  },
  "480": {
    "summary": "Fragment nested Fragment white screen",
    "description": "The operating environment\n- [x] Equipment type such as the Xiaomi note 3\n- [x] Device system version such as Android 6.0\n- [x] Gradle version such as 2.3.0\n- [x] QMUI Android version 1.1.11 is the latest version of the operating system.\nThe specific problem is described\nThe fragment is in the background for a long time, then switches to the front, the previously opened fragment will be in the white screen demo QDFitSystemWindowViewPagerFragment page can reproduce this problem If you want to reproduce quickly, you can set the tab - the Developer Options tab - on the phone's screen and open the tab without keeping the activity tab. This way you do not have to spend a long time in the background.\nThe question is:\n [1981546943233_ 50825165-50d7d680-1373-11e9-9745-d12ba4e86dd4.jpg\n",
    "summary_bilingual_indexes": [
      0
    ],
    "description_bilingual_indexes": [
      0,
      1,
      2,
      3,
      4,
      5,
      6,
      7
    ]
  },
  "481": {
    "summary": "QMUIListPopup crashed on Android 4.4",
    "description": "The operating environment\n- [x] Equipment model The Honor 3C\n- [x] device system version Android 4.2\n- [x] Gradle version 3.2.1\n- [x] QMUI Android version 1.1.10 is the latest version of the operating system.\nThe specific problem is described\nQMUIListPopup crashed on Android 4.4\nThe anomaly logs are stacked.\n \nandroid.view.InflateException: Binary XML file line #13: Error inflating class ImageView\n at android.app.ActivityThread.performLaunchActivity (ActivityThread.java:2077)\n at android.app.ActivityThread.handleLaunchActivity (ActivityThread.java:2102)\n at android.app.ActivityThread.access 600 (ActivityThread.java:137)\n at android.app.ActivityThread H.handleMessage (ActivityThread.java:1210)\n at android.os.Handler.dispatchMessage (Handler.java:99)\n at android.os.Looper.loop (Looper.java:137)\n at android.app.ActivityThread.main (ActivityThread.java:4825)\n at java.lang.reflect.Method.invokeNative (Native Method)\n at java.lang.reflect.Method.invoke (Method.java:511)\n at com.android.internal.os.ZygoteInit MethodAndArgsCaller.run (ZygoteInit.java:841)\n at com.android.internal.os.ZygoteInit.main (ZygoteInit.java:608)\n at dalvik.system.NativeStart.main (Native Method)\n Caused by: android.view.InflateException: Binary XML file line #13: Error inflating class ImageView\n at android.view.LayoutInflater.createViewFromTag (LayoutInflater.java:704)\n at android.view.LayoutInflater.rInflate (LayoutInflater.java:746)\n at android.view.LayoutInflater.inflate (LayoutInflater.java:489)\n at io.github.inflationx.viewpump.ViewPumpLayoutInflater.inflate (ViewPumpLayoutInflater.java:55)\n at android.view.LayoutInflater.inflate (LayoutInflater.java:396)\n at com.qmuiteam.qmui.widget.popup.QMUIPopup.setContentView (QMUIPopup.java:261)\n at com.qmuiteam.qmui.widget.popup.QMUIListPopup.create (QMUIListPopup.java:41)\n \nThe layout of QMUIListPopup uses the webp file QMUI_Android/qmui/src/main/res/drawable-hdpi/qmui_popup_arrow_down.webp, which is incompatible with the lower version.\n",
    "summary_bilingual_indexes": [
      0
    ],
    "description_bilingual_indexes": [
      0,
      1,
      2,
      3,
      4,
      5,
      6,
      7,
      31
    ]
  }
}