{
  "f4780f2bf12f43b79a241fd06e8d45352b8c72e8": {
    "message": "Merge pull request #95 from develop\nFixed: #94 read uid_stat to get traffic info while TrafficStats return 0",
    "diff": "[TrafficInfo.java]\n+import java.io.IOException \n+import java.io.RandomAccessFile ",
    "message_bilingual_indexes": [],
    "diff_bilingual_indexes": []
  },
  "3af7a3cbe6de49295a55522f7ee816f778434103": {
    "message": "Fixed: #94 Q2:read uid_stat to get traffic info while TrafficStats return 0",
    "diff": "[TrafficInfo.java]\n+import java.io.IOException \n+import java.io.RandomAccessFile ",
    "message_bilingual_indexes": [],
    "diff_bilingual_indexes": []
  },
  "ca62c4057e8be4ab80ea20f1484db90ce31f0996": {
    "message": "Merge pull request #90 from develop\nMisc: put images to one line",
    "diff": "[README.md]\n+ img homepage.png width= 180px nbsp img settings.png width= 180px nbsp img mailsettings.png width= 180px ",
    "message_bilingual_indexes": [],
    "diff_bilingual_indexes": []
  },
  "53983d04b57e637a0aae16ba68a16fb653af7eed": {
    "message": "Merge pull request #88 from develop\nFixed: correct versionCode and versionName",
    "diff": "",
    "message_bilingual_indexes": [],
    "diff_bilingual_indexes": []
  },
  "5d166f8b6e8722f197eb86f9453925511f6f3666": {
    "message": "Merge pull request #86 from develop\nDevelop",
    "diff": "[MainPageActivity.java]\n+import com.netease.qa.emmagee.utils.Settings \n+import com.netease.qa.emmagee.utils.WakeLockHelper \n+import android.content.SharedPreferences \n[SettingsActivity.java]\n+import com.netease.qa.emmagee.utils.WakeLockHelper \n[TestListActivity.java]\n+/*\n+ * Copyright (c) 2012-2013 NetEase, Inc. and other contributors\n+ *\n+ * Licensed under the Apache License, Version 2.0 (the License ) \n+ * you may not use this file except in compliance with the License.\n+ * You may obtain a copy of the License at\n+ *\n+ * LICENSE-2.0\n+ *\n+ * Unless required by applicable law or agreed to in writing, software\n+ * distributed under the License is distributed on an AS IS BASIS,\n+ * WITHOUT WARRANTIES OR CONDITIONS OF ANY KIND, either express or implied.\n+ * See the License for the specific language governing permissions and\n+ * limitations under the License.\n+ *\n+package com.netease.qa.emmagee.activity \n+import java.io.File \n+import java.util.ArrayList \n+import java.util.Arrays \n+import java.util.Collections \n+import java.util.List \n+import com.netease.qa.emmagee.R \n+import com.netease.qa.emmagee.utils.Settings \n+import android.app.Activity \n+import android.content.Intent \n+import android.os.Bundle \n+import android.util.Log \n+import android.view.View \n+import android.view.View.OnClickListener \n+import android.view.ViewGroup \n+import android.view.Window \n+import android.widget.AdapterView \n+import android.widget.BaseAdapter \n+import android.widget.ImageView \n+import android.widget.LinearLayout \n+import android.widget.ListView \n+import android.widget.TextView \n+/**\n+ * Test Report\n+ * \n+ * andrewleo\n+public class TestListActivity extends Activity {\n+ TestListActivity.class.getSimpleName () \n+}\n[TestReportActivity.java]\n+/*\n+ * Copyright (c) 2012-2013 NetEase, Inc. and other contributors\n+ *\n+ * Licensed under the Apache License, Version 2.0 (the License ) \n+ * you may not use this file except in compliance with the License.\n+ * You may obtain a copy of the License at\n+ *\n+ * LICENSE-2.0\n+ *\n+ * Unless required by applicable law or agreed to in writing, software\n+ * distributed under the License is distributed on an AS IS BASIS,\n+ * WITHOUT WARRANTIES OR CONDITIONS OF ANY KIND, either express or implied.\n+ * See the License for the specific language governing permissions and\n+ * limitations under the License.\n+ *\n+package com.netease.qa.emmagee.activity \n+import java.io.File \n+import java.io.IOException \n+import org.apache.commons.io.FileUtils \n+import com.netease.qa.emmagee.R \n+import android.app.Activity \n+import android.content.Intent \n+import android.graphics.Color \n+import android.net.Uri \n+import android.os.Bundle \n+import android.util.Log \n+import android.view.Gravity \n+import android.view.View \n+import android.view.View.OnClickListener \n+import android.view.Window \n+import android.widget.ImageView \n+import android.widget.LinearLayout \n+import android.widget.TableLayout \n+import android.widget.TableRow \n+import android.widget.TextView \n+/**\n+ * About Page of Emmagee\n+ * \n+ * andrewleo\n+public class TestReportActivity extends Activity {\n+}\n[EmmageeService.java]\n+ mDateTime + .csv \n+ File.separator + Emmagee_TestResult_ + mDateTime\n+ .csv \n+ .csv \n+ getString (R.string.comment2) + Constants.LINE_END\n+ getString (R.string.comment3) + Constants.LINE_END\n+ getString (R.string.comment4) + Constants.LINE_END) \n[MyApplication.java]\n+import java.io.File \n[Settings.java]\n[WakeLockHelper.java]\n+package com.netease.qa.emmagee.utils \n+import android.content.Context \n+import android.os.PowerManager \n+import android.os.PowerManager.WakeLock \n+public class WakeLockHelper {\n+}",
    "message_bilingual_indexes": [],
    "diff_bilingual_indexes": []
  },
  "e164c4ae6cb606da2d44456c1b01070257684df6": {
    "message": "Added: #73 show test report in phone",
    "diff": "[SettingsActivity.java]\n[TestListActivity.java]\n+/*\n+ * Copyright (c) 2012-2013 NetEase, Inc. and other contributors\n+ *\n+ * Licensed under the Apache License, Version 2.0 (the License ) \n+ * you may not use this file except in compliance with the License.\n+ * You may obtain a copy of the License at\n+ *\n+ * LICENSE-2.0\n+ *\n+ * Unless required by applicable law or agreed to in writing, software\n+ * distributed under the License is distributed on an AS IS BASIS,\n+ * WITHOUT WARRANTIES OR CONDITIONS OF ANY KIND, either express or implied.\n+ * See the License for the specific language governing permissions and\n+ * limitations under the License.\n+ *\n+package com.netease.qa.emmagee.activity \n+import java.io.File \n+import java.util.ArrayList \n+import java.util.Arrays \n+import java.util.Collections \n+import java.util.List \n+import com.netease.qa.emmagee.R \n+import com.netease.qa.emmagee.utils.Settings \n+import android.app.Activity \n+import android.content.Intent \n+import android.os.Bundle \n+import android.util.Log \n+import android.view.View \n+import android.view.View.OnClickListener \n+import android.view.ViewGroup \n+import android.view.Window \n+import android.widget.AdapterView \n+import android.widget.BaseAdapter \n+import android.widget.ImageView \n+import android.widget.LinearLayout \n+import android.widget.ListView \n+import android.widget.TextView \n+/**\n+ * Test Report\n+ * \n+ * andrewleo\n+public class TestListActivity extends Activity {\n+ TestListActivity.class.getSimpleName () \n+}\n[TestReportActivity.java]\n+/*\n+ * Copyright (c) 2012-2013 NetEase, Inc. and other contributors\n+ *\n+ * Licensed under the Apache License, Version 2.0 (the License ) \n+ * you may not use this file except in compliance with the License.\n+ * You may obtain a copy of the License at\n+ *\n+ * LICENSE-2.0\n+ *\n+ * Unless required by applicable law or agreed to in writing, software\n+ * distributed under the License is distributed on an AS IS BASIS,\n+ * WITHOUT WARRANTIES OR CONDITIONS OF ANY KIND, either express or implied.\n+ * See the License for the specific language governing permissions and\n+ * limitations under the License.\n+ *\n+package com.netease.qa.emmagee.activity \n+import java.io.File \n+import java.io.IOException \n+import org.apache.commons.io.FileUtils \n+import com.netease.qa.emmagee.R \n+import android.app.Activity \n+import android.content.Intent \n+import android.graphics.Color \n+import android.net.Uri \n+import android.os.Bundle \n+import android.util.Log \n+import android.view.Gravity \n+import android.view.View \n+import android.view.View.OnClickListener \n+import android.view.Window \n+import android.widget.ImageView \n+import android.widget.LinearLayout \n+import android.widget.TableLayout \n+import android.widget.TableRow \n+import android.widget.TextView \n+/**\n+ * About Page of Emmagee\n+ * \n+ * andrewleo\n+public class TestReportActivity extends Activity {\n+}\n[EmmageeService.java]\n+ mDateTime + .csv \n+ File.separator + Emmagee_TestResult_ + mDateTime\n+ .csv \n+ .csv \n+ getString (R.string.comment2) + Constants.LINE_END\n+ getString (R.string.comment3) + Constants.LINE_END\n+ getString (R.string.comment4) + Constants.LINE_END) \n[MyApplication.java]\n+import java.io.File \n[Settings.java]",
    "message_bilingual_indexes": [],
    "diff_bilingual_indexes": []
  },
  "9e5bc2a516021c5e6d59d11906a63335a1082dd0": {
    "message": "Added: #74 Add a new option in Settings: keep screen awake or not",
    "diff": "[MainPageActivity.java]\n+import com.netease.qa.emmagee.utils.Settings \n+import com.netease.qa.emmagee.utils.WakeLockHelper \n+import android.content.SharedPreferences \n[SettingsActivity.java]\n+import com.netease.qa.emmagee.utils.WakeLockHelper \n[EmmageeService.java]\n+ mDateTime + .csv \n+ File.separator + Emmagee_TestResult_ + mDateTime\n[Settings.java]\n[WakeLockHelper.java]\n+package com.netease.qa.emmagee.utils \n+import android.content.Context \n+import android.os.PowerManager \n+import android.os.PowerManager.WakeLock \n+public class WakeLockHelper {\n+}",
    "message_bilingual_indexes": [],
    "diff_bilingual_indexes": []
  },
  "868d52d8520b5843e8820668f38584c4f84905c4": {
    "message": "Merge pull request #85 from develop\nAdded: issue template",
    "diff": "[ISSUE_TEMPLATE.md]\n+ The problem\n+Describe the issue you are experiencing, or features you want. \n+ Environment\n+* Emmagee version\n+* Device Information: Brand, Model, System.\n+ Link to Emmagee logs\n+Create a [GIST] which is a paste of your _full_ Emmagee logs, and link them here. \n+Do _NOT_ paste your full Emmagee logs here, as it will make this issue very long and hard to read ",
    "message_bilingual_indexes": [],
    "diff_bilingual_indexes": []
  },
  "7b8333abeff985ef938ad0a0780f388398e9034e": {
    "message": "Merge pull request #75 from develop\n2.4.1",
    "diff": "[README.md]\n+ Emmagee - a practical, handy performance test tool for specified Android App\n+Emmagee is a practical, handy performance test tool for specified Android App, which can monitor CPU, memory, \n+network traffic, battery current and status ([Some devices are not Some-devices-are-not-supported), new features such as top activity and heap size if rooted ([Root Toast may continously FAQ), are also supported in the [latest releases. Additionally, it also provides several cool features such as customizing interval of collecting data,\n+rendering real-time process status in a floating window, and much more.\n+ * Homepage: Emmagee\n+ * Wiki: wiki\n+ * Issues: issues\n+ * FAQ: FAQ\n+ * Tags: Android, Java \n+ img homepage.png width= 180px \n+ nbsp \n+ img settings.png width= 180px \n+ nbsp \n+ img mailsettings.png width= 180px \n+ Why should I use Emmagee \n+Unlike most other performance test tools that only do system-level monitoring, Emmagee provides the ability to monitor any single App. Other advantages that\n+you should not miss:\n+* Open source\n+* Easy to use\n+* Process-specific monitoring, including CPU, memory, network traffic, battery current, launching time and status\n+* Floating window that renders real-time process status\n+* CSV format report that can be converted into any other format you want\n+* User-defined collecting interval\n+* Fully support Android 2.2 and above\n+ How to use Emmagee \n+First of all ,you should have Emmagee.apk,download releases or \n+build the apk file youself How-to-build-emmage.apk 3F,then :\n+1. Start Emmagee App\n+2. Configure interval\n+3. Select a target process \n+4. Click Start button\n+And Enjoy \n+If you want to stop the test, just go back to Emmagee and click Stop button.\n+ Android 5.0 and above\n+* Android 5.0 and above : getRunningTasks () and getRunningAppProcesses () are deprecated and only return your application process, so it is unable to get TopActivity from Android 5.0.\n+* Android 7.0 : Google has restricted access to proc, and also can not get pid of target application from TOP command in Android 7.0, I am so sorry to tell that 7.0 can not be supported.\n+ Coming Soon\n+* We want you to decide \n+ How to Contribute \n+You are welcome to contribute to Emmagee, meanwhile you d better follow the rules below\n+* It s *NOT* recommended to submit a pull request directly to Emmagee s master branch. develop branch is more appropriate\n+* Follow common Java coding conventions\n+* Put all Java class files under *com.netease* package\n+* Add the following [license] (#license) in each Java class file\n+ Contributors\n+* NetEase, Inc.\n+* yrom\n+* LukeOwncloud\n+ License\n+ (The Apache License)\n+Copyright (c) 2012-2015 NetEase, Inc. and other contributors\n+ Licensed under the Apache License, Version 2.0 (the License ) \n+ you may not use this file except in compliance with the License.\n+ You may obtain a copy of the License at\n+ LICENSE-2.0\n+ Unless required by applicable law or agreed to in writing, software\n+ distributed under the License is distributed on an AS IS BASIS,\n+ WITHOUT WARRANTIES OR CONDITIONS OF ANY KIND, either express or implied.\n+ See the License for the specific language governing permissions and\n+ limitations under the License.\n[goback.png]\n[left_arrow.png]\n[refresh.png]\n[settings.png]\n[settings_pressed.png]\n[AboutActivity.java]\n+import com.netease.qa.emmagee.R \n+import android.view.Window \n[MailSettingsActivity.java]\n+import com.netease.qa.emmagee.R \n+import com.netease.qa.emmagee.utils.EncryptData \n+import com.netease.qa.emmagee.utils.Settings \n+import android.view.Window \n[MainPageActivity.java]\n+import com.netease.qa.emmagee.R \n+import com.netease.qa.emmagee.service.EmmageeService \n+import com.netease.qa.emmagee.utils.ProcessInfo \n+import com.netease.qa.emmagee.utils.Programe \n+import android.os.Build \n[SettingsActivity.java]\n+import com.netease.qa.emmagee.R \n+import com.netease.qa.emmagee.utils.Settings \n+import android.view.Window \n[EmmageeService.java]\n+import com.netease.qa.emmagee.R \n+import com.netease.qa.emmagee.activity.MainPageActivity \n+import com.netease.qa.emmagee.utils.Constants \n+import com.netease.qa.emmagee.utils.CpuInfo \n+import com.netease.qa.emmagee.utils.CurrentInfo \n+import com.netease.qa.emmagee.utils.EncryptData \n+import com.netease.qa.emmagee.utils.FpsInfo \n+import com.netease.qa.emmagee.utils.MailSender \n+import com.netease.qa.emmagee.utils.MemoryInfo \n+import com.netease.qa.emmagee.utils.MyApplication \n+import com.netease.qa.emmagee.utils.ProcessInfo \n+import com.netease.qa.emmagee.utils.Programe \n+import com.netease.qa.emmagee.utils.Settings \n[CpuInfo.java]\n+import com.netease.qa.emmagee.R \n[CustomizedAuthenticator.java]\n+import javax.mail.Authenticator \n+import javax.mail.PasswordAuthentication \n[EncryptData.java]\n+import java.security.Key \n[MemoryInfo.java]\n[ProcessInfo.java]\n+//\n+//\n+//\n[TrafficInfo.java]",
    "message_bilingual_indexes": [],
    "diff_bilingual_indexes": []
  },
  "a883848b444d85a83f13d66d6ed0b7e00e8cb092": {
    "message": "Merge pull request #68 from patch-1\nUpdate README.md",
    "diff": "[README.md]\n+First of all ,you should have Emmagee.apk,download releases or ",
    "message_bilingual_indexes": [],
    "diff_bilingual_indexes": []
  },
  "fb42b875609a20e67787aa3681526e0883aba68b": {
    "message": "Merge pull request #65 from develop\nAdded: add meizu pro 5 current_now path",
    "diff": "[CurrentInfo.java]",
    "message_bilingual_indexes": [],
    "diff_bilingual_indexes": []
  },
  "0edd27463a3541e3e1f28a841737d3aeff334426": {
    "message": "Merge pull request #63 from master\nModify the uid acquisition method (fix traffic acquisition exception)",
    "diff": "[EmmageeService.java]\n+import android.content.pm.ApplicationInfo ",
    "message_bilingual_indexes": [
      1
    ],
    "diff_bilingual_indexes": []
  },
  "a24e18d7ce0e7c585b1338d621030b1481eb2c62": {
    "message": "Fixed: #46 remove invalid code in TrafficInfo.java",
    "diff": "[TrafficInfo.java]",
    "message_bilingual_indexes": [],
    "diff_bilingual_indexes": []
  },
  "7cbf2b86194c3b26318ae1d6cac0696bb316e816": {
    "message": "Fixed: #45 floating window will move down a little bit when touch it",
    "diff": "[EmmageeService.java]\n+ EmmageeService.class.getSimpleName () \n+ mDateTime + .csv \n+ File.separator + Emmagee_TestResult_ + mDateTime\n+ .csv \n+ getString (R.string.total_usage) \n+ Constants.COMMA + processName + Constants.LINE_END + getString (R.string.process_pid) + Constants.COMMA + pid\n+ Constants.LINE_END + getString (R.string.mem_size) + Constants.COMMA + totalMemory + MB + Constants.LINE_END\n+ getString (R.string.cpu_type) + Constants.COMMA + cpuInfo.getCpuName () + Constants.LINE_END\n+ getString (R.string.android_system_version) + Constants.COMMA + memoryInfo.getSDKVersion () + Constants.LINE_END\n+ getString (R.string.mobile_type) + Constants.COMMA + memoryInfo.getPhoneType () + Constants.LINE_END + UID + Constants.COMMA\n+ uid + Constants.LINE_END) \n+ packageName + Constants.LINE_END\n+ getString (R.string.process_name) + Constants.COMMA\n+ processName + Constants.LINE_END\n+ getString (R.string.process_pid) + Constants.COMMA + pid\n+ Constants.LINE_END + getString (R.string.mem_size)\n+ Constants.COMMA + totalMemory + MB + Constants.LINE_END\n+ getString (R.string.cpu_type) + Constants.COMMA\n+ cpuInfo.getCpuName () + Constants.LINE_END\n+ getString (R.string.android_system_version)\n+ Constants.COMMA + memoryInfo.getSDKVersion ()\n+ Constants.LINE_END + getString (R.string.mobile_type)\n+ Constants.COMMA + memoryInfo.getPhoneType ()\n+ Constants.LINE_END + UID + Constants.COMMA + uid\n+ Constants.LINE_END) \n+ getString (R.string.dalvik_heap) + Constants.COMMA \n+ getString (R.string.used_mem_PSS) + Constants.COMMA + getString (R.string.used_mem_ratio) + Constants.COMMA\n+ getString (R.string.mobile_free_mem) + Constants.COMMA + getString (R.string.app_used_cpu_ratio) + Constants.COMMA\n+ getString (R.string.total_used_cpu_ratio) + multiCpuTitle + Constants.COMMA + getString (R.string.traffic) + Constants.COMMA\n+ getString (R.string.battery) + Constants.COMMA + getString (R.string.current) + Constants.COMMA + getString (R.string.temperature)\n+ Constants.COMMA + getString (R.string.voltage) + Constants.COMMA + getString (R.string.fps) + Constants.LINE_END) \n+ getString (R.string.top_activity) + Constants.COMMA\n+ heapData + getString (R.string.used_mem_PSS)\n+ Constants.COMMA + getString (R.string.used_mem_ratio)\n+ Constants.COMMA + getString (R.string.mobile_free_mem)\n+ Constants.COMMA + getString (R.string.app_used_cpu_ratio)\n+ Constants.COMMA\n+ getString (R.string.total_used_cpu_ratio) + multiCpuTitle\n+ Constants.COMMA + getString (R.string.traffic)\n+ Constants.COMMA + getString (R.string.battery)\n+ Constants.COMMA + getString (R.string.current)\n+ Constants.COMMA + getString (R.string.temperature)\n+ Constants.COMMA + getString (R.string.voltage)\n+ Constants.COMMA + getString (R.string.fps)\n+ Constants.LINE_END) \n+ + (.*)ms.* \n+ processMemory + + freeMemoryKb + MB ) \n+ processCpuRatio + + totalCpuRatio + ) \n+ getString (R.string.traffic) + Constants.NA) \n+ getString (R.string.traffic)\n+ fomart.format (trafficMb) + MB ) \n+ getString (R.string.traffic) + trafficSize\n+ KB ) \n+ getString (R.string.comment3) + Constants.LINE_END + getString (R.string.comment4) + Constants.LINE_END) \n+ getString (R.string.comment2) + Constants.LINE_END\n+ getString (R.string.comment3) + Constants.LINE_END\n+ getString (R.string.comment4) + Constants.LINE_END) \n+ Constants.LINE_END) \n+ EmmageeService.resultFilePath, Toast.LENGTH_LONG)",
    "message_bilingual_indexes": [],
    "diff_bilingual_indexes": []
  },
  "2d2a44f9e856b8469aaa4407be8232c78e83afc3": {
    "message": "Fixed: #40 #19 incorrect network traffic in some high level sdk",
    "diff": "[TrafficInfo.java]\n+import android.net.TrafficStats ",
    "message_bilingual_indexes": [],
    "diff_bilingual_indexes": []
  },
  "88bf84d7a38faf5598f457ef0dbcee25e60a245c": {
    "message": "Added: #37 Add a new option in Settings: stop monitoring when app exited",
    "diff": "[SettingsActivity.java]\n[EmmageeService.java]\n+import com.netease.qa.emmagee.utils.ProcessInfo \n+import com.netease.qa.emmagee.utils.Programe \n+ processName + Constants.LINE_END + getString (R.string.process_pid) + Constants.COMMA + pid + Constants.LINE_END\n+ getString (R.string.mem_size) + Constants.COMMA + totalMemory + MB + Constants.LINE_END + getString (R.string.cpu_type) + Constants.COMMA\n+ cpuInfo.getCpuName () + Constants.LINE_END + getString (R.string.android_system_version) + Constants.COMMA + memoryInfo.getSDKVersion ()\n+ Constants.LINE_END + getString (R.string.mobile_type) + Constants.COMMA + memoryInfo.getPhoneType () + Constants.LINE_END + UID + Constants.COMMA\n+ Constants.COMMA + processName + Constants.LINE_END + getString (R.string.process_pid) + Constants.COMMA + pid\n+ Constants.LINE_END + getString (R.string.mem_size) + Constants.COMMA + totalMemory + MB + Constants.LINE_END\n+ getString (R.string.cpu_type) + Constants.COMMA + cpuInfo.getCpuName () + Constants.LINE_END\n+ getString (R.string.android_system_version) + Constants.COMMA + memoryInfo.getSDKVersion () + Constants.LINE_END\n+ getString (R.string.mobile_type) + Constants.COMMA + memoryInfo.getPhoneType () + Constants.LINE_END + UID + Constants.COMMA\n+ uid + Constants.LINE_END) \n+ getString (R.string.used_mem_PSS) + Constants.COMMA + getString (R.string.used_mem_ratio) + Constants.COMMA\n+ getString (R.string.mobile_free_mem) + Constants.COMMA + getString (R.string.app_used_cpu_ratio) + Constants.COMMA\n+ getString (R.string.total_used_cpu_ratio) + multiCpuTitle + Constants.COMMA + getString (R.string.traffic) + Constants.COMMA\n+ getString (R.string.comment4) + Constants.LINE_END) \n+ getString (R.string.comment3) + Constants.LINE_END + getString (R.string.comment4) + Constants.LINE_END) \n[CpuInfo.java]\n[ProcessInfo.java]\n[Settings.java]",
    "message_bilingual_indexes": [],
    "diff_bilingual_indexes": []
  },
  "b92a61df4c488647ff64d85b8381a39e996bcb54": {
    "message": "Fixed: #36 broken report when total memory is larger than 1024M",
    "diff": "[EmmageeService.java]\n+import java.text.DecimalFormatSymbols \n+import java.util.Locale \n+ processName + Constants.LINE_END + getString (R.string.process_pid) + : , + pid + Constants.LINE_END\n+ getString (R.string.mem_size) + , + totalMemory + MB + Constants.LINE_END + getString (R.string.cpu_type) + : , \n+ cpuInfo.getCpuName () + Constants.LINE_END + getString (R.string.android_system_version) + : , + memoryInfo.getSDKVersion ()\n+ Constants.LINE_END + getString (R.string.mobile_type) + : , + memoryInfo.getPhoneType () + Constants.LINE_END + UID + : , \n+ processName + Constants.LINE_END + getString (R.string.process_pid) + Constants.COMMA + pid + Constants.LINE_END\n+ getString (R.string.mem_size) + Constants.COMMA + totalMemory + MB + Constants.LINE_END + getString (R.string.cpu_type) + Constants.COMMA\n+ cpuInfo.getCpuName () + Constants.LINE_END + getString (R.string.android_system_version) + Constants.COMMA + memoryInfo.getSDKVersion ()\n+ Constants.LINE_END + getString (R.string.mobile_type) + Constants.COMMA + memoryInfo.getPhoneType () + Constants.LINE_END + UID + Constants.COMMA\n+ uid + Constants.LINE_END) ",
    "message_bilingual_indexes": [],
    "diff_bilingual_indexes": []
  },
  "fd1ebf25631e183ff7d94d697e1933770b0370fb": {
    "message": "Fixed: #32 negative network traffic",
    "diff": "[EmmageeService.java]\n+ getString (R.string.comment4) + n ) \n+ getString (R.string.comment4) + Constants.LINE_END) \n[CpuInfo.java]",
    "message_bilingual_indexes": [],
    "diff_bilingual_indexes": []
  },
  "4c2dc6d7205d6c52650f1055d553f1d40b958e83": {
    "message": "Added: #35 add top activity name to csv report and #34 change encoding to GBK when system language is chinese",
    "diff": "[EmmageeService.java]\n+import com.netease.qa.emmagee.utils.Constants \n+ n + getString (R.string.process_pid) + : , + pid + n + getString (R.string.mem_size) + , + totalMemory + n \n+ getString (R.string.cpu_type) + : , + cpuInfo.getCpuName () + n + getString (R.string.android_system_version) + : , \n+ memoryInfo.getSDKVersion () + n + getString (R.string.mobile_type) + : , + memoryInfo.getPhoneType () + n + UID \n+ : , + uid + n ) \n+ processName + Constants.LINE_END + getString (R.string.process_pid) + : , + pid + Constants.LINE_END\n+ getString (R.string.mem_size) + , + totalMemory + MB + Constants.LINE_END + getString (R.string.cpu_type) + : , \n+ cpuInfo.getCpuName () + Constants.LINE_END + getString (R.string.android_system_version) + : , + memoryInfo.getSDKVersion ()\n+ Constants.LINE_END + getString (R.string.mobile_type) + : , + memoryInfo.getPhoneType () + Constants.LINE_END + UID + : , \n+ uid + Constants.LINE_END) \n+ getString (R.string.mobile_free_mem) + , + getString (R.string.app_used_cpu_ratio) + , \n+ getString (R.string.total_used_cpu_ratio) + multiCpuTitle + , + getString (R.string.traffic) + , \n+ getString (R.string.battery) + , + getString (R.string.current) + , + getString (R.string.temperature) + , \n+ getString (R.string.voltage) + n ) \n+ getString (R.string.used_mem_PSS) + Constants.COMMA + getString (R.string.used_mem_ratio) + Constants.COMMA\n+ getString (R.string.mobile_free_mem) + Constants.COMMA + getString (R.string.app_used_cpu_ratio) + Constants.COMMA\n+ getString (R.string.total_used_cpu_ratio) + multiCpuTitle + Constants.COMMA + getString (R.string.traffic) + Constants.COMMA\n+ getString (R.string.battery) + Constants.COMMA + getString (R.string.current) + Constants.COMMA + getString (R.string.temperature)\n+ Constants.COMMA + getString (R.string.voltage) + Constants.LINE_END) \n[Constants.java]\n+package com.netease.qa.emmagee.utils \n+/**\n+ * Constant Class\n+ * \n+ * andrewleo\n+ * \n+public final class Constants {\n+}\n[CpuInfo.java]\n+ totalCpuBuffer.toString () + trafValue + COMMA + totalBatt + COMMA + currentBatt + COMMA + temperature + COMMA + voltage\n+ n ) \n+ Constants.COMMA + percent + Constants.COMMA + fMemory + Constants.COMMA + processCpuRatio + Constants.COMMA\n+ totalCpuBuffer.toString () + trafValue + Constants.COMMA + totalBatt + Constants.COMMA + currentBatt + Constants.COMMA\n+ temperature + Constants.COMMA + voltage + Constants.LINE_END) \n[ProcessInfo.java]\n+import android.app.ActivityManager.RunningTaskInfo \n+import android.os.Debug ",
    "message_bilingual_indexes": [],
    "diff_bilingual_indexes": []
  },
  "f24c64167f428f2d20d5061a6d43aee70c240a99": {
    "message": "Fixed: #33 app crashed when move the floating window after stop test",
    "diff": "[EmmageeService.java]",
    "message_bilingual_indexes": [],
    "diff_bilingual_indexes": []
  },
  "39b8d2d7ce8e0bc06768a26bf43b9d115dd9bb77": {
    "message": "Merge pull request #28 from develop\nEmmagee 2.0",
    "diff": "[R.java]\n[actionbar_bg.9.png]\n[bottom_bg.png]\n[btn_back.png]\n[btn_save.png]\n[btn_test.png]\n[btn_test_press.png]\n[checked_icon.png]\n[goback.png]\n[right_arrow.png]\n[seekbar_thumb_normal.png]\n[seekbar_thumb_pressed.png]\n[settings.png]\n[settings_pressed.png]\n[unchecked_icon.png]\n[AboutActivity.java]\n+/*\n+ * Copyright (c) 2012-2013 NetEase, Inc. and other contributors\n+ *\n+ * Licensed under the Apache License, Version 2.0 (the License ) \n+ * you may not use this file except in compliance with the License.\n+ * You may obtain a copy of the License at\n+ *\n+ * LICENSE-2.0\n+ *\n+ * Unless required by applicable law or agreed to in writing, software\n+ * distributed under the License is distributed on an AS IS BASIS,\n+ * WITHOUT WARRANTIES OR CONDITIONS OF ANY KIND, either express or implied.\n+ * See the License for the specific language governing permissions and\n+ * limitations under the License.\n+ *\n+package com.netease.qa.emmagee.activity \n+import android.app.Activity \n+import android.content.Intent \n+import android.content.pm.PackageInfo \n+import android.content.pm.PackageManager \n+import android.os.Bundle \n+import android.util.Log \n+import android.view.View \n+import android.view.Window \n+import android.view.View.OnClickListener \n+import android.widget.ImageView \n+import android.widget.LinearLayout \n+import android.widget.TextView \n+import com.netease.qa.emmagee.R \n+/**\n+ * About Page of Emmagee\n+ * \n+ * andrewleo\n+public class AboutActivity extends Activity {\n+ AboutActivity.class.getSimpleName () \n+}\n[MailSettingsActivity.java]\n+/*\n+ * Copyright (c) 2012-2013 NetEase, Inc. and other contributors\n+ *\n+ * Licensed under the Apache License, Version 2.0 (the License ) \n+ * you may not use this file except in compliance with the License.\n+ * You may obtain a copy of the License at\n+ *\n+ * LICENSE-2.0\n+ *\n+ * Unless required by applicable law or agreed to in writing, software\n+ * distributed under the License is distributed on an AS IS BASIS,\n+ * WITHOUT WARRANTIES OR CONDITIONS OF ANY KIND, either express or implied.\n+ * See the License for the specific language governing permissions and\n+ * limitations under the License.\n+ *\n+package com.netease.qa.emmagee.activity \n+import java.io.FileInputStream \n+import java.io.FileNotFoundException \n+import java.io.FileOutputStream \n+import java.io.IOException \n+import java.util.Properties \n+import java.util.regex.Matcher \n+import java.util.regex.Pattern \n+import android.app.Activity \n+import android.content.Intent \n+import android.os.Bundle \n+import android.util.Log \n+import android.view.View \n+import android.view.Window \n+import android.view.View.OnClickListener \n+import android.widget.EditText \n+import android.widget.ImageView \n+import android.widget.LinearLayout \n+import android.widget.TextView \n+import android.widget.Toast \n+import com.netease.qa.emmagee.R \n+import com.netease.qa.emmagee.utils.EncryptData \n+/**\n+ * Mail Setting Page of Emmagee\n+ * \n+ * andrewleo\n+public class MailSettingsActivity extends Activity {\n+ MailSettingsActivity.class.getSimpleName () \n+ EmmageeSettings.properties \n+ .]*[a-zA-Z] \n+}\n[MainPageActivity.java]\n+import android.view.Window \n+import android.widget.* \n+import android.widget.LinearLayout \n[SettingsActivity.java]\n+import android.view.Window \n+import android.widget.ImageView \n+import android.widget.LinearLayout \n+import android.widget.RelativeLayout \n+import android.widget.SeekBar \n+import android.widget.SeekBar.OnSeekBarChangeListener \n+import android.widget.TextView \n+ SettingsActivity.class.getSimpleName () \n+ .]*[a-zA-Z] \n[EmmageeService.java]\n+ Machine memory size (MB), + totalMemory + n + Machine CPU model, + cpuInfo.getCpuName () + n + Machine android system version,\n+ memoryInfo.getSDKVersion () + n + mobile phone model, + memoryInfo.getPhoneType () + n + UID, + uid + n + START_TIME)\n+ Flow (KB) + , + Electricity ( ) + , + Current (mA) + , + Temperature (C) + , + Voltage (V) + n )\n+ n + getString (R.string.process_pid) + : , + pid + n + getString (R.string.mem_size) + , + totalMemory + n \n+ getString (R.string.cpu_type) + : , + cpuInfo.getCpuName () + n + getString (R.string.android_system_version) + : , \n+ memoryInfo.getSDKVersion () + n + getString (R.string.mobile_type) + : , + memoryInfo.getPhoneType () + n + UID \n+ : , + uid + n + START_TIME) \n+ getString (R.string.mobile_free_mem) + , + getString (R.string.app_used_cpu_ratio) + , \n+ getString (R.string.total_used_cpu_ratio) + multiCpuTitle + , + getString (R.string.traffic) + , \n+ getString (R.string.battery) + , + getString (R.string.current) + , + getString (R.string.temperature) + , \n+ getString (R.string.voltage) + n ) \n+ getString (R.string.comment4) + n ) \n[CpuInfo.java]\n+import java.io.File \n+import java.io.FileFilter \n+import java.util.regex.Pattern \n+import com.netease.qa.emmagee.R \n+ Long.parseLong (toks[6]) + Long.parseLong (toks[5]) + Long.parseLong (toks[7]) \n+ Long.parseLong (toks[6]) + Long.parseLong (toks[5]) + Long.parseLong (toks[7])) \n+ totalCpuRatio + , + A + , + totalBatt + , + currentBatt + , + temperature + , + voltage + n ) \n+ totalCpuBuffer.toString () + A + , + totalBatt + , + currentBatt + , + temperature + , + voltage\n+ n ) \n+ totalCpuRatio + , + traffic + , + totalBatt + , + currentBatt + , + temperature + , + voltage + n ) \n+ totalCpuBuffer.toString () + traffic + , + totalBatt + , + currentBatt + , + temperature + , + voltage\n+ n ) ",
    "message_bilingual_indexes": [],
    "diff_bilingual_indexes": [
      114,
      115,
      116
    ]
  },
  "adb9f2dce99aef5b4eb1ab15ff70638aa19f9411": {
    "message": "Fixed: #26 dulplicated toast when stop test",
    "diff": "[EmmageeService.java]",
    "message_bilingual_indexes": [],
    "diff_bilingual_indexes": []
  },
  "505eb12b432dd90cd9b08950c5cee0f52bc5c2fc": {
    "message": "Fixed: #25 report unavailable path of csv while test ending",
    "diff": "[EmmageeService.java]",
    "message_bilingual_indexes": [],
    "diff_bilingual_indexes": []
  },
  "a50baea31ca8e11e7f69e88a887791df6c247655": {
    "message": "Fixed: #21 #10",
    "diff": "[EmmageeService.java]\n[CpuInfo.java]",
    "message_bilingual_indexes": [],
    "diff_bilingual_indexes": []
  },
  "244509aac22ddabb6387f39e096addae57566364": {
    "message": "Fixed: #15 usage rate of CPU is negative",
    "diff": "[EmmageeService.java]\n[CpuInfo.java]\n+ totalCpuRatio + , + A + , + totalBatt + , + currentBatt + , + temperature + , + voltage\n+ n ) \n+ totalCpuRatio + , + A + , + totalBatt + , + currentBatt + , + temperature + , + voltage + n ) \n+ totalCpuRatio + , + traffic + , + totalBatt + , + currentBatt + , + temperature + , + voltage + n ) ",
    "message_bilingual_indexes": [],
    "diff_bilingual_indexes": []
  },
  "611c96961b624871f0f09fea0588f7d2b0a54143": {
    "message": "Added: #12 add stop test button on floating window",
    "diff": "[EmmageeService.java]\n+ Machine memory size (MB), + totalMemory + n + Machine CPU model, + cpuInfo.getCpuName () + n + Machine android system version,\n+ memoryInfo.getSDKVersion () + n + mobile phone model, + memoryInfo.getPhoneType () + n + UID, + uid + n\n+ start time, + START_TIME + n )\n+ memoryInfo.getSDKVersion () + n + mobile phone model, + memoryInfo.getPhoneType () + n + UID, + uid + n + startup time,\n+ START_TIME + n ) \n+ Flow (KB) + , + Electricity ( ) + , + Current (mA) + , + Temperature (C) + , + Voltage (V) + n )",
    "message_bilingual_indexes": [],
    "diff_bilingual_indexes": [
      1,
      2,
      3,
      4,
      6
    ]
  },
  "630c877f62083f44e06a6d9207cf76ac25bf0f27": {
    "message": "issue#11 Filter abnormal dataissue#13 Keep the selected state of the application and optimize the interface",
    "diff": "[MainPageActivity.java]\n+ MainPageActivity.class.getSimpleName () \n+ EmmageeSettings.properties \n[EmmageeService.java]\n[CpuInfo.java]\n+ CpuInfo.class.getSimpleName () \n+ Long.parseLong (toks[3]) + Long.parseLong (toks[4])\n+ Long.parseLong (toks[6]) + Long.parseLong (toks[5])\n+ Long.parseLong (toks[7]) \n+ Long.parseLong (toks[6]) + Long.parseLong (toks[5]) + Long.parseLong (toks[7]) \n+ percent + , + fMemory + , + processCpuRatio\n+ , + totalCpuRatio + , + This program or this device does not support traffic statistics\n+ , + totalBatt + , + currentBatt + , \n+ temperature + , + voltage + n ) \n+ percent + , + fMemory + , + processCpuRatio\n+ , + totalCpuRatio + , + traffic + , \n+ totalBatt + , + currentBatt + , + temperature\n+ , + voltage + n ) \n+ totalCpuRatio + , + A + , + totalBatt + , + currentBatt + , + temperature + , + voltage\n+ n ) \n+ totalCpuRatio + , + traffic + , + totalBatt + , + currentBatt + , + temperature + , + voltage + n ) ",
    "message_bilingual_indexes": [
      0
    ],
    "diff_bilingual_indexes": [
      11
    ]
  },
  "ab8e504737087c13675137a3b89ff428a25a224d": {
    "message": "Merge pull request #14 from start_time\nMerge start_time in master",
    "diff": "[MainPageActivity.java]\n[EmmageeService.java]\n+import java.io.BufferedReader \n+import java.io.FileReader \n+import java.io.FileWriter \n+import java.io.InputStreamReader \n+ Machine memory size (MB), + totalMemory + n + Machine CPU model, + cpuInfo.getCpuName () + n + Machine android system version,\n+ memoryInfo.getSDKVersion () + n + mobile phone model, + memoryInfo.getPhoneType () + n + UID, + uid + n )\n+ memoryInfo.getSDKVersion () + n + mobile phone model, + memoryInfo.getPhoneType () + n + UID, + uid + n\n+ start time, + START_TIME + n )\n+ Flow (KB) + , + Electricity ( ) + , + Current (mA) + , + Temperature (C) + , + Voltage (V) + n )",
    "message_bilingual_indexes": [],
    "diff_bilingual_indexes": [
      6,
      7,
      8,
      9,
      10
    ]
  },
  "f225bdf3faabc0748177d3a5a54e77928b387f02": {
    "message": "Added: #13 Keep app selected",
    "diff": "[MainPageActivity.java]\n+ MainPageActivity.class.getSimpleName () \n+ EmmageeSettings.properties ",
    "message_bilingual_indexes": [
      0
    ],
    "diff_bilingual_indexes": []
  },
  "09028b5e790426bc5980d5b3dcd4b5fe76f34b33": {
    "message": "Fixed: #11 delete abnormal data",
    "diff": "[EmmageeService.java]\n[CpuInfo.java]\n+ CpuInfo.class.getSimpleName () \n+ Long.parseLong (toks[3]) + Long.parseLong (toks[4])\n+ Long.parseLong (toks[6]) + Long.parseLong (toks[5])\n+ Long.parseLong (toks[7]) \n+ Long.parseLong (toks[6]) + Long.parseLong (toks[5]) + Long.parseLong (toks[7]) \n+ percent + , + fMemory + , + processCpuRatio\n+ , + totalCpuRatio + , + This program or this device does not support traffic statistics\n+ , + totalBatt + , + currentBatt + , \n+ temperature + , + voltage + n ) \n+ percent + , + fMemory + , + processCpuRatio\n+ , + totalCpuRatio + , + traffic + , \n+ totalBatt + , + currentBatt + , + temperature\n+ , + voltage + n ) \n+ totalCpuRatio + , + A + , + totalBatt + , + currentBatt + , + temperature + , + voltage\n+ n ) \n+ totalCpuRatio + , + traffic + , + totalBatt + , + currentBatt + , + temperature + , + voltage + n ) ",
    "message_bilingual_indexes": [],
    "diff_bilingual_indexes": [
      8
    ]
  },
  "dd13f5b7c842f0a70158c46f051be2036f7b10ab": {
    "message": "issue #10:Memory above 1000 Improvement:List the application with alphabet order",
    "diff": "[CpuInfo.java]\n+//\n[ProcessInfo.java]\n+import java.util.Collections \n[Programe.java]\n+public class Programe implements Comparable Programe {",
    "message_bilingual_indexes": [],
    "diff_bilingual_indexes": []
  },
  "7bff0682237f5c48bee7ff3f44a6910389bc3af3": {
    "message": "Merge pull request #1 from master\nrefine javadoc and add license",
    "diff": "[LICENSE]\n+Copyright (c) 2012-2013 NetEase, Inc. and other contributors\n+ Licensed under the Apache License, Version 2.0 (the License ) \n+ you may not use this file except in compliance with the License.\n+ You may obtain a copy of the License at\n+ LICENSE-2.0\n+ Unless required by applicable law or agreed to in writing, software\n+ distributed under the License is distributed on an AS IS BASIS,\n+ WITHOUT WARRANTIES OR CONDITIONS OF ANY KIND, either express or implied.\n+ See the License for the specific language governing permissions and\n+ limitations under the License.\n[MainPageActivity.java]\n+/*\n+ * Copyright (c) 2012-2013 NetEase, Inc. and other contributors\n+ *\n+ * Licensed under the Apache License, Version 2.0 (the License ) \n+ * you may not use this file except in compliance with the License.\n+ * You may obtain a copy of the License at\n+ *\n+ * LICENSE-2.0\n+ *\n+ * Unless required by applicable law or agreed to in writing, software\n+ * distributed under the License is distributed on an AS IS BASIS,\n+ * WITHOUT WARRANTIES OR CONDITIONS OF ANY KIND, either express or implied.\n+ * See the License for the specific language governing permissions and\n+ * limitations under the License.\n+ *\n[SettingsActivity.java]\n+/*\n+ * Copyright (c) 2012-2013 NetEase, Inc. and other contributors\n+ *\n+ * Licensed under the Apache License, Version 2.0 (the License ) \n+ * you may not use this file except in compliance with the License.\n+ * You may obtain a copy of the License at\n+ *\n+ * LICENSE-2.0\n+ *\n+ * Unless required by applicable law or agreed to in writing, software\n+ * distributed under the License is distributed on an AS IS BASIS,\n+ * WITHOUT WARRANTIES OR CONDITIONS OF ANY KIND, either express or implied.\n+ * See the License for the specific language governing permissions and\n+ * limitations under the License.\n+ *\n[EmmageeService.java]\n+/*\n+ * Copyright (c) 2012-2013 NetEase, Inc. and other contributors\n+ *\n+ * Licensed under the Apache License, Version 2.0 (the License ) \n+ * you may not use this file except in compliance with the License.\n+ * You may obtain a copy of the License at\n+ *\n+ * LICENSE-2.0\n+ *\n+ * Unless required by applicable law or agreed to in writing, software\n+ * distributed under the License is distributed on an AS IS BASIS,\n+ * WITHOUT WARRANTIES OR CONDITIONS OF ANY KIND, either express or implied.\n+ * See the License for the specific language governing permissions and\n+ * limitations under the License.\n+ *\n+ EmmageeService.class.getSimpleName () \n+ File.separator\n+ Emmagee_TestResult_ + mDateTime + .csv \n+ Emmagee_TestResult_ + mDateTime + .csv \n+ File.separator + Emmagee_TestResult_ + mDateTime\n+ .csv \n+ packageName + n \n+ Application Name: , + processName + n\n+ Application PID: , + pid + n\n+ Machine memory size (MB), + totalMemory + n + Machine CPU model,\n+ cpuInfo.getCpuName () + n + machine android system version,\n+ memoryInfo.getSDKVersion () + n + mobile phone model,\n+ memoryInfo.getPhoneType () + n + UID , \n+ Application Name: , + processName + n + Application PID: , + pid\n+ n + machine memory size (MB), + totalMemory + n\n+ Machine CPU model, + cpuInfo.getCpuName () + n\n+ Machine android system version, + memoryInfo.getSDKVersion () + n\n+Mobile phone model, + memoryInfo.getPhoneType () + n + UID,\n+ uid + n ) \n+ Remaining memory of the machine (MB) + , + Application CPU usage rate ( ) + , + Total CPU usage rate ( )\n+ MB ) \n+ freeMemoryKb + MB ) \n+ ,Total CPU: + totalCpuRatio + )\n[CpuInfo.java]\n+/*\n+ * Copyright (c) 2012-2013 NetEase, Inc. and other contributors\n+ *\n+ * Licensed under the Apache License, Version 2.0 (the License ) \n+ * you may not use this file except in compliance with the License.\n+ * You may obtain a copy of the License at\n+ *\n+ * LICENSE-2.0\n+ *\n+ * Unless required by applicable law or agreed to in writing, software\n+ * distributed under the License is distributed on an AS IS BASIS,\n+ * WITHOUT WARRANTIES OR CONDITIONS OF ANY KIND, either express or implied.\n+ * See the License for the specific language governing permissions and\n+ * limitations under the License.\n+ *\n[MemoryInfo.java]\n+/*\n+ * Copyright (c) 2012-2013 NetEase, Inc. and other contributors\n+ *\n+ * Licensed under the Apache License, Version 2.0 (the License ) \n+ * you may not use this file except in compliance with the License.\n+ * You may obtain a copy of the License at\n+ *\n+ * LICENSE-2.0\n+ *\n+ * Unless required by applicable law or agreed to in writing, software\n+ * distributed under the License is distributed on an AS IS BASIS,\n+ * WITHOUT WARRANTIES OR CONDITIONS OF ANY KIND, either express or implied.\n+ * See the License for the specific language governing permissions and\n+ * limitations under the License.\n+ *\n[MyApplication.java]\n+/*\n+ * Copyright (c) 2012-2013 NetEase, Inc. and other contributors\n+ *\n+ * Licensed under the Apache License, Version 2.0 (the License ) \n+ * you may not use this file except in compliance with the License.\n+ * You may obtain a copy of the License at\n+ *\n+ * LICENSE-2.0\n+ *\n+ * Unless required by applicable law or agreed to in writing, software\n+ * distributed under the License is distributed on an AS IS BASIS,\n+ * WITHOUT WARRANTIES OR CONDITIONS OF ANY KIND, either express or implied.\n+ * See the License for the specific language governing permissions and\n+ * limitations under the License.\n+ *\n[ProcessInfo.java]\n+/*\n+ * Copyright (c) 2012-2013 NetEase, Inc. and other contributors\n+ *\n+ * Licensed under the Apache License, Version 2.0 (the License ) \n+ * you may not use this file except in compliance with the License.\n+ * You may obtain a copy of the License at\n+ *\n+ * LICENSE-2.0\n+ *\n+ * Unless required by applicable law or agreed to in writing, software\n+ * distributed under the License is distributed on an AS IS BASIS,\n+ * WITHOUT WARRANTIES OR CONDITIONS OF ANY KIND, either express or implied.\n+ * See the License for the specific language governing permissions and\n+ * limitations under the License.\n+ *\n+ ProcessInfo.class.getSimpleName () \n[Programe.java]\n+/*\n+ * Copyright (c) 2012-2013 NetEase, Inc. and other contributors\n+ *\n+ * Licensed under the Apache License, Version 2.0 (the License ) \n+ * you may not use this file except in compliance with the License.\n+ * You may obtain a copy of the License at\n+ *\n+ * LICENSE-2.0\n+ *\n+ * Unless required by applicable law or agreed to in writing, software\n+ * distributed under the License is distributed on an AS IS BASIS,\n+ * WITHOUT WARRANTIES OR CONDITIONS OF ANY KIND, either express or implied.\n+ * See the License for the specific language governing permissions and\n+ * limitations under the License.\n+ *\n[TrafficInfo.java]\n+/*\n+ * Copyright (c) 2012-2013 NetEase, Inc. and other contributors\n+ *\n+ * Licensed under the Apache License, Version 2.0 (the License ) \n+ * you may not use this file except in compliance with the License.\n+ * You may obtain a copy of the License at\n+ *\n+ * LICENSE-2.0\n+ *\n+ * Unless required by applicable law or agreed to in writing, software\n+ * distributed under the License is distributed on an AS IS BASIS,\n+ * WITHOUT WARRANTIES OR CONDITIONS OF ANY KIND, either express or implied.\n+ * See the License for the specific language governing permissions and\n+ * limitations under the License.\n+ *",
    "message_bilingual_indexes": [],
    "diff_bilingual_indexes": [
      66,
      67,
      68,
      69,
      70,
      72,
      73,
      74,
      75,
      76,
      78,
      81
    ]
  }
}