{
  "1": {
    "summary": "refine javadoc and add license",
    "description": "refine javadoc and add license\n",
    "summary_bilingual_indexes": [],
    "description_bilingual_indexes": []
  },
  "10": {
    "summary": "After the memory reaches 4 digits, such as 1234M, the collected data will be formatted as &quot;1,234&quot;, which will eventually lead to one more column in the output csv.",
    "description": "The format logic of DecimalFormat used in CpuInfo adds a comma for every three digits in the generated String.\n",
    "summary_bilingual_indexes": [
      0
    ],
    "description_bilingual_indexes": [
      0
    ]
  },
  "11": {
    "summary": "V1.2.1Emmagee data still has negative values",
    "description": "I saw answers about fixing negative values before, but after I installed emmagee version 1.2.1 on HTC 820d, I found that negative values still appeared in the results. The data is mainly concentrated in two places: CPU and current.\nApplication CPU usage ( )\nThe following is the data of CPU usage\n30.58 12.9 10.87 35.51 14.44 21.15 17.34 17.93 18.48 29.33 58.33 3.14 4.12 1.72 6.76 2.08 1.04 1.31 -13.21 0.83 0.93 -2.89 1.9 13 1.57 0.69 -0.48 1.65 1.01 3.28 0.9 6.98 -220 14.9 14.8\nnotes Can you create an EXCEL upload module for the emmagee module? Pictures can also be used, so I can provide feedback.\n",
    "summary_bilingual_indexes": [
      0
    ],
    "description_bilingual_indexes": [
      0,
      1,
      2,
      4
    ]
  },
  "12": {
    "summary": "[Enhancement] Can you add a button to close the test on the floating window? This will make it easy and timely to operate.",
    "description": "",
    "summary_bilingual_indexes": [
      0
    ],
    "description_bilingual_indexes": []
  },
  "13": {
    "summary": "[Optimization] Keep the selected state of the application",
    "description": "1 After testing, return to Emmagee and keep the last monitoring app selected.\n2 After selecting the app, set the app to the background and start it again to retain the previous selected state.\n",
    "summary_bilingual_indexes": [
      0
    ],
    "description_bilingual_indexes": [
      0,
      1
    ]
  },
  "14": {
    "summary": "Merge start_time in master",
    "description": "",
    "summary_bilingual_indexes": [],
    "description_bilingual_indexes": []
  },
  "15": {
    "summary": "CPU usage is still negative",
    "description": "Application CPU usage ( )\n12.25\n22.68\n3.22\n1.45\n0.05\n0\n0.05\n0\n0\n2.09\n8.19\n6.4\n8.6\n2.41\n1.65\n10.88\n4.73\n6.02\n5.65\n0.77\n11.29\n5.42\n3.27\n3.24\n11.94\n6.73\n3.64\n3.15\n2.12\n8.17\n2.32\n13.23\n7.48\n5.51\n2.77\n2.34\n2.34\n1.51\n0.48\n0.72\n1.32\n0.86\n1.31\n1.06\n0.92\n0.19\n0.96\n64.29\n0.72\n0.87\n0.53\n-20.39\n0.43\n1.26\n2.74\n6.81\n4.37\n2.5\n3.21\n2.01\n2.55\n4.53\n16.8\n3.05\n2.02\n5.34\n2.81\n1.59\n1.44\n37.94\n4.17\n1.73\n2.36\n2.73\n-134\n2.3\n2.25\n11.13\n3.02\n",
    "summary_bilingual_indexes": [
      0
    ],
    "description_bilingual_indexes": [
      0
    ]
  },
  "21": {
    "summary": "In the data column in the csv file, can the unit of current, mA, and electricity be removed?",
    "description": "When I use python&#39;s numpy to process data, these numbers with units need to be specially processed, which increases the processing complexity. I hope to remove the units in these two columns.\nTime, memory occupied by application PSS (MB), memory occupied by application ratio ( ), remaining memory of the machine (MB), CPU occupied by application ( ), total CPU usage ( ), traffic (KB), power ( ), current (mA) ), temperature (C), voltage (V)\n2014-04-10 09:38:37,35.96,4.25,248.89,0.05,21.87,2,98 ,-186mA,27.7,4.307\n2014-04-10 09:38:42,36.12,4.27,245.86,5.44,56.95,6,98 ,-19mA,27.7,4.307\n",
    "summary_bilingual_indexes": [
      0
    ],
    "description_bilingual_indexes": [
      0,
      1
    ]
  },
  "25": {
    "summary": "There is no test result file in the location where the csv is saved.",
    "description": "On the Redmi 1S mobile phone, when the email is not set or the email is set, when the test is stopped, the result shows that the email was not sent successfully, and the saved address is XXX, but there is no csv file when the corresponding address is found.\n",
    "summary_bilingual_indexes": [
      0
    ],
    "description_bilingual_indexes": [
      0
    ]
  },
  "26": {
    "summary": "After the floating window stops testing, two toast reminders pop up in succession.",
    "description": "During the application testing process, if you manually click the &quot;Stop Testing&quot; button in the floating window, two toasts will pop up in succession, and the contents of the toast prompts will be the same.\n",
    "summary_bilingual_indexes": [
      0
    ],
    "description_bilingual_indexes": [
      0
    ]
  },
  "28": {
    "summary": "Emmagee 2.0",
    "description": "Emmagee 2.0\n",
    "summary_bilingual_indexes": [],
    "description_bilingual_indexes": []
  },
  "32": {
    "summary": "Traffic statistics are negative",
    "description": "After the test took a long time, the traffic statistics value overflowed and was not negative.\n",
    "summary_bilingual_indexes": [
      0
    ],
    "description_bilingual_indexes": [
      0
    ]
  },
  "33": {
    "summary": "Broken down, embarrassing",
    "description": " \n12-31 09:20:47.034 AndroidRuntime FATAL EXCEPTION: main\n java.lang.IllegalArgumentException: View not attached to window manager\n at android.view.WindowManagerGlobal.findViewLocked (WindowManagerGlobal.java:385)\n at android.view.WindowManagerGlobal.updateViewLayout (WindowManagerGlobal.java:274)\n at android.view.WindowManagerImpl.updateViewLayout (WindowManagerImpl.java:74)\n at com.netease.qa.emmagee.service.EmmageeService.updateViewPosition (EmmageeService.java:487)\n at com.netease.qa.emmagee.service.EmmageeService.access 16 (EmmageeService.java:484)\n at com.netease.qa.emmagee.service.EmmageeService 3.onTouch (EmmageeService.java:317)\n at android.view.View.dispatchTouchEvent (View.java:7313)\n at android.view.ViewGroup.dispatchTransformedTouchEvent (ViewGroup.java:2264)\n at android.view.ViewGroup.dispatchTouchEvent (ViewGroup.java:1957)\n at android.view.View.dispatchPointerEvent (View.java:7514)\n at android.view.ViewRootImpl.deliverPointerEvent (ViewRootImpl.java:3756)\n at android.view.ViewRootImpl.deliverInputEvent (ViewRootImpl.java:3643)\n at android.view.ViewRootImpl.doProcessInputEvents (ViewRootImpl.java:4951)\n at android.view.ViewRootImpl.enqueueInputEvent (ViewRootImpl.java:4911)\n at android.view.ViewRootImpl WindowInputEventReceiver.onInputEvent (ViewRootImpl.java:5067)\n at android.view.InputEventReceiver.dispatchInputEvent (InputEventReceiver.java:179)\n at android.view.InputEventReceiver.nativeConsumeBatchedInputEvents (Native Method)\n at android.view.InputEventReceiver.consumeBatchedInputEvents (InputEventReceiver.java:171)\n at android.view.ViewRootImpl.doConsumeBatchedInput (ViewRootImpl.java:5035)\n at android.view.ViewRootImpl ConsumeBatchedInputRunnable.run (ViewRootImpl.java:5089)\n at android.view.Choreographer CallbackRecord.run (Choreographer.java:776)\n at android.view.Choreographer.doCallbacks (Choreographer.java:579)\n at android.view.Choreographer.doFrame (Choreographer.java:546)\n at android.view.Choreographer FrameDisplayEventReceiver.run (Choreographer.java:762)\n at android.os.Handler.handleCallback (Handler.java:800)\n at android.os.Handler.dispatchMessage (Handler.java:100)\n at android.os.Looper.loop (Looper.java:194)\n at android.app.ActivityThread.main (ActivityThread.java:5433)\n at java.lang.reflect.Method.invokeNative (Native Method)\n at java.lang.reflect.Method.invoke (Method.java:525)\n at com.android.internal.os.ZygoteInit MethodAndArgsCaller.run (ZygoteInit.java:922)\n at com.android.internal.os.ZygoteInit.main (ZygoteInit.java:689)\n at dalvik.system.NativeStart.main (Native Method)\n \n",
    "summary_bilingual_indexes": [
      0
    ],
    "description_bilingual_indexes": []
  },
  "35": {
    "summary": "Add top activity name to csv report",
    "description": "",
    "summary_bilingual_indexes": [],
    "description_bilingual_indexes": []
  },
  "36": {
    "summary": "In the generated result file, the total memory size of the machine is displayed in thousands and the comma is removed.",
    "description": "In the generated result file, the total memory size of the machine is displayed in thousands and the comma is removed. It will be recognized as two cells in Excel.\n",
    "summary_bilingual_indexes": [
      0
    ],
    "description_bilingual_indexes": [
      0
    ]
  },
  "37": {
    "summary": "emmagee will automatically stop after exiting the client. It is recommended not to stop automatically. Only manual stop is allowed.",
    "description": "When using MTC recording/playback in the usage scenario, enable emmagee to monitor client performance.\nUse Baidu MTC to record and play back use cases. If a recording is too long, errors may occur during playback. Recording a new one will exit the client. But emmagee stops automatically after exiting the client.\nIt is hoped that emmagee will not stop automatically when exiting the client, and it will be stopped manually when it needs to be stopped again.\n",
    "summary_bilingual_indexes": [
      0
    ],
    "description_bilingual_indexes": [
      0,
      1,
      2
    ]
  },
  "40": {
    "summary": "The traffic of Redmi 2 and Huawei Honor is not working properly",
    "description": "public long getTrafficInfo () {\n \n RandomAccessFile rafTaffic = null \n long traffic = 0 \n try {\n rafTaffic = new stats , r ) \n Log.i (LOG_TAG, get traffic information ) \n String line = \n while ( (line = rafTaffic.readLine ()) = null) {\n Log.d (LOG_TAG, line + line) \n String[] linesplits = line.split ( ) \n Log.d (LOG_TAG, uid + uid) \n Log.d (LOG_TAG, linesplits[3]) \n if (linesplits[3].endsWith (uid)) {\n traffic = traffic + Long.parseLong (linesplits[5])\n + Long.parseLong (linesplits[7]) \n }\n }\n } catch (FileNotFoundException e) {\n traffic = -1 \n } catch (NumberFormatException e) {\n Log.e (LOG_TAG, NumberFormatException: + e.getMessage ()) \n e.printStackTrace () \n } catch (IOException e) {\n Log.e (LOG_TAG, IOException: + e.getMessage ()) \n e.printStackTrace () \n } finally {\n try {\n if (rafTaffic = null)\n rafTaffic.close () \n } catch (IOException e) {\n Log.i (LOG_TAG,\n close randomAccessFile exception: + e.getMessage ()) \n }\n }\n Log.d (LOG_TAG, Traffic + traffic) \n return traffic \n}\n \n",
    "summary_bilingual_indexes": [
      0
    ],
    "description_bilingual_indexes": []
  },
  "45": {
    "summary": "When you click on the floating window, the floating window will automatically move downwards a certain distance.",
    "description": "",
    "summary_bilingual_indexes": [
      0
    ],
    "description_bilingual_indexes": []
  },
  "46": {
    "summary": "Is there any problem with traffic statistics?",
    "description": "In TrafficInfo.java, rcvTraffic = TrafficStats.getUidRxBytes (Integer.parseInt (uid)) and then call rcvTraffic = Long.parseLong (rafRcv.readLine ()), then the previous call is meaningless.\n",
    "summary_bilingual_indexes": [
      0
    ],
    "description_bilingual_indexes": [
      0
    ]
  },
  "63": {
    "summary": "Modify the uid acquisition method (fix traffic acquisition exception)",
    "description": "Fix traffic acquisition exception\n",
    "summary_bilingual_indexes": [
      0
    ],
    "description_bilingual_indexes": [
      0
    ]
  },
  "65": {
    "summary": "Added: add meizu pro 5 current_now path",
    "description": "",
    "summary_bilingual_indexes": [],
    "description_bilingual_indexes": []
  },
  "68": {
    "summary": "Update README.md",
    "description": "Download link/NetEase/Emmagee/releases\n",
    "summary_bilingual_indexes": [],
    "description_bilingual_indexes": [
      0
    ]
  },
  "73": {
    "summary": "apk supports viewing test results on mobile phones",
    "description": "",
    "summary_bilingual_indexes": [
      0
    ],
    "description_bilingual_indexes": []
  },
  "74": {
    "summary": "Support wakelock to keep the screen always on",
    "description": "",
    "summary_bilingual_indexes": [
      0
    ],
    "description_bilingual_indexes": []
  },
  "75": {
    "summary": "2.4.1",
    "description": "",
    "summary_bilingual_indexes": [],
    "description_bilingual_indexes": []
  },
  "85": {
    "summary": "Added: issue template",
    "description": "",
    "summary_bilingual_indexes": [],
    "description_bilingual_indexes": []
  },
  "86": {
    "summary": "Develop",
    "description": "",
    "summary_bilingual_indexes": [],
    "description_bilingual_indexes": []
  },
  "88": {
    "summary": "Fixed: correct versionCode and versionName",
    "description": "",
    "summary_bilingual_indexes": [],
    "description_bilingual_indexes": []
  },
  "90": {
    "summary": "Misc: put images to one line",
    "description": "",
    "summary_bilingual_indexes": [],
    "description_bilingual_indexes": []
  },
  "94": {
    "summary": "The floating window cannot be displayed",
    "description": "The probelm has set up a floating window, but it has never been displayed.\n Environment\nModel 360N4S\n* Emmagee version\nVersion 2.5.1\n* Device Information: Brand, Model, System.\n Link to Emmagee logs\nCreate a [GIST] which is a paste of your _full_ Emmagee logs, and link them here. \nDo _NOT_ paste your full Emmagee logs here, as it will make this issue very long and hard to read \n",
    "summary_bilingual_indexes": [
      0
    ],
    "description_bilingual_indexes": [
      0,
      2,
      4
    ]
  },
  "95": {
    "summary": "Fixed: #94 read uid_stat to get traffic info while TrafficStats return 0",
    "description": "",
    "summary_bilingual_indexes": [],
    "description_bilingual_indexes": []
  }
}