{
  "1": {
    "summary": "Prepare README",
    "description": "Because it's still Ricty.\n",
    "summary_bilingual_indexes": [
      0
    ],
    "description_bilingual_indexes": [
      0
    ]
  },
  "5": {
    "summary": "Underline offset display",
    "description": " img width= 324 alt= underline 7caf1874-5398-11e6-8532-a90b51d142c7.png \n (PuTTY DirectWrite version)\nThe value of Underline position seems strange.\n-for every 100 manual changes, it displays very well.\n",
    "summary_bilingual_indexes": [
      0
    ],
    "description_bilingual_indexes": [
      2,
      3
    ]
  },
  "8": {
    "summary": "workaround: mkdir automatically",
    "description": "If you keep git clone, there is no directory, and the composite script will be interrupted, so we automatically generate the directory.\n",
    "summary_bilingual_indexes": [],
    "description_bilingual_indexes": [
      0
    ]
  },
  "11": {
    "summary": "The acquisition of README.md NotoEmoji is not written.",
    "description": "It's not written.\n",
    "summary_bilingual_indexes": [
      0
    ],
    "description_bilingual_indexes": [
      0
    ]
  },
  "12": {
    "summary": "One day it will be rewritten into Python.",
    "description": "One day.",
    "summary_bilingual_indexes": [
      0
    ],
    "description_bilingual_indexes": [
      0
    ]
  },
  "15": {
    "summary": "There is an anomaly between the lines",
    "description": "Windows's GVim, Mac's MacVim and so on are not abnormal.\n# IntelliJ IDEA\nIf it's Cica, the cursor line will get weird.\n [untitled 2017-10-11 31413976-bc9b5ca8-ae56-11e7-9dcc-5de0473f79bf.png\nUbuntu Mono is normal.\n [untitled 2017-10-11 31413948-9f1afe72-ae56-11e7-91f3-d8fa09379a90.png\n",
    "summary_bilingual_indexes": [
      0
    ],
    "description_bilingual_indexes": [
      0,
      2,
      4
    ]
  },
  "16": {
    "summary": "The lower end of Gjy is broken.",
    "description": "Confirm on Windows cmder and Mac terminal (Thx)",
    "summary_bilingual_indexes": [
      0
    ],
    "description_bilingual_indexes": [
      0
    ]
  },
  "17": {
    "summary": "There is a gap in the glyph of Powerline",
    "description": "It is said that Merala burns the guy 0xE0C0 near the full width, so he didn't notice.\n 0xE0B0 - 0xE0B7 \n [cica - vim 2017-10-13 31518678-02662e04-afdb-11e7-8b4e-f4d71839bf5b.png\n",
    "summary_bilingual_indexes": [
      0
    ],
    "description_bilingual_indexes": [
      0
    ]
  },
  "18": {
    "summary": "The grid deviated.",
    "description": "Use CicaTest_iss16-17_02.zip on the mintty in the msys2-x86_64-20161025.exe of [msys2] to segment the window in tmux\nTheir way of life.\nAnd (of)\nFor sure:\nThere's a slight deviation between the left and the right.\n [tmux-keisen-zure1]/19299/31541181-cb1477f8-b048-11e7-8c0c-1f031da27c57.png\n [tmux-keisen-zure2]/19299/31541194-d5c9e5b6-b048-11e7-8c62-ce74d358de9f.png\nIt's something.\nWhat?\nMost important of all\nYeah, no problem.",
    "summary_bilingual_indexes": [
      0
    ],
    "description_bilingual_indexes": [
      0,
      1,
      2,
      3,
      4,
      7,
      8,
      9,
      10
    ]
  },
  "19": {
    "summary": "There is a prominent Griff in FontAwesome",
    "description": "When I tried to display the battery of the tmux, I found\n [vim]/468745/31589839-d68b1c6c-b242-11e7-9e9a-2bfef25498f4.png\n",
    "summary_bilingual_indexes": [
      0
    ],
    "description_bilingual_indexes": [
      0
    ]
  },
  "20": {
    "summary": "The resurrection of Cica v2-GOPHER",
    "description": "[the upper body Gopher has been deleted from the DevIcon NERDFonts ef07ccef5fef9f80b2e671dd440f0b292c7e10b.\nDevIcon and upper-body Gopher are considered different things and will not be deleted during migration.\n [2017-11-15_3nw3p]/20859/32806406-bcf70e56-c9cf-11e7-9401-49a6b49ad351.png\nReference:\n* upper body Gopher Utility E160J UBG E161 [Home Cica wiki]\n",
    "summary_bilingual_indexes": [
      0
    ],
    "description_bilingual_indexes": [
      0,
      1,
      3,
      4
    ]
  },
  "22": {
    "summary": "Increase the size of the top and bottom characters",
    "description": "Source of creativity (thank you)\n/genkuroki/status/961211685846446080\nIt's really small.\n [preview 2018-02-10 36053202-1653bf82-0e34-11e8-8b51-07025de6f88b.png\n(superscript 1) U+00B9 00B2 (superscript 2 and superscript 3)\nThe following picture is U+2070~U+2094\n [cica-regular cica-regular ttf unicodefull 2018-02-10 36052900-eb69ae54-0e32-11e8-92a1-177a61f3aba3.png\nBy the way, in the case of Vim and ambiwidth=double, the equal symbol is full-width, the 0 of subscript is half-width, but the 1 of subscript is full-width.",
    "summary_bilingual_indexes": [
      0
    ],
    "description_bilingual_indexes": [
      0,
      2,
      4,
      5,
      7
    ]
  },
  "27": {
    "summary": "Update the download URL of Ubuntu Mono",
    "description": "",
    "summary_bilingual_indexes": [
      0
    ],
    "description_bilingual_indexes": []
  },
  "29": {
    "summary": "There is no version of Noto Emoji",
    "description": "Reference: 1007079705705500672\nBlack and white Noto Emoji is displayed in an environment where DirectX is effective in Windows, but the visibility is poor.\nI think there are people I like, so study the version without Noto Emoji.",
    "summary_bilingual_indexes": [
      0
    ],
    "description_bilingual_indexes": [
      0,
      1,
      2
    ]
  },
  "30": {
    "summary": "The width of each character contained in the Ignoring_center is slightly smaller",
    "description": "The environment at hand.\n* openSUSE Leap 15.0 (non-HiDPI)\n* autohint and hinting in fonts.conf (Fontconfig) are false\n* Emacs 25.3.1\nWhen displayed, as shown in the following figure, the width of symbols such as punctuation and parentheses is slightly narrow and cannot be well aligned.\n [Cica-3.0.0]/1675738/41503732-3ab3428a-7216-11e8-88eb-0598b063a0f7.png\nThe [align_to_center] / miiton/Cica/blob/c128e210934a440c3d8471b693332d747f64d40b/cica.py function sets the width as it does and adjusts it to align correctly.\n [fixed]/1675738/41504213-2c253108-7223-11e8-9cb3-d7bbba962aaa.png\nBy the way, the position of italics is also adjusted slightly.\n",
    "summary_bilingual_indexes": [
      0
    ],
    "description_bilingual_indexes": [
      0,
      1,
      2,
      4,
      6,
      8
    ]
  },
  "36": {
    "summary": "v4",
    "description": "Summary: summary.\n-set the license to SIL Open Font License v1.1\n-change to-\n-fine-tune part of Griff\nLicense summary\nSource Font license reference Link\n \n Hack MIT BITSTREAM VERA .md at master LICENSE.md \nRounded Mgen+SIL OFL1.1 [Rounded Mgen+SIL OFL1.1 [Rounded Mgen+SIL OFL1.1\n DevIcons MIT devicons: Devicons - An iconic font made for devicons \n Powerline Extra Symbols MIT -symbols: Extra glyphs for your powerline powerline-extra-symbols \n Font Awesome Font Awesome Free (SIL OFL 1.1) .txt at master LICENSE.txt \n Font Awesome Extension MIT -extension: Simple Font Awesome font-awesome-extension \n Octicons MIT octicons: A scalable set of icons handcrafted with 3 by octicons \n IEC Power Symbols MIT Unicode: Proposal to add IEC power symbols to Unicode \n Powerline Symbols Free LICENSE at develop LICENSE \n Noto Emoji Apache License 2.0 -emoji: Noto Emoji noto-emoji \nDejaVu Sans Mono Free [DejaVu Fonts-License.html\n Seti-UI + Custom MIT -ui: A subtle dark colored UI theme for seti-ui \n",
    "summary_bilingual_indexes": [],
    "description_bilingual_indexes": [
      0,
      1,
      2,
      3,
      4,
      5,
      8,
      17
    ]
  },
  "37": {
    "summary": "I want the Vue icon",
    "description": "I saw your opinion on Twitter.\nSince the devicons contained in NerdFonts is not maintained, consider whether to replace it with [Icons for iconsfordevs]. The license should be MIT, so there is no problem.\n-[x] whether the Unicode address is the same as DevIcons.-different, just add it.\n-[x] can you display the icons added in vim-devicons? after all, you can do without Pullick [Add support for.vue. Topic # 235 235\n-[x] is there nothing wrong with the license?-MIT license\nReference (reference)\n- 1041279932905578496",
    "summary_bilingual_indexes": [
      0
    ],
    "description_bilingual_indexes": [
      0,
      1,
      2,
      3,
      4,
      5
    ]
  },
  "38": {
    "summary": "Use Hack instead of Ubuntu Mono to modify Docker build settings",
    "description": "Modified to use Hack because Docker's build settings continue to use Ubuntu Mono.",
    "summary_bilingual_indexes": [
      0
    ],
    "description_bilingual_indexes": [
      0
    ]
  },
  "39": {
    "summary": "There is an exception in the ttf file other than Regular in V4.1.0",
    "description": "# 37 follow up\n []/31730505/45605947-08bb3e00-ba7c-11e8-8cf5-816d4a714fee.png",
    "summary_bilingual_indexes": [
      0
    ],
    "description_bilingual_indexes": [
      0
    ]
  },
  "41": {
    "summary": "On the text width of three-point reader",
    "description": "I would like to ask whether this can be done by a layman in the matter of fonts. Can the text width of the three-point reader group be specified as half-width?\nAs a motive, I want to align numbers when displaying arrays on the Julia language REPL. It's useful because it shows a lot of marks. Thank you.\n [ss_julia]/480049/52911846-83ff7500-32e4-11e9-92e5-33668650b002.png\n",
    "summary_bilingual_indexes": [
      0
    ],
    "description_bilingual_indexes": [
      0,
      1
    ]
  },
  "42": {
    "summary": "Corresponding to the New year's number.",
    "description": "U+4EE4 and UF548C will be tightly extruded into U+32FF\nReference: [The Unicode Blog:New Japanese new-japanese-era.html",
    "summary_bilingual_indexes": [
      0
    ],
    "description_bilingual_indexes": [
      0,
      1
    ]
  },
  "43": {
    "summary": "Support for 3-point reader # 41",
    "description": "# Overview\nWhen operating the Julia language in the console, display a vertical and horizontal tilted 3-point reader in a two-dimensional arrangement\nIf the width is full-width, the offset is displayed, so the corresponding glyph is changed to half-width.\nBefore and after the change\n : : : : \n []/480049/52911846-83ff7500-32e4-11e9-92e5-33668650b002.png []/468745/58381471-566b4b80-7ff8-11e9-9420-65dee5b9e3a5.png \n# expected impact\n* according to the circumstances... May have an impact on the description of dark mood Markdown and so on. Maybe...",
    "summary_bilingual_indexes": [
      0
    ],
    "description_bilingual_indexes": [
      0,
      1,
      2,
      3,
      6,
      7
    ]
  },
  "44": {
    "summary": "fetch fonts on docker build",
    "description": "Download dependent fonts in docker-compose build, and copy cica.py, etc.\nWhen upgrading to Docker Hub, etc., ordinary users can only build in docker run-v dist cica after pull.",
    "summary_bilingual_indexes": [],
    "description_bilingual_indexes": [
      0,
      1
    ]
  },
  "45": {
    "summary": "Unable to display icons used in Vista.vim",
    "description": "Some of the characters used in the Vista.vim plug-in are not displayed or are different from NerdTree font.\nExample:\nuf794: \nuf71b: \nMove neovim on gnome-terminal (font has been changed to Cica) in ubuntu 18.04.",
    "summary_bilingual_indexes": [
      0
    ],
    "description_bilingual_indexes": [
      0,
      1,
      4
    ]
  },
  "46": {
    "summary": "Nerd font update, add glyph, support adjustment v5",
    "description": "",
    "summary_bilingual_indexes": [
      0
    ],
    "description_bilingual_indexes": []
  }
}