{
  "1": {
    "summary": "Hi, QMUI Android ",
    "description": "I have one question, when releasing the first revision ",
    "summary_bilingual_indexes": [],
    "description_bilingual_indexes": []
  },
  "2": {
    "summary": "It's been four months. Has there been no update?",
    "description": "In fact, I just want to see the concrete implementation of the Android immersive status bar written by Komatsu in his blog.",
    "summary_bilingual_indexes": [
      0
    ],
    "description_bilingual_indexes": [
      0
    ]
  },
  "3": {
    "summary": "demo apk install error",
    "description": "Failed to install qmui_1.0.0.apk: Failure [INSTALL_PARSE_FAILED_NO_CERTIFICATES: Failed to collect certificates from base.apk: CERT.SF indicates base.apk is signed using APK Signature Scheme v2, but no such signature was found. Signature stripped ]",
    "summary_bilingual_indexes": [],
    "description_bilingual_indexes": []
  },
  "8": {
    "summary": "Invalid black font in miui9 status bar",
    "description": " Operating environment ###\n- [x] Equipment models such as mi 6 \n- [x] Device system version such as Android 7.1.1 \n- [x] Gradle version 2.3.3 \n- [x] QMUI Android version 1.0 \n Specific problem description ###\nmi6 android 7.1.1 status bar black invalid, because miui9 changed back to the original black and white switching scheme\n Screenshot ####\n Exception Log Stack ###\n",
    "summary_bilingual_indexes": [
      0
    ],
    "description_bilingual_indexes": [
      0,
      1,
      2,
      3,
      4,
      5,
      6,
      7,
      8
    ]
  },
  "9": {
    "summary": "Build error",
    "description": "Running environment #\n-[x] Gradle version 3.0.0-beta2\n-[x] QMUI Android version 1.0.0\nSpecific problem description #\nBuild error\nScreenshot of the question #\n [image]/david1025/images/master/TIM E6 88 AA E5 9B BE20170830223358.png\nException log stack #\n",
    "summary_bilingual_indexes": [
      0
    ],
    "description_bilingual_indexes": [
      0,
      1,
      2,
      3,
      4,
      5,
      7
    ]
  },
  "11": {
    "summary": "QMUIPullRefreshLayout Refresh Arrow exception",
    "description": "Running environment #\n-[x] device model such as vivo\n-[x] device system version such as Android 5.1\n-[x] Gradle version such as 2.2.3\n-[x] QMUI Android version 1.0.0\nSpecific problem description #\nIf QMUIPullRefreshLayout drops down again during the refresh process, it will cause the arrow to display an exception.\nScreenshot of the question #\nException log stack #\n",
    "summary_bilingual_indexes": [
      0
    ],
    "description_bilingual_indexes": [
      0,
      1,
      2,
      3,
      4,
      5,
      6,
      7,
      8
    ]
  },
  "12": {
    "summary": "Values attribute conflict",
    "description": " \n declare-styleable name= QMUICommonListItemView attr format= enum name= orientation \n declare-styleable name= GridLayout attr name= orientation \n \nConflict with v7-gridLayout",
    "summary_bilingual_indexes": [
      0
    ],
    "description_bilingual_indexes": [
      4
    ]
  },
  "17": {
    "summary": "Setting app:layout_collapseMode= pin with QMUITopBar in CoordinatorLayout is not valid",
    "description": "Running environment #\n-[x] device model such as Nexus 6\n-[x] device system version such as Android 5.0\n-[x] Gradle version such as 2.3.0\n-[x] QMUI Android version 1.x.x\nSpecific problem description #\nScreenshot of the question #\nException log stack #\nIt is hoped that it can be used in CoordinatorLayout to achieve the same effect as toolbar, which is fixed at the top of the screen.\n",
    "summary_bilingual_indexes": [
      0
    ],
    "description_bilingual_indexes": [
      0,
      1,
      2,
      3,
      4,
      5,
      6,
      7,
      8
    ]
  },
  "27": {
    "summary": "Delete item OutOfBoundsException flashback by QMUIAnimationListView under Lab",
    "description": "Running environment #\n-[x] equipment models such as Xiaomi Note2\n-[x] device system version Android 7.0\n-[x] Gradle version such as 2.3.0\n-[x] QMUI Android version 1.0\nSpecific problem description #\nOn the QMUIAnimationListView page, click delete continuously, and delete the report OutOfBoundsException when there are only 4 item left.\nScreenshot of the question #\nException log stack #\n",
    "summary_bilingual_indexes": [
      0
    ],
    "description_bilingual_indexes": [
      0,
      1,
      2,
      3,
      4,
      5,
      6,
      7,
      8
    ]
  },
  "28": {
    "summary": "Unable to shut down App",
    "description": "Specific problem description #\n [2017-09-04_175519]/23090085/30021652-a516366c-919a-11e7-8cf9-2ad6ef81d5a7.jpg\nPlease tell me that the code in the box is used to produce client noodles. If you press the return button of the mobile phone on the client side, this App will be related.\nI checked out the program in the frame first, and then checked it, which showed that the white screen was understandable because the code in the box was not there.\nBut at this time, I repeatedly pressed the return button of my mobile phone, but I was unable to end this App. What is the reason?",
    "summary_bilingual_indexes": [
      0
    ],
    "description_bilingual_indexes": [
      0,
      2,
      3,
      4
    ]
  },
  "37": {
    "summary": "QMUICollapsingTopBarLayout needs to listen for changes in Scrim",
    "description": "Running environment #\n-[x] device model such as Nexus 6\n-[x] device system version such as Android 5.0\n-[x] Gradle version such as 2.3.0\n-[x] QMUI Android version 1.x.x\nSpecific problem description #\nQMUICollapsingTopBarLayout needs to listen for changes in Scrim\nThe title of QMUITopBar is required to be shown and hidden according to the changes of Scrim.\nCan you expose the ValueAnimator of QMUICollapsingTopBarLayout, or you can set up animated monitoring so that applications can listen for changes in Scrim?\nScreenshot of the question #\nException log stack #\n",
    "summary_bilingual_indexes": [
      0
    ],
    "description_bilingual_indexes": [
      0,
      1,
      2,
      3,
      4,
      5,
      6,
      7,
      8,
      9,
      10
    ]
  },
  "40": {
    "summary": "QMUICollapsingTopBarLayout Xiaomi mobile phone problem",
    "description": "Running environment #\n-[x] equipment models such as Hongmi 2\n-[x] device system version Android 4.4.4 MIUI 9\n-[x] QMUI Android version 1.0.3\nSpecific problem description #\nOn Xiaomi phone (4.4.4), the QMUICollapsingTopBarLayout in the Demo program will be white, and the text of QMUIViewPager will be squeezed onto the status bar as follows\nScreenshot of the question #\n [image]/12541653/30545778-39db38ce-9cbd-11e7-9f87-490a5e601b6c.png\n [image]/12541653/30545825-57be83f0-9cbd-11e7-8413-136e37735816.png\n",
    "summary_bilingual_indexes": [
      0
    ],
    "description_bilingual_indexes": [
      0,
      1,
      2,
      3,
      4,
      5,
      6
    ]
  },
  "42": {
    "summary": "The drop-down refresh has some problems with recyclerview.",
    "description": "Running environment #\n-[x] equipment models such as Nexus 6P\n-[x] device system version such as Android 6. 0\n-[x] Gradle version such as 2.3.0\n-[x] QMUI Android version 1.0.0\nSpecific problem description #\nIn the drop-down refresh component, the drop-down touch sensitivity of bread listview or other view is higher than that of bread recyclerview.\nFor example, I put a recyclerview in it and added a header. I touch item slide and touch header slide, and the sensitivity is obviously different.\nI don't know if you have any feelings.\nScreenshot of the question #\nYou can't take a screenshot, you can only feel it.\nException log stack #\n",
    "summary_bilingual_indexes": [
      0
    ],
    "description_bilingual_indexes": [
      0,
      1,
      2,
      3,
      4,
      5,
      6,
      7,
      8,
      9,
      10,
      11
    ]
  },
  "44": {
    "summary": "Modification of QMUIRoundButton attribute in Theme does not take effect",
    "description": "Running environment #\n-[x] equipment models such as Xiaomi 5\n-[x] device system version such as Android 7.0\n-[x] Gradle version such as 2.2.0\n-[x] QMUI Android version 1.0.3\nSpecific problem description #\nHello, I modified the qmui_round_btn_text_color property in style.xml theme based on demo. I expect to change the default color of the button. I modified the s_btn_blue_text.xml as follows\n selector android \n item app_color_blue_disabled android:state_enabled= false \n item app_color_blue_pressed android:state_pressed= true \nItem qmui_config_color_black-- change normal color to black--\n /selector \nBut it didn't work, and the font color didn't change as a result. It's still the style in QMUI.Compat.NoActionBar.\nScreenshot of the question #\n [20170922134214]/8803718/30730743-da471572-9f9b-11e7-92d1-4297dc7573a0.png\nException log stack #\n",
    "summary_bilingual_indexes": [
      0
    ],
    "description_bilingual_indexes": [
      0,
      1,
      2,
      3,
      4,
      5,
      6,
      10,
      12,
      13,
      15
    ]
  },
  "47": {
    "summary": "Demo fragment page switching animation problem",
    "description": "Running environment #\n-[x] equipment model Xiaomi 6\n-[x] device system version Android 7.1.1\n-[x] Gradle version 2.3.3\n-[x] QMUI Android version 1.0.3\nSpecific problem description #\nClick any item in Demo to open the page, and quickly press the return key to close the page, that is, quickly closing the page during the execution of the Fragment animation will cause all the buttons in the previous interface to be unclicked and unresponsive.\nScreenshot of the question #\nException log stack #\n",
    "summary_bilingual_indexes": [
      0
    ],
    "description_bilingual_indexes": [
      0,
      1,
      2,
      3,
      4,
      5,
      6,
      7,
      8
    ]
  },
  "49": {
    "summary": "Add title gravity style settings for TopBar",
    "description": "The title location of topbar can be changed flexibly by changing the theme.",
    "summary_bilingual_indexes": [
      0
    ],
    "description_bilingual_indexes": [
      0
    ]
  },
  "53": {
    "summary": "PRO 6 upgraded Flyme 6.2.0.0A on September 26, based on Android 7.0 status bar color set to white can not be changed",
    "description": "Running environment #\n-[x] device model Meizu Pro6\n-[x] device system version Android 7.0\n-[x] Gradle version such as 2.3.3\nSetting the status bar color to white does not change #\n",
    "summary_bilingual_indexes": [
      0
    ],
    "description_bilingual_indexes": [
      0,
      1,
      2,
      3,
      4
    ]
  },
  "54": {
    "summary": "The selection of multiple selection dialog box, when the number of item is too large, it will not be able to scroll, whether to consider making a scrolling list",
    "description": "Running environment #\n-[x] device model such as Nexus 6\n-[x] device system version such as Android 5.0\n-[x] Gradle version such as 2.3.0\n-[x] QMUI Android version 1.x.x\nSpecific problem description #\nScreenshot of the question #\nException log stack #\n",
    "summary_bilingual_indexes": [
      0
    ],
    "description_bilingual_indexes": [
      0,
      1,
      2,
      3,
      4,
      5,
      6,
      7
    ]
  },
  "56": {
    "summary": "Add circular wire cap setting and anti-aliasing effect of circular progress bar",
    "description": "1. The circular progress bar will show much better with the addition of a circular wire cap in some cases.\ntwo。 There will be a lot of burrs around the ring without increasing the anti-aliasing effect.\n",
    "summary_bilingual_indexes": [
      0
    ],
    "description_bilingual_indexes": [
      0,
      1
    ]
  },
  "61": {
    "summary": "Line feed logic bug for QMUIFloatLayout left layout",
    "description": "Running environment #\n-[x] QMUI Android version 1.0.4\nSpecific problem description #\nIncorrect calculation of Y axis offset value when QMUIFloatLayout wraps\nScreenshot of the question #\n [screen_20171010_153546]/1695414/31374496-d663adaa-ad63-11e7-88e0-19108e82a9e1.png\n",
    "summary_bilingual_indexes": [
      0
    ],
    "description_bilingual_indexes": [
      0,
      1,
      2,
      3,
      4
    ]
  },
  "62": {
    "summary": "The radio menu type dialog box does not display the selected status on Huawei mate9",
    "description": "Running environment #\n-[x] equipment model Huawei mate9\n-[x] device system version Android 7.0\n-[x] Gradle version such as 2.2.3\n-[x] QMUI Android version 1.0.4\nSpecific problem description #\nDisplay the menu-type dialog box on Huawei mate9 only the default check item that called setCheckedIndex () during initialization is selected, other Item is not selected.\nBoth the official demo and my own project integrate Huawei mate9 with this problem.\nThere is no problem with the normal display of other mobile phones.\nScreenshot of the question #\n [2017-10-13 31531053-1211cf74-afaa-11e7-8cda-92c83217b988.gif\nException log stack #\n",
    "summary_bilingual_indexes": [
      0
    ],
    "description_bilingual_indexes": [
      0,
      1,
      2,
      3,
      4,
      5,
      6,
      7,
      8,
      9,
      11
    ]
  },
  "68": {
    "summary": "Fixed pitch calculation problem inside QMUITopBar",
    "description": " problem\n1. R.attr.qmui_topbar_title_margin_horizontal_when_no_btn_aside does not actually work because mTitleContainerView is relocated in onLayout.\n2. R.attr.qmui_topbar_title_margin_horizontal_when_no_btn_aside When title is not centered, the criterion for determining this distance should be that there is no button on which side, plus this spacing, rather than no button on both sides plus this spacing.\n repair\nFix this property in onMesure and onLayout. R.attr.qmui_topbar_title_margin_horizontal_when_no_btn_aside property setting is placed in onLayout, freshTitleViewLp () function is useless, delete it.\nIn order to maintain the consistency with the original style, the attribute value R.attr.qmui_topbar_title_margin_horizontal_when_no_btn_aside, which is not effective, is set to 0 by default. \n new\nAdded R.attr.qmui_topbar_title_container_padding_horizontal attribute instead of fixed 8dp ",
    "summary_bilingual_indexes": [
      0
    ],
    "description_bilingual_indexes": [
      0,
      1,
      2,
      3,
      4,
      5,
      6,
      7
    ]
  },
  "71": {
    "summary": "QMUITabSegment initial scrolling problem",
    "description": "Running environment #\n-[x] device model such as Meizu MX5\n-[x] device system version such as Android 5.1\n-[x] Gradle version such as 2.3.0\n-[x] QMUI Android version 1.0.4\nSpecific problem description #\nWhen the QMUITabSegment mode is scrolling, viewpager initially selects the last tab,QMUITabSegment through the code to display incorrectly, or on the first screen, without moving.\nScreenshot of the question #\nException log stack #\n",
    "summary_bilingual_indexes": [
      0
    ],
    "description_bilingual_indexes": [
      0,
      1,
      2,
      3,
      4,
      5,
      6,
      7,
      8
    ]
  },
  "83": {
    "summary": "Can DetailText of QMUICommonListItemView support setting CharSequence?",
    "description": "Running environment #\n-[x] device model such as Nexus 6\n-[x] device system version such as Android 5.0\n-[x] Gradle version such as 2.3.0\n-[x] QMUI Android version 1.x.x\nSpecific problem description #\nAt present, only\n \nsetDetailText (StringBuilder text) \nsetDetailText (String text) \n \nThis does not support SpannableString.\nOr whether the location of the DetailText can add a method to set the picture.\nScreenshot of the question #\nException log stack #\n",
    "summary_bilingual_indexes": [
      0
    ],
    "description_bilingual_indexes": [
      0,
      1,
      2,
      3,
      4,
      5,
      6,
      11,
      12,
      13,
      14
    ]
  },
  "110": {
    "summary": "It is recommended that you delete the attribute in application in AndroidManifest in the library",
    "description": " Error:Execution failed for task :app:processDebugManifest .\n Manifest merger failed : Attribute application name) from AndroidManifest.xml:8:9-45\n \nis also present at [com.qmuiteam:qmui:1.0.4] AndroidManifest.xml:9:18-50 app_name).\n \nSuggestion: add tools:replace= android:label to application element at AndroidManifest.xml:5:5-13:19 to override.",
    "summary_bilingual_indexes": [
      0
    ],
    "description_bilingual_indexes": []
  },
  "114": {
    "summary": "There's a little problem with QMUIDialog.",
    "description": "1.0.5 solves the problem that the dialog built by the subclass of MenuBaseDialogBuilder is truncated when the content list is too long, but the dialog boxes of message type, such as MessageDialogBuilder, will still be truncated when the text of the Message message is too much. These seem to be directly inherited QMUIDialogBuilder.\n",
    "summary_bilingual_indexes": [
      0
    ],
    "description_bilingual_indexes": [
      0
    ]
  },
  "116": {
    "summary": "Does not display when the tab of QMUITabSegment sets the location of icon to Bottom",
    "description": "Running environment #\n-[x] device model such as Nexus 6\n-[x] device system version such as Android 5.0\n-[x] Gradle version such as 2.3.0\n-[x] QMUI Android version 1.0.4\nSpecific problem description #\nThe tab of QMUITabSegment does not display when setting the position of icon to Bottom, and all other directions can be set normally. I don't know whether it is bug or I have not set it correctly, so it can only be set in xml. The method that looks like icon to set direction in java is private.\nScreenshot of the question #\n [screenshot_2017-12-18-17-55-02]/9988660/34100363-236cd848-e41d-11e7-8cc6-213cfb96e485.png\nException log stack #\n",
    "summary_bilingual_indexes": [
      0
    ],
    "description_bilingual_indexes": [
      0,
      1,
      2,
      3,
      4,
      5,
      6,
      7,
      9
    ]
  },
  "117": {
    "summary": "QMUITabSegment icon size",
    "description": "Running environment #\n-[x] device model such as Nexus 6\n-[x] device system version such as Android 5.0\n-[x] Gradle version such as 2.3.0\n-[x] QMUI Android version 1.x.x\nSpecific problem description #\nWhen using QMUITabSegment, the drawable icon of tab set to 128x128 will not be displayed completely. I took a look at the example using a picture of 48x48, whether it can increase the support for adaptive resolution or icon size setting.\nScreenshot of the question #\nException log stack #\n",
    "summary_bilingual_indexes": [
      0
    ],
    "description_bilingual_indexes": [
      0,
      1,
      2,
      3,
      4,
      5,
      6,
      7,
      8
    ]
  },
  "125": {
    "summary": "The app:qmui_radius= 4dp property setting of QMUIRoundButton is not valid",
    "description": "Running environment #\n-[x] device model such as Nexus 5\n-[x] device system version such as Android 4.4\n-[x] Gradle version such as 3.0\n-[x] QMUI Android version 1.0.6\nSpecific problem description #\nThe app:qmui_radius= 4dp property setting is not valid.\nSetting it in demo is also invalid.\nScreenshot of the question #\nException log stack #\n",
    "summary_bilingual_indexes": [
      0
    ],
    "description_bilingual_indexes": [
      0,
      1,
      2,
      3,
      4,
      5,
      6,
      7,
      8,
      9
    ]
  },
  "127": {
    "summary": "GroupListView",
    "description": "Running environment #\n-[x] device model such as Nexus 6\n-[x] device system version such as Android 5.0\n-[x] Gradle version such as 2.3.0\n-[x] QMUI Android version 1.x.x\nSpecific problem description #\nMsg = groupListView.createItemView (system message)\n Msg.setImageDrawable (ContextCompat.getDrawable (this, R.mipmap.orange_notice)) \nI hope the ImageDrawable on the left is fixed in size, and as for the text on the right, when there is too much content, it is a little farther from the left, preferably the same as the right.\nScreenshot of the question #\n [qq 34290270-66406452-e731-11e7-83cd-3afb73811390.png\n [qq 34290288-8009db52-e731-11e7-8e68-e2c3244bbb95.png\nException log stack #\n",
    "summary_bilingual_indexes": [],
    "description_bilingual_indexes": [
      0,
      1,
      2,
      3,
      4,
      5,
      6,
      8,
      9,
      12
    ]
  },
  "132": {
    "summary": "dialog cannot be closed by user trigger",
    "description": "Tipdialog can not be closed by the user to trigger the return key, which is a very bad experience. Sometimes when the network is in bad condition, users do not want to wait that long and want to return and exit, but because dialog has to kill the application.",
    "summary_bilingual_indexes": [
      0
    ],
    "description_bilingual_indexes": [
      0
    ]
  },
  "141": {
    "summary": "QMUITabSegment tab color problem",
    "description": "Running environment #\n-[x] device model such as Nexus 5\n-[x] device system version such as Android 7.0\n-[x] Gradle version such as 3.0.0\n-[x] QMUI Android version 1.0.0\nSpecific problem description #\nHello, QMUITabSegment. When you modify the normalColor and selectColor of tab, the color flicker will occur when you swipe.\nScreenshot of the question #\nException log stack #\n",
    "summary_bilingual_indexes": [
      0
    ],
    "description_bilingual_indexes": [
      0,
      1,
      2,
      3,
      4,
      5,
      6,
      7,
      8
    ]
  },
  "153": {
    "summary": "Modify animation duration resource reference",
    "description": "",
    "summary_bilingual_indexes": [
      0
    ],
    "description_bilingual_indexes": []
  },
  "160": {
    "summary": "Xiaomi 3 status bar black font",
    "description": "Running environment #\n-[x] equipment models such as Xiaomi 3\n-[x] device system version such as Android 4.4\n-[x] MUI version such as 9.2.3.0 stable version\n-[x] QMUI Android version 1.0.6\nSpecific problem description #\nXiaomi 3 mobile phone runs the sample project, and the black font set in the status bar is not valid.\n",
    "summary_bilingual_indexes": [
      0
    ],
    "description_bilingual_indexes": [
      0,
      1,
      2,
      3,
      4,
      5,
      6
    ]
  },
  "165": {
    "summary": "The problem of showing the fillet of the Popup outer frame in Demo",
    "description": "Running environment #\n-[x] equipment models such as nut Pro2\n-[x] device system version such as Android 7.1\n-[x] QMUI Android version 1.0.6\nSpecific problem description #\nThe problem of showing the fillet of the Popup outer frame in Demo\nScreenshot of the question #\n [screenshot_2018-01-25-10-32-19-660_qmui]/12421552/35367892-b8a8296a-01bb-11e8-9545-9ddae75f61f3.png\n [screenshot_2018-01-25-10-32-29-223_qmui]/12421552/35367893-b8f7644e-01bb-11e8-88fe-fc9ae442a054.png\n [screenshot_2018-01-25-10-32-42-048_qmui]/12421552/35367894-b93a5146-01bb-11e8-986e-5024951e98a4.png\nException log stack #\n",
    "summary_bilingual_indexes": [
      0
    ],
    "description_bilingual_indexes": [
      0,
      1,
      2,
      3,
      4,
      5,
      6,
      10
    ]
  },
  "167": {
    "summary": "when i show QMUIPopup on Galaxy Note3 Lite 4G , it crash",
    "description": "Running environment #\nDevice model such as SM-N7508V\nDevice system version Android 4.3\nGradle version 2.3.0\nQMUI Android version 1.0.6\nScreenshot of the question #\nException log stack #\nE/AndroidRuntime: FATAL EXCEPTION: main\n java.lang.NoSuchMethodError: android.view.View.isAttachedToWindow\n at com.qmuiteam.qmui.widget.popup.QMUIBasePopup.show (QMUIBasePopup.java:116)\n at com.qmuiteam.qmui.widget.popup.QMUIBasePopup.show (QMUIBasePopup.java:111)\n at com.anjiahome.housekeeper.ui.SurrenderDetailActivity initView 3.onClick (SurrenderDetailActivity.kt:123)\n at android.view.View.performClick (View.java:4476)\n at com.anjiahome.housekeeper.ui.SurrenderDetailActivity initView 5.run (SurrenderDetailActivity.kt:135)\n at android.os.Handler.handleCallback (Handler.java:730)\n at android.os.Handler.dispatchMessage (Handler.java:92)\n at android.os.Looper.loop (Looper.java:177)\n at android.app.ActivityThread.main (ActivityThread.java:5493)\n at java.lang.reflect.Method.invokeNative (Native Method)\n at java.lang.reflect.Method.invoke (Method.java:525)\n at com.android.internal.os.ZygoteInit MethodAndArgsCaller.run (ZygoteInit.java:1225)\n at com.android.internal.os.ZygoteInit.main (ZygoteInit.java:1041)\n at dalvik.system.NativeStart.main (Native Method)\n",
    "summary_bilingual_indexes": [],
    "description_bilingual_indexes": [
      0,
      1,
      2,
      3,
      4,
      5,
      6
    ]
  },
  "177": {
    "summary": "Demo has a problem.",
    "description": "Running environment #\n-[x] equipment models such as Xiaomi 4\n-[x] device system version such as Android 6. 0\n-[x] Gradle version such as master branch\n-[x] QMUI Android version master branch\nSpecific problem description #\nView the component demo page, open a demo to view, return to the home page, always scroll to the top\nScreenshot of the question #\nException log stack #\n",
    "summary_bilingual_indexes": [
      0
    ],
    "description_bilingual_indexes": [
      0,
      1,
      2,
      3,
      4,
      5,
      6,
      7,
      8
    ]
  },
  "184": {
    "summary": "Open and close the page quickly for many times, resulting in the invalidation of all events on the page, and there is no response to the click.",
    "description": "Running environment #\n-[x] equipment models such as Huawei Glory 8\n-[x] device system version such as Android 7.0\n-[x] Gradle version such as 3.0.1\n-[x] QMUI Android version 1.0.7\nSpecific problem description #\nRun demo, quickly open and close the page many times, resulting in the invalidation of all events on the page. There is no response when you click on it. You need to click on the return button of the phone.\nScreenshot of the question #\nException log stack #\n",
    "summary_bilingual_indexes": [
      0
    ],
    "description_bilingual_indexes": [
      0,
      1,
      2,
      3,
      4,
      5,
      6,
      7,
      8
    ]
  },
  "198": {
    "summary": "QMUITabSegment slides with ViewPager, abnormal color display",
    "description": "Running environment #\n-[x] equipment models such as Xiaomi 6\n-[x] device system version such as Android 7.0\n-[x] Gradle version such as 2.3.0\n-[x] QMUI Android version 1.0.7\nSpecific problem description #\nWhen pager slides from component to helper and is about to slide to helper, release and click the component button on the bottom navigation bar, there will be an exception in the bottom navigation color display, which is also the case with your own application tested by demo.\nScreenshot of the question #\n [image]/tabsegment.png\nException log stack #\n",
    "summary_bilingual_indexes": [
      0
    ],
    "description_bilingual_indexes": [
      0,
      1,
      2,
      3,
      4,
      5,
      6,
      7,
      9
    ]
  },
  "210": {
    "summary": "QMUIListPopup display is not complete.",
    "description": "Running environment #\n-[x] equipment models such as Huawei P9\n-[x] device system version such as Android 7.0\n-[x] Gradle version such as 2.3.0\n-[x] QMUI Android version 1.0.6\nSpecific problem description #\nI wrote a List long press entry when the pop-up menu. Use QMUIListPopup to display the menu contents. It is found that the problem of incomplete display occurs when the entry is just at the bottom of the screen.\nThere is currently this problem on HuaWei P9. It hasn't been found on other cell phones yet.\nScreenshot of the question #\n [tim 37696046-9b869654-2d0e-11e8-9d2b-39d9489e672c.png\nException log stack #\n",
    "summary_bilingual_indexes": [
      0
    ],
    "description_bilingual_indexes": [
      0,
      1,
      2,
      3,
      4,
      5,
      6,
      7,
      8,
      10
    ]
  },
  "215": {
    "summary": "QMUIPopup can extend custom backgrounds or black theme styles like QQ",
    "description": "\nScreenshot of the question #\n[picture] / QQ E5 9B BE E7 89 8720180327104223.png\n",
    "summary_bilingual_indexes": [
      0
    ],
    "description_bilingual_indexes": [
      1,
      2
    ]
  },
  "217": {
    "summary": "Failed to judge the type of mobile phone brand on Android8.0",
    "description": "-[x] equipment models such as Xiaomi 6, Huawei\n-[x] device system version such as Android 8.0\n-[x] QMUI Android version 1.1.0\n",
    "summary_bilingual_indexes": [
      0
    ],
    "description_bilingual_indexes": [
      0,
      1,
      2
    ]
  },
  "234": {
    "summary": "How to get the number of rows of display content by QMUIFloatLayout",
    "description": " Operating environment ###\n- [x] Equipment model such as millet mix2 \n- [x] Device system version such as Android 8.0 \n- [x] Gradle version 4.1.0 \n- [x] QMUI Android version 1.1.1 \n Specific problem description ###\nQMUIFloatLayout If it is dynamic filling data, and the width of each item is adaptive according to the width of the filling content, it will appear that the content displayed in each row is not a fixed number, so there is no way I can know how many rows can be displayed. \n Screenshot ####\n Exception Log Stack ###\n",
    "summary_bilingual_indexes": [
      0
    ],
    "description_bilingual_indexes": [
      0,
      1,
      2,
      3,
      4,
      5,
      6,
      7,
      8
    ]
  },
  "235": {
    "summary": "Click on fragment in QMUITabSegment. Fragmen appearing in tabs will onDestroyView ()",
    "description": "Running environment #\n-[x] device model such as Nexus 6\n-[x] device system version such as Android 5.0\n-[x] Gradle version such as 2.3.0\n-[x] QMUI Android version 1.x.x\nSpecific problem description #\nMainFragment is QMUITabSegment+viewpager.\nSettingfragment is the inserted fragment. Click settingfragmen to call startFragment (new AboutFragment)\nBoth settingfragment and mainFragment can onDestroyView (). Could you tell me how to solve it?\nScreenshot of the question #\n [image]/26847367/38714386-82308b90-3f08-11e8-91a2-3fc66b30c864.png\nException log stack #\n \n \n public CharSequence getPageTitle (int position) {\n switch (position) {\n case 0:\n return Homepage \n case 1:\n return Classify \n case 2:\n return Cart \n case 3:\n default:\n return Mine \n }\n }\n \n protected Object hydrate (ViewGroup container, int position) {\n switch (position) {\n case 0:\n return new MineFragment () \n case 1:\n return new ClassifyFragment () \n case 2:\n return new CartFragment () \n case 3:\n default:\n return new SettingFragment () \n }\n }\n ",
    "summary_bilingual_indexes": [
      0
    ],
    "description_bilingual_indexes": [
      0,
      1,
      2,
      3,
      4,
      5,
      6,
      7,
      8,
      9,
      11
    ]
  },
  "254": {
    "summary": "Use QMUIStatusBarHelper to solve the problem of black characters in the status bar under MIUI9.",
    "description": "Running environment #\n-[x] equipment models such as Xiaomi 2\n-[x] device system version such as Android 5.0.2\nSpecific problem description #\nUnder the Xiaomi 2 phone, the latest version of MIUI9 is the Android5.0.2 system, which cannot be changed to black when implementing black characters in the status bar. After all, the official scheme is based on more than 6.0. MIUI9 is not always a system above 6.0. after all, the official plan is based on more than 6.0.\nThe judgment of isMIUICustomStatusBarLightModeImpl method is not detailed.\n private static boolean isMIUICustomStatusBarLightModeImpl (){\n return QMUIDeviceHelper.isMIUIV5 () QMUIDeviceHelper.isMIUIV6 () \n QMUIDeviceHelper.isMIUIV7 () QMUIDeviceHelper.isMIUIV8 () \n} \nIt is suggested that it be changed to\n private static boolean isMIUICustomStatusBarLightModeImpl (){\n if (QMUIDeviceHelper.isMIUIV9 () Build.VERSION.SDK_INT Build.VERSION_CODES.M){\n return true \n }\n return QMUIDeviceHelper.isMIUIV5 () QMUIDeviceHelper.isMIUIV6 () \n QMUIDeviceHelper.isMIUIV7 () QMUIDeviceHelper.isMIUIV8 () \n } \n",
    "summary_bilingual_indexes": [
      0
    ],
    "description_bilingual_indexes": [
      0,
      1,
      2,
      3,
      4,
      5,
      10
    ]
  },
  "258": {
    "summary": "The problem of bangs getting the height of the status bar",
    "description": "Running environment #\n-[x] equipment models such as simulators\n-[x] device system version such as Android 9.0\n-[x] Gradle version such as 3.0.1\n-[x] QMUI Android version 1.1.1\nSpecific problem description #\nUnder the 9.0 simulator, I set up the bangs. Error getting status bar height using getStatusbarHeight. Check the source code and find that the initStatusBarHeight method determines that if the obtained state height is more than 2 times 25dp, the 25dp of the default height is returned. Bangs screen mobile phone status bar height is generally more than 2 times, and there is no unified specification. It is recommended to remove this judgment for the time being.\n",
    "summary_bilingual_indexes": [
      0
    ],
    "description_bilingual_indexes": [
      0,
      1,
      2,
      3,
      4,
      5,
      6
    ]
  },
  "284": {
    "summary": "The rounded rectangle in QMUIRadiusImageView demo shows a circle.",
    "description": "Specific problem description #\nThe default is circle\nScreenshot of the question #\n [screenshot_20180521-163245]/21994586/40298183-d4ca486c-5d14-11e8-95f8-b4613c724ea8.png\n",
    "summary_bilingual_indexes": [
      0
    ],
    "description_bilingual_indexes": [
      0,
      1,
      2
    ]
  },
  "285": {
    "summary": "QMUITabSegment content adaptation problem",
    "description": " Specific problem description ###\nQMUI demo if \"content adaptive, scroll beyond the parent container\" this page tab less, will leak background color. Change the screenshot to 3 tabs.\n Screenshot ####\n [img_20180521_185005]/21994586/40304204-595d9544-5d28-11e8-8813-9976cafb686d.png\n",
    "summary_bilingual_indexes": [
      0
    ],
    "description_bilingual_indexes": [
      0,
      1,
      2
    ]
  },
  "293": {
    "summary": "Coordinatorlayout + recyclerview Last item display is incomplete",
    "description": "Running environment #\n-[x] equipment models such as Glory 9\n-[x] device system version such as Android 8.0\n-[x] Gradle version such as 3.1.2\n-[x] QMUI Android version 1.x.x\nSpecific problem description #\nRecyclerview is nested in the CoordinatorLayout layout, the last item of recyclerview is not fully displayed, and the official demo of QMUI also has this problem.\n \nScreenshot of the question #\n [_20180528002849]/17454328/40588323-6539efc6-620e-11e8-97b1-836f04d88e14.jpg\n Layout Inspector E6 8F 90 E4 BE 9B-Layout-Inspector- E6 96 87 E4 BB B6) ####\nException log stack #\n",
    "summary_bilingual_indexes": [
      0
    ],
    "description_bilingual_indexes": [
      0,
      1,
      2,
      3,
      4,
      5,
      6,
      8,
      11
    ]
  },
  "294": {
    "summary": "QMUIPullRefreshLayout uses drop-down refresh sliding problems with RecyclerView",
    "description": "Running environment #\n-[x] device system version Android 7.0\n-[x] QMUI Android version 1.1.2\nSpecific problem description #\n1. QMUIPullRefreshLayout is used with RecyclerView. Pull-down refresh is performed before the drop-down refresh is completed. The next refresh starts when the finger is not raised on the screen all the time. After the last refresh ends, the finger moves on the screen and the finger does not leave the screen. QMUIPullRefreshLayout immediately performs a drop-down, and the height of the drop-down is related to the position of the second finger.\ntwo。 This problem will not occur when setting nestedScrollingEnabled = false or isNestedScrollingEnabled = false of RecyclerView\n",
    "summary_bilingual_indexes": [
      0
    ],
    "description_bilingual_indexes": [
      0,
      1,
      2,
      3,
      4,
      5
    ]
  },
  "295": {
    "summary": "Update QMUIProgressBar.java",
    "description": "mValue - mMaxValue\nAdd a setProgress (int progress, boolean animated) method",
    "summary_bilingual_indexes": [],
    "description_bilingual_indexes": [
      1
    ]
  },
  "297": {
    "summary": "Failed to compile all the time",
    "description": "\n [image]/6706496/40758437-e931e7d0-64bf-11e8-9625-b1b4da05f51d.png\n",
    "summary_bilingual_indexes": [
      0
    ],
    "description_bilingual_indexes": []
  },
  "304": {
    "summary": "QMUILinkTextView triggers OnClickListener and OnLinkClickListener when it clicks link",
    "description": "Expect OnLinkClickListener to be triggered only when you click on link, and only when you click on non-link areas. Because there's a different logic.",
    "summary_bilingual_indexes": [
      0
    ],
    "description_bilingual_indexes": [
      0
    ]
  },
  "308": {
    "summary": "[feedback] when TabSegment calls the selectTab method artificially, the indicator will not move to the correct location.",
    "description": "Running environment #\n-[x] device system version Android 4.4\n-[x] Gradle version 4.1\n-[x] Gradle tools version 3.0.0\n-[x] QMUI Android version 1.1.0\nSpecific problem description #\nWhen TabSegment calls the selectTab method artificially, the indicator does not move to the correct location.\n",
    "summary_bilingual_indexes": [
      0
    ],
    "description_bilingual_indexes": [
      0,
      1,
      2,
      3,
      4,
      5,
      6
    ]
  },
  "329": {
    "summary": "QMUICommonListItemView pictures do not zoom automatically",
    "description": "Running environment #\n-[x] device model such as Nexus 5\n-[x] device system version such as Android 4.4\n-[x] Gradle version such as 3.0\n-[x] QMUI Android version 1.1.5\nSpecific problem description #\nI feel like I haven't been seen by the boss to ask a question again. Describe it clearly.\n[QMUIGroupListView pictures cannot be automatically scaled] / QMUI/QMUI_Android/issues/323\nThis question has my related solution discussion.\nScreenshot of the question #\n [image]/11622206/41884224-10c14e84-7925-11e8-9bb7-37a1d5093c20.png\n Layout Inspector E6 8F 90 E4 BE 9B-Layout-Inspector- E6 96 87 E4 BB B6) ####\nException log stack #\n",
    "summary_bilingual_indexes": [
      0
    ],
    "description_bilingual_indexes": [
      0,
      1,
      2,
      3,
      4,
      5,
      6,
      7,
      8,
      9,
      12
    ]
  },
  "334": {
    "summary": "Fragment exit without hidden input method",
    "description": "[QUMIFragment]/QMUI/QMUI_Android/blob/master/arch/src/main/java/com/qmuiteam/qmui/arch/QMUIFragment.java\n \nswipeBackLayout.addSwipeListener (new SwipeBackLayout.SwipeListener () {\n private QMUIFragment mModifiedFragment = null \n \n public void onScrollStateChange (int state, float scrollPercent) {\n/ / TODO Hidden input method\n Log.i (TAG, SwipeListener:onScrollStateChange: state = + state + scrollPercent = + scrollPercent) \n ViewGroup container = getBaseFragmentActivity ().getFragmentContainer () \n int childCount = container.getChildCount () \n...\n ",
    "summary_bilingual_indexes": [
      0
    ],
    "description_bilingual_indexes": [
      6
    ]
  },
  "352": {
    "summary": "Tabbing the last tab in Using QMUITabSegment and ViewPager Immersive status bar padding disappears ",
    "description": "Running environment #\n-[x] device model such as mi6\n-[x] device system version such as Android 7.0\n-[x] Gradle version such as 4.4\n-[x] QMUI Android version 1.1.5\nSpecific problem description #\nTab toggles the last tab immersive status bar between QMUITabSegment and ViewPager padding disappears\nScreenshot of the question #\n [image]/5001253/43500138-a898b904-9581-11e8-813b-012b94522c5a.png\n [image]/5001253/43500139-b013b6d4-9581-11e8-91b4-5ad61c27da16.png\nLayout Inspector file\n[com.qmuiteam.qmuidemo_2018.08.01_11.55.zip]/QMUI/QMUI_Android/files/2247972/com.qmuiteam.qmuidemo_2018.08.01_11.55.zip\nThe current solution\n [image]/5001253/43500280-4f9b9622-9582-11e8-861d-1bf2b55025b7.png\n",
    "summary_bilingual_indexes": [
      0
    ],
    "description_bilingual_indexes": [
      0,
      1,
      2,
      3,
      4,
      5,
      6,
      7,
      10,
      12
    ]
  },
  "353": {
    "summary": "QMUILinkTextView ",
    "description": "If QMUILinkTextView says mm-hmm, www.baidu.com will not trigger the auto event (web).\nIf you add a space between uh-huh and www.baidu.com, such as uh-huh, www.baidu.com will have the auto event of web.\nI tried it once in Wechat. I can click on Chinese characters with links without spaces. How to change this?",
    "summary_bilingual_indexes": [],
    "description_bilingual_indexes": [
      0,
      1,
      2
    ]
  },
  "373": {
    "summary": "A serious BUG, using the ARCH framework, an Activity drags multiple Fragments, and when Fragment and Fragment switch frequently, the APP will be \"stuck\" directly.",
    "description": "Running environment #\n-[x] equipment models such as Xiaomi Mix2, Huawei P10\n-[x] device system version such as Android 8.0.0\n-[x] Gradle version such as 4.4.1\n-[x] QMUI Android version com.qmuiteam:arch:0.1.1\nSpecific problem description #\nA serious BUG, using the ARCH framework, an Activity drags multiple Fragments, when Fragment and Fragment switch frequently, there will be APP directly \"stuck\", APP does not trigger click and touch and other events, the interface card does not move, can not be controlled, and then the phone does not stutter, return normally, without a black screen, after many tests, it is found that it may be triggered when GC frequently reclaims memory, and every time there is an appeal problem, it is after GC recovery.\nHope to be able to time-limited feedback, now has been integrated into the application, the project will be launched, but the emergence of this serious BUG\nScreenshot of the question #\n Layout Inspector E6 8F 90 E4 BE 9B-Layout-Inspector- E6 96 87 E4 BB B6) ####\nException log stack #\nNo error log is returned, touch events that click on the screen APP are unresponsive, and AS prints system-level touch events. This problem also occurs when using the official sample project.",
    "summary_bilingual_indexes": [
      0
    ],
    "description_bilingual_indexes": [
      0,
      1,
      2,
      3,
      4,
      5,
      6,
      7,
      8,
      10,
      11
    ]
  },
  "376": {
    "summary": "Low version issu",
    "description": "Running environment #\n-[x] device model such as Nexus 6\n-[x] device system version such as Android 4.0.4\n-[x] Gradle version such as 4.4.0\n-[x] QMUI Android version 1.1.3\nSpecific problem description #\nIn the lower version of API15, it will crash, indicating that the method cannot be found.\nScreenshot of the question #\n Layout Inspector E6 8F 90 E4 BE 9B-Layout-Inspector- E6 96 87 E4 BB B6) ####\nException log stack #\njava.lang.NoSuchMethodError: com.qmuiteam.qmui.layout.QMUIButton.setBackground\n at com.qmuiteam.qmui.widget.dialog.QMUIDialogAction.generateActionButton (QMUIDialogAction.java:123)\n at com.qmuiteam.qmui.widget.dialog.QMUIDialogAction.buildActionView (QMUIDialogAction.java:105)\n at com.qmuiteam.qmui.widget.dialog.QMUIDialogBuilder.onCreateHandlerBar (QMUIDialogBuilder.java:402)\n at com.qmuiteam.qmui.widget.dialog.QMUIDialogBuilder.create (QMUIDialogBuilder.java:301)\n at com.qmuiteam.qmui.widget.dialog.QMUIDialogBuilder.create (QMUIDialogBuilder.java:274)\n at com.qmuiteam.qmui.widget.dialog.QMUIDialogBuilder.show (QMUIDialogBuilder.java:263)\n",
    "summary_bilingual_indexes": [
      0
    ],
    "description_bilingual_indexes": [
      0,
      1,
      2,
      3,
      4,
      5,
      6,
      7,
      9
    ]
  },
  "387": {
    "summary": "BUG of QMUIFragment",
    "description": "\n public static final int RESULT_CANCELED = Activity.RESULT_CANCELED \npublic static final int RESULT_OK = Activity.RESULT_CANCELED \nYou typed the wrong code, right?\nLine 65cm66",
    "summary_bilingual_indexes": [
      0
    ],
    "description_bilingual_indexes": [
      3,
      4
    ]
  },
  "399": {
    "summary": "After calling popBackStack in demo, if you start a new activity directly, then the activity,fragment interface UI of finish will get stuck.",
    "description": "Running environment #\n-[x] device model such as Nexus 6\n-[x] device system version such as Android 5.0\n-[x] Gradle version such as 2.3.0\n-[x] QMUI Android version 1.x.x\nSpecific problem description #\nScreenshot of the question #\n Layout Inspector E6 8F 90 E4 BE 9B-Layout-Inspector- E6 96 87 E4 BB B6) ####\nException log stack #\n",
    "summary_bilingual_indexes": [
      0
    ],
    "description_bilingual_indexes": [
      0,
      1,
      2,
      3,
      4,
      5,
      6,
      8
    ]
  },
  "401": {
    "summary": "There is a chance of Crash when you slip back.",
    "description": "Running environment #\n-[x] device model Samsung SM-G9350\n-[x] device system version Android 6.0.1\n-[x] Gradle version 3.2.0\n-[x] QMUI Android version 1.1.7\nSpecific problem description #\nThere is a chance of Crash when you slip back.\nScreenshot of the question #\n Layout Inspector E6 8F 90 E4 BE 9B-Layout-Inspector- E6 96 87 E4 BB B6) ####\nException log stack #\njava.lang.IllegalStateException: The specified child already has a parent. You must call removeView () on the child s parent first.\n at android.view.ViewGroup.addViewInner (ViewGroup.java:4654)\n at android.view.ViewGroup.addView (ViewGroup.java:4490)\n at android.view.ViewGroup.addView (ViewGroup.java:4431)\n at com.qmuiteam.qmui.arch.QMUIFragment 2.onEdgeTouch (QMUIFragment.java:383)\n at com.qmuiteam.qmui.arch.SwipeBackLayout ViewDragCallback.tryCaptureView (SwipeBackLayout.java:483)\n at android.support.v4.widget.ViewDragHelper.tryCaptureViewForDrag (ViewDragHelper.java:908)\n at android.support.v4.widget.ViewDragHelper.shouldInterceptTouchEvent (ViewDragHelper.java:1062)\n at com.qmuiteam.qmui.arch.SwipeBackLayout.onInterceptTouchEvent (SwipeBackLayout.java:373)\n at android.view.ViewGroup.dispatchTouchEvent (ViewGroup.java:2366)\n at android.view.ViewGroup.dispatchTransformedTouchEvent (ViewGroup.java:2839)\n at android.view.ViewGroup.dispatchTouchEvent (ViewGroup.java:2514)\n at android.view.ViewGroup.dispatchTransformedTouchEvent (ViewGroup.java:2839)\n at android.view.ViewGroup.dispatchTouchEvent (ViewGroup.java:2514)\n at android.view.ViewGroup.dispatchTransformedTouchEvent (ViewGroup.java:2839)\n at android.view.ViewGroup.dispatchTouchEvent (ViewGroup.java:2514)\n at android.view.ViewGroup.dispatchTransformedTouchEvent (ViewGroup.java:2839)\n at android.view.ViewGroup.dispatchTouchEvent (ViewGroup.java:2514)\n at android.view.ViewGroup.dispatchTransformedTouchEvent (ViewGroup.java:2839)\n at android.view.ViewGroup.dispatchTouchEvent (ViewGroup.java:2514)\n at android.view.ViewGroup.dispatchTransformedTouchEvent (ViewGroup.java:2839)\n at android.view.ViewGroup.dispatchTouchEvent (ViewGroup.java:2514)\n at com.android.internal.policy.PhoneWindow DecorView.superDispatchTouchEvent (PhoneWindow.java:2831)\n at com.android.internal.policy.PhoneWindow.superDispatchTouchEvent (PhoneWindow.java:1863)\n at android.app.Activity.dispatchTouchEvent (Activity.java:3046)\n at android.support.v7.view.WindowCallbackWrapper.dispatchTouchEvent (WindowCallbackWrapper.java:68)\n at com.android.internal.policy.PhoneWindow DecorView.dispatchTouchEvent (PhoneWindow.java:2792)\n at android.view.View.dispatchPointerEvent (View.java:10228)\n at android.view.ViewRootImpl ViewPostImeInputStage.processPointerEvent (ViewRootImpl.java:5350)\n at android.view.ViewRootImpl ViewPostImeInputStage.onProcess (ViewRootImpl.java:5186)\n at android.view.ViewRootImpl InputStage.deliver (ViewRootImpl.java:4626)\n at android.view.ViewRootImpl InputStage.onDeliverToNext (ViewRootImpl.java:4679)\n at android.view.ViewRootImpl InputStage.forward (ViewRootImpl.java:4645)\n at android.view.ViewRootImpl AsyncInputStage.forward (ViewRootImpl.java:4787)\n at android.view.ViewRootImpl InputStage.apply (ViewRootImpl.java:4653)\n at android.view.ViewRootImpl AsyncInputStage.apply (ViewRootImpl.java:4844)\n at android.view.ViewRootImpl InputStage.deliver (ViewRootImpl.java:4626)\n at android.view.ViewRootImpl InputStage.onDeliverToNext (ViewRootImpl.java:4679)\n at android.view.ViewRootImpl InputStage.forward (ViewRootImpl.java:4645)\n at android.view.ViewRootImpl InputStage.apply (ViewRootImpl.java:4653)\n at android.view.ViewRootImpl InputStage.deliver (ViewRootImpl.java:4626)\n at android.view.ViewRootImpl.deliverInputEvent (ViewRootImpl.java:7323)\n at android.view.ViewRootImpl.doProcessInputEvents (ViewRootImpl.java:7201)\n at android.view.ViewRootImpl.enqueueInputEvent (ViewRootImpl.java:7162)\n at android.view.ViewRootImpl WindowInputEventReceiver.onInputEvent (ViewRootImpl.java:7433)\n at android.view.InputEventReceiver.dispatchInputEvent (InputEventReceiver.java:185)\n at android.view.InputEventReceiver.nativeConsumeBatchedInputEvents (Native Method)\n at android.view.InputEventReceiver.consumeBatchedInputEvents (InputEventReceiver.java:176)\n at android.view.ViewRootImpl.doConsumeBatchedInput (ViewRootImpl.java:7397)\n at android.view.ViewRootImpl ConsumeBatchedInputRunnable.run (ViewRootImpl.java:7460)\n \nat android.view.Choreographer CallbackRecord.run (Choreograph\n",
    "summary_bilingual_indexes": [
      0
    ],
    "description_bilingual_indexes": [
      0,
      1,
      2,
      3,
      4,
      5,
      6,
      7,
      9
    ]
  },
  "429": {
    "summary": "Update the new version of arch library and report an error.",
    "description": "Running environment #\n-[x] equipment model Xiaomi 6\n-[x] device system version Android 8.1.0\n-[x] Gradle version 3.2.1\n-[x] QMUI Android version 1.1.7\n-[x] arch library version 0.2.0\nSpecific problem description #\nOpen a new Fragment and then exit, it will crash\nScreenshot of the question #\n Layout Inspector E6 8F 90 E4 BE 9B-Layout-Inspector- E6 96 87 E4 BB B6) ####\nException log stack #\n",
    "summary_bilingual_indexes": [
      0
    ],
    "description_bilingual_indexes": [
      0,
      1,
      2,
      3,
      4,
      5,
      6,
      7,
      8,
      10
    ]
  },
  "443": {
    "summary": "The background flashes when you slip back.",
    "description": "Running environment #\n-[x] equipment model Xiaomi 6\n-[x] device system version Android 8.1.0\n-[x] Gradle version 3.2.1\n-[x] QMUI Android version 1.1.8\nSpecific problem description #\nAfter upgrading to version 1.1.8, the background flashes when the side slips back.\nScreenshot of the question #\n Layout Inspector E6 8F 90 E4 BE 9B-Layout-Inspector- E6 96 87 E4 BB B6) ####\nException log stack #\n",
    "summary_bilingual_indexes": [
      0
    ],
    "description_bilingual_indexes": [
      0,
      1,
      2,
      3,
      4,
      5,
      6,
      7,
      9
    ]
  },
  "449": {
    "summary": "Side slip to close the splash screen",
    "description": "Running environment #\n-[x] device models such as Samsung S6 SM-G9250\n-[x] device system version such as Android 6.0.1\n-[x] Gradle version such as 4.6\n-[x] QMUI Android version 1.1.10\nSpecific problem description #\nThe screen flashes when you jump from Fragment to Activity and then slide from Activity to close and back to fragment.\nScreenshot of the question #\n Layout Inspector E6 8F 90 E4 BE 9B-Layout-Inspector- E6 96 87 E4 BB B6) ####\nException log stack #\n11-30 15:29:45.922 com.ao.supermanager ViewRootImpl: ViewPostImeInputStage processPointer 0\n11-30 15:29:46.152 com.ao.supermanager ViewRootImpl: ViewPostImeInputStage processPointer 1\n11-30 15:29:46.662 com.ao.supermanager ViewRootImpl: ViewPostImeInputStage processPointer 0\n11-30 15:29:46.672 com.ao.supermanager QMUIActivity: SwipeListener:onEdgeTouch: edgeFlag = 1\n11-30 15:29:46.672 com.ao.supermanager QMUIActivity: SwipeListener:onScrollStateChange: state = 1 scrollPercent = 0.0\n11-30 15:29:46.782 com.ao.supermanager ViewRootImpl: ViewPostImeInputStage processPointer 1\n11-30 15:29:46.782 com.ao.supermanager QMUIActivity: SwipeListener:onScrollStateChange: state = 2 scrollPercent = 0.18575063\n11-30 15:29:47.232 com.ao.supermanager QMUIActivity: SwipeListener:onScrollStateChange: state = 0 scrollPercent = 1.0063614\n11-30 15:29:47.232 com.ao.supermanager CrashReport: com.ao.supermanager.activity.InputWifiActivity onPaused \n11-30 15:29:47.242 com.ao.supermanager CrashReport-Native: Set native info: isAppForeground (false)\n11-30 15:29:47.252 com.ao.supermanager CrashReport: com.ao.supermanager.MainActivity onResumed \n11-30 15:29:47.252 com.ao.supermanager CrashReport-Native: Set native info: isAppForeground (true)\n11-30 15:29:47.262 com.ao.supermanager mali_winsys: new_window_surface returns 0x3000, [1440x2560]-format:1\n11-30 15:29:47.262 com.ao.supermanager ActivityThread: AppLock checkAppLockState isAppLocked = false pkgName = com.ao.supermanager showWhenLocked = false\n11-30 15:29:47.292 com.ao.supermanager Timeline: Timeline: Activity_idle id: android.os.BinderProxy time:22509180\n11-30 15:29:47.312 com.ao.supermanager CrashReport: com.ao.supermanager.activity.InputWifiActivity onDestroyed \n11-30 15:29:47.312 com.ao.supermanager ViewRootImpl: #3 mView = null\n",
    "summary_bilingual_indexes": [
      0
    ],
    "description_bilingual_indexes": [
      0,
      1,
      2,
      3,
      4,
      5,
      6,
      7,
      9
    ]
  },
  "451": {
    "summary": "The QMUICollapsingTopBarLayout title is lost when sideslip returns.",
    "description": " Operating environment ###\n- [x] Equipment model Xiaomi 6, Samsung S7\n- [x] Device system version Android8.1, Android6.0.1\n- [x] Gradle version 3.2.1\n- [x] QMUI Android version 1.1.9 \n Specific problem description ###\nQMUICollecsingTopBarLayout title lost when sliding back, if QMUICollecsingTopBarLayout in the middle of sliding, there will be dislocation\n Screenshot ####\n [screenshot_20181130-163739]/16847201/49429721-2fb81f00-f7e4-11e8-96d2-48e8f45d3129.png\n [screenshot_20181130-163730]/16847201/49429725-321a7900-f7e4-11e8-9b2e-2c7de92e6203.png\n",
    "summary_bilingual_indexes": [
      0
    ],
    "description_bilingual_indexes": [
      0,
      1,
      2,
      3,
      4,
      5,
      6,
      7
    ]
  },
  "459": {
    "summary": "bugfix: Crash when using result from StaticLayout.getLineForVertical ()",
    "description": "bugfix: 113348914\nThe problem was just fixed on August 31 this year, and the previous version of Android can only watch the crash.",
    "summary_bilingual_indexes": [],
    "description_bilingual_indexes": [
      1
    ]
  },
  "480": {
    "summary": "Fragment nested fragment white screen",
    "description": "Running environment #\n-[x] equipment models such as Xiaomi note3\n-[x] device system version such as Android 6. 0\n-[x] Gradle version such as 2.3.0\n-[x] QMUI Android version 1.1.11\nSpecific problem description #\nFragment stays in the background for a long time, and then switches to the foreground. The fragment that was opened before will be a blank demo where the QDFitSystemWindowViewPagerFragment page can reproduce this problem quickly. If you want to quickly reproduce this problem, you can go to \"Settings\"-\"developer options\"-turn on \"do not keep activities\" on the phone. So you don't have to spend a lot of time backstage.\nScreenshot of the question #\n [1981546943233_ 50825165-50d7d680-1373-11e9-9745-d12ba4e86dd4.jpg\n",
    "summary_bilingual_indexes": [
      0
    ],
    "description_bilingual_indexes": [
      0,
      1,
      2,
      3,
      4,
      5,
      6,
      7
    ]
  },
  "481": {
    "summary": "QMUIListPopup crashes under android4.4",
    "description": " Operating environment ###\n- [x] Equipment model Glory 3C\n- [x] Device System Version Android 4.2\n- [x] Gradle version 3.2.1\n- [x] QMUI Android version 1.1.10\n Specific problem description ###\n QMUIListPopup crashes under android 4.4\n Exception Log Stack ###\n \nandroid.view.InflateException: Binary XML file line #13: Error inflating class ImageView\n at android.app.ActivityThread.performLaunchActivity (ActivityThread.java:2077)\n at android.app.ActivityThread.handleLaunchActivity (ActivityThread.java:2102)\n at android.app.ActivityThread.access 600 (ActivityThread.java:137)\n at android.app.ActivityThread H.handleMessage (ActivityThread.java:1210)\n at android.os.Handler.dispatchMessage (Handler.java:99)\n at android.os.Looper.loop (Looper.java:137)\n at android.app.ActivityThread.main (ActivityThread.java:4825)\n at java.lang.reflect.Method.invokeNative (Native Method)\n at java.lang.reflect.Method.invoke (Method.java:511)\n at com.android.internal.os.ZygoteInit MethodAndArgsCaller.run (ZygoteInit.java:841)\n at com.android.internal.os.ZygoteInit.main (ZygoteInit.java:608)\n at dalvik.system.NativeStart.main (Native Method)\n Caused by: android.view.InflateException: Binary XML file line #13: Error inflating class ImageView\n at android.view.LayoutInflater.createViewFromTag (LayoutInflater.java:704)\n at android.view.LayoutInflater.rInflate (LayoutInflater.java:746)\n at android.view.LayoutInflater.inflate (LayoutInflater.java:489)\n at io.github.inflationx.viewpump.ViewPumpLayoutInflater.inflate (ViewPumpLayoutInflater.java:55)\n at android.view.LayoutInflater.inflate (LayoutInflater.java:396)\n at com.qmuiteam.qmui.widget.popup.QMUIPopup.setContentView (QMUIPopup.java:261)\n at com.qmuiteam.qmui.widget.popup.QMUIListPopup.create (QMUIListPopup.java:41)\n \n QMUIListPopup uses webp file QMUI_Android/qmui/src/main/res/drawable-hdpi/qmui_popup_arrow_down.webp in layout, which makes lower versions incompatible.\n",
    "summary_bilingual_indexes": [
      0
    ],
    "description_bilingual_indexes": [
      0,
      1,
      2,
      3,
      4,
      5,
      6,
      7,
      31
    ]
  }
}