{
  "1": {
    "summary": "can t download package",
    "description": "why I can t download this zip package \nor \nI download source and mvn -Prelease-nacos clean install -U failed too.",
    "summary_bilingual_indexes": [],
    "description_bilingual_indexes": []
  },
  "2": {
    "summary": "no manage console ",
    "description": "the source code does not include admin console ",
    "summary_bilingual_indexes": [],
    "description_bilingual_indexes": []
  },
  "22": {
    "summary": "Update README.md",
    "description": "fix typos",
    "summary_bilingual_indexes": [],
    "description_bilingual_indexes": []
  },
  "23": {
    "summary": "improving code quality",
    "description": "1 the name of the variable is consistent with the method explanation\n2 delete the unused code ",
    "summary_bilingual_indexes": [],
    "description_bilingual_indexes": []
  },
  "28": {
    "summary": "[BUG] Possible null pointer dereference of f on exception path in ConfigSubService ",
    "description": "",
    "summary_bilingual_indexes": [],
    "description_bilingual_indexes": []
  },
  "29": {
    "summary": "Fixed #28",
    "description": "",
    "summary_bilingual_indexes": [],
    "description_bilingual_indexes": []
  },
  "34": {
    "summary": "Fix README.md modify funcation to function",
    "description": "What is the purpose of the change\nmodify Nacos provides four major funcations“ to Nacos provides four major functions“,here the funcations is wrong spell\nBrief changelog\nmodify Nacos provides four major funcations“ to Nacos provides four major functions“,here the funcations is wrong spell",
    "summary_bilingual_indexes": [],
    "description_bilingual_indexes": []
  },
  "35": {
    "summary": "The name of the Pair class member variables in nacos-common is not standardized.",
    "description": "The two member variables in the Pair class are named as follows: \nprivate String value0 \nprivate String value1 ",
    "summary_bilingual_indexes": [],
    "description_bilingual_indexes": []
  },
  "38": {
    "summary": "Coding Guidelines",
    "description": "According to 《Alibaba Java Coding Guidelines》, the interface should not have the public modifier.\ne.g.\ncom.alibaba.nacos.api.config.ConfigService.java\n \npublic interface ConfigService {\npublic String getConfig (String dataId, String group, long timeoutMs) throws NacosException \npublic void addListener (String dataId, String group, Listener listener) throws NacosException \npublic boolean publishConfig (String dataId, String group, String content) throws NacosException \npublic boolean removeConfig (String dataId, String group) throws NacosException \npublic void removeListener (String dataId, String group, Listener listener) \n}\n ",
    "summary_bilingual_indexes": [],
    "description_bilingual_indexes": []
  },
  "54": {
    "summary": "V0.2",
    "description": " What is the purpose of the change\nNacos v0.2 releases \n Brief changelog\n1. Nacos-api split\nseparate nacos-api from nacos client implementation\n2. Health check API between fix clusters\nCluster node health check abnormality\n3. Get change history list exception\nStand-alone mode gets the change history list exception\n4. Fix cannot read sql file\nPulling does not exist configuration print io exception\n5. There is no problem of setting exception in fix client pull.\nOptimized log framework\n6. [naming] Client support getting server status.\n[service Discovery] the client supports obtaining server status\n7. [naming] Client support get all service names of server.\n[service Discovery] the client supports obtaining all service names on the server\n8. [naming] Client support get all subscribed services.\n[service Discovery] the client supports all services that obtain subscriptions\n/alibaba/nacos/issues/43\n/alibaba/nacos/issues/44\n/alibaba/nacos/issues/48\n/alibaba/nacos/issues/47\n/alibaba/nacos/issues/46\n Verifying this change\nadd unit testCase, add cluster Nacos testCase all pass.\n",
    "summary_bilingual_indexes": [],
    "description_bilingual_indexes": [
      3,
      5,
      7,
      9,
      11,
      14,
      16,
      18
    ]
  },
  "59": {
    "summary": "Frequent heartbeat log prints",
    "description": "Please refer to log file, you can find a lot of hearbeat logs print in a very short time:\ndiscovery 2018-09-17 20:13:41,923 INFO [com.alibaba.nacos.naming.beat.sender] c.a.n.c.naming [Slf4jLogger.java:107] - [BEAT] [] [] send beat to server: \ndiscovery 2018-09-17 20:13:41,924 INFO [com.alibaba.nacos.naming.beat.sender] c.a.n.c.naming [Slf4jLogger.java:99] - [] [] [] Request from server: clientBeat\ndiscovery 2018-09-17 20:13:51,923 INFO [com.alibaba.nacos.naming.beat.sender] c.a.n.c.naming [Slf4jLogger.java:107] - [BEAT] [] [] send beat to server: \ndiscovery 2018-09-17 20:13:51,925 INFO [com.alibaba.nacos.naming.beat.sender] c.a.n.c.naming [Slf4jLogger.java:99] - [] [] [] Request from server: clientBeat\ndiscovery 2018-09-17 20:14:01,923 INFO [com.alibaba.nacos.naming.beat.sender] c.a.n.c.naming [Slf4jLogger.java:107] - [BEAT] [] [] send beat to server: \ndiscovery 2018-09-17 20:14:01,925 INFO [com.alibaba.nacos.naming.beat.sender] c.a.n.c.naming [Slf4jLogger.java:99] - [] [] [] Request from server: clientBeat\ndiscovery 2018-09-17 20:14:01,994 INFO [com.taobao.vipserver.serverlist.updater] c.a.n.c.naming [Slf4jLogger.java:99] - [] [] [] server list provided by user: [localhost:8080]\ndiscovery 2018-09-17 20:14:11,924 INFO [com.alibaba.nacos.naming.beat.sender] c.a.n.c.naming [Slf4jLogger.java:107] - [BEAT] [] [] send beat to server: \ndiscovery 2018-09-17 20:14:11,925 INFO [com.alibaba.nacos.naming.beat.sender] c.a.n.c.naming [Slf4jLogger.java:99] - [] [] [] Request from server: clientBeat\ndiscovery 2018-09-17 20:14:21,923 INFO [com.alibaba.nacos.naming.beat.sender] c.a.n.c.naming [Slf4jLogger.java:107] - [BEAT] [] [] send beat to server: \ndiscovery 2018-09-17 20:14:21,925 INFO [com.alibaba.nacos.naming.beat.sender] c.a.n.c.naming [Slf4jLogger.java:99] - [] [] [] Request from server: clientBeat\ndiscovery 2018-09-17 20:14:31,923 INFO [com.alibaba.nacos.naming.beat.sender] c.a.n.c.naming [Slf4jLogger.java:107] - [BEAT] [] [] send beat to server: \ndiscovery 2018-09-17 20:14:31,924 INFO [com.alibaba.nacos.naming.beat.sender] c.a.n.c.naming [Slf4jLogger.java:99] - [] [] [] Request from server: clientBeat\ndiscovery 2018-09-17 20:14:31,995 INFO [com.taobao.vipserver.serverlist.updater] c.a.n.c.naming [Slf4jLogger.java:99] - [] [] [] server list provided by user: [localhost:8080]\ndiscovery 2018-09-17 20:14:41,923 INFO [com.alibaba.nacos.naming.beat.sender] c.a.n.c.naming [Slf4jLogger.java:107] - [BEAT] [] [] send beat to server: \ndiscovery 2018-09-17 20:14:41,924 INFO [com.alibaba.nacos.naming.beat.sender] c.a.n.c.naming [Slf4jLogger.java:99] - [] [] [] Request from server: clientBeat\ndiscovery 2018-09-17 20:14:51,923 INFO [com.alibaba.nacos.naming.beat.sender] c.a.n.c.naming [Slf4jLogger.java:107] - [BEAT] [] [] send beat to server: \ndiscovery 2018-09-17 20:14:51,924 INFO [com.alibaba.nacos.naming.beat.sender] c.a.n.c.naming [Slf4jLogger.java:99] - [] [] [] Request from server: clientBeat",
    "summary_bilingual_indexes": [],
    "description_bilingual_indexes": []
  },
  "62": {
    "summary": "There is a problem with the retry logic, which may lead to an infinite loop",
    "description": "# Reporting bugs\nIf the execution of the request takes longer than readTimeoutMs and the request always fails, the (System.currentTimeMillis () endTime) condition is always true, resulting in an infinite loop.\n[ServerHttpAgent#httpGet]/alibaba/nacos/blob/797db1b9187b0ce2f58ef3f28e5a131e8e03a3c1/client/src/main/java/com/alibaba/nacos/client/config/impl/ServerHttpAgent.java\n \n// ServerHttpAgent.httpGet\npublic HttpResult httpGet (String path, List String headers, List String paramValues, String encoding,\nlong readTimeoutMs) throws IOException {\nfinal long endTime = System.currentTimeMillis () + readTimeoutMs \n……\ndo {\n……\nHttpResult result = HttpSimpleClient.httpGet (\ngetUrl (serverListMgr.getCurrentServerAddr (), path, isSSL), newHeaders, paramValues, encoding,\nreadTimeoutMs, isSSL) \nif (result.code == HttpURLConnection.HTTP_INTERNAL_ERROR\n result.code == HttpURLConnection.HTTP_BAD_GATEWAY\n result.code == HttpURLConnection.HTTP_UNAVAILABLE) {\nlog.error ( NACOS ConnectException , currentServerAddr:{}. httpCode: ,\nnew Object[] { serverListMgr.getCurrentServerAddr (), result.code }) \n} else {\nreturn result \n}\n} while (System.currentTimeMillis () endTime) \n……\n}\n \nSee Also:\n- ServerHttpAgent.java\n- ServerHttpAgent.java",
    "summary_bilingual_indexes": [],
    "description_bilingual_indexes": []
  },
  "63": {
    "summary": "Fix #62",
    "description": "",
    "summary_bilingual_indexes": [],
    "description_bilingual_indexes": []
  },
  "64": {
    "summary": "Naming push does not work",
    "description": "When the service instance list is changed, the client doesn t receive the push data.",
    "summary_bilingual_indexes": [],
    "description_bilingual_indexes": []
  },
  "65": {
    "summary": "Nacos default port changed from 8080 to 8848",
    "description": "Q: why do we change port \nIn generally speaking, 8080 or 80 reference public web server host (i.e. Nginx, Apache etc...), so 8080 is very easy to conflict with the customer s web application.\nQ: why Nacos choose 8848 as the default port \n First of all, it is very convenient to remember\n Again, 8848 represents the height of the highest peak Mount Everest, Nacos team hope we can create a clearly and great product through our efforts.\n",
    "summary_bilingual_indexes": [],
    "description_bilingual_indexes": [
      4
    ]
  },
  "66": {
    "summary": "Support deregistering the last instance of service",
    "description": "It s more conventional if the last instance can be remove from service. Client will then receive an empty instance list of service.",
    "summary_bilingual_indexes": [],
    "description_bilingual_indexes": []
  },
  "67": {
    "summary": "The configuration module log is changed to config",
    "description": "Why should I modify cfg \nCfg is inconsistent with module name config.\nWhy change to config \nThe configuration module log is changed to config,which is consistent with the module name.\n",
    "summary_bilingual_indexes": [],
    "description_bilingual_indexes": []
  },
  "68": {
    "summary": "Support getting service name from Instance",
    "description": "Provider a method to get service name of an instance inside the class Instance.",
    "summary_bilingual_indexes": [],
    "description_bilingual_indexes": []
  },
  "69": {
    "summary": "nacos startup.sh problem ,spring config properties in application.properties not use",
    "description": "nacos version: 0.2.0\n i run nacos server use command: startup.sh -m standalone \nand i changed application.properties content:\n properties\n# spring\nmanagement.security.enabled=false\nserver.contextPath=/nacos2\nserver.servlet.contextPath=/nacos2\nserver.port=8848\n#db.num=2\n#db.url.0=jdbc:mysql://11.162.196.16:3306/nacos_devtest characterEncoding=utf8 connectTimeout=1000 socketTimeout=3000 autoReconnect=true\n#db.url.1=jdbc:mysql://11.163.152.9:3306/nacos_devtest characterEncoding=utf8 connectTimeout=1000 socketTimeout=3000 autoReconnect=true\n#db.user=nacos_devtest\n#db.password=youdontknow\n \necpect:\nnacos server run on port 8848 and with contextPath nacos2\nactual:\nnacos server run remain on port 8080 and with contextPath nacos\nit seams that it s always use the application.properties file in the nacos-server.jar\n",
    "summary_bilingual_indexes": [],
    "description_bilingual_indexes": []
  },
  "72": {
    "summary": "[ISSUE #69] Fix application cannot use application.properties",
    "description": " What is the purpose of the change\nFix #69\n Brief changelog\nRemove application startup option -cp {classpath} , this option will be igored when use java -jar .\nUse --spring.config.location to introduce external application.properties file.\n Verifying this change\nFollow this checklist to help us incorporate your contribution quickly and easily:\n* [x] Make sure there is a Github issue filed for the change (usually before you start working on it). Trivial changes like typos do not require a Github issue. Your pull request should address just this issue, without pulling in other changes - one PR resolves one issue.\n* [x] Format the pull request title like [ISSUE #123] Fix UnknownException when host config not exist . Each commit in the pull request should have a meaningful subject line and body.\n* [ ] Write a pull request description that is detailed enough to understand what the pull request does, how, and why.\n* [ ] Write necessary unit-test to verify your logic correction, more mock a little better when cross module dependency exist. If the new feature or significant change is committed, please remember to add integration-test in [test test.\n* [ ] Run mvn -B clean apache-rat:check findbugs:findbugs to make sure basic checks pass. Run mvn clean install -DskipITs to make sure unit-test pass. Run mvn clean test-compile failsafe:integration-test to make sure integration-test pass.\n* [ ] If this contribution is large, please file an [Apache Individual Contributor License .\n",
    "summary_bilingual_indexes": [],
    "description_bilingual_indexes": []
  },
  "73": {
    "summary": "Eliminate warnings: Redundant array creation for calling varargs method",
    "description": "",
    "summary_bilingual_indexes": [],
    "description_bilingual_indexes": []
  },
  "78": {
    "summary": "url instances change to list ",
    "description": "The url instances should be replaced by list so that all instance related urls start with instance , which makes the url pattern more consistent.",
    "summary_bilingual_indexes": [],
    "description_bilingual_indexes": []
  },
  "80": {
    "summary": "0.2.1",
    "description": "Please do not create a Pull Request without creating an issue first.\n What is the purpose of the change\npublish 0.2.1 release version\n Brief changelog\n1. Update 0.2.1 and refactor some APIs.\n2. Fix naming client throws exception when the service contains empty instance list.\n3. fix mvn -B clean apache-rat:check findbugs:findbugs -e not work.\n4. client jdk support 1.6 and del unuse file.\n# Verifying this change\nFollow this checklist to help us incorporate your contribution quickly and easily:\n* [-] Make sure there is a Github issue filed for the change (usually before you start working on it). Trivial changes like typos do not require a Github issue. Your pull request should address just this issue, without pulling in other changes - one PR resolves one issue.\n* [-] Format the pull request title like [ISSUE #123] Fix UnknownException when host config not exist . Each commit in the pull request should have a meaningful subject line and body.\n* [-] Write a pull request description that is detailed enough to understand what the pull request does, how, and why.\n* [-] Write necessary unit-test to verify your logic correction, more mock a little better when cross module dependency exist. If the new feature or significant change is committed, please remember to add integration-test in [test test.\n* [-] Run mvn -B clean apache-rat:check findbugs:findbugs to make sure basic checks pass. Run mvn -Prelease-nacos clean install -U to make sure unit-test pass. Run mvn clean package -Pit-test to make sure integration-test pass.\n",
    "summary_bilingual_indexes": [],
    "description_bilingual_indexes": []
  },
  "81": {
    "summary": "0.2.2",
    "description": "Please do not create a Pull Request without creating an issue first.\n What is the purpose of the change\n1. [ISSUE #66] FIx deregister last instance failed error. \n2. [ISSUE #78] Fix url pattern error.\nFollow this checklist to help us incorporate your contribution quickly and easily:\n* [X] Make sure there is a Github issue filed for the change (usually before you start working on it). Trivial changes like typos do not require a Github issue. Your pull request should address just this issue, without pulling in other changes - one PR resolves one issue.\n* [X] Format the pull request title like [ISSUE #123] Fix UnknownException when host config not exist . Each commit in the pull request should have a meaningful subject line and body.\n* [X] Write a pull request description that is detailed enough to understand what the pull request does, how, and why.\n* [X] Write necessary unit-test to verify your logic correction, more mock a little better when cross module dependency exist. If the new feature or significant change is committed, please remember to add integration-test in [test test.\n* [X] Run mvn -B clean apache-rat:check findbugs:findbugs to make sure basic checks pass. Run mvn clean install -DskipITs to make sure unit-test pass. Run mvn clean test-compile failsafe:integration-test to make sure integration-test pass.\n",
    "summary_bilingual_indexes": [],
    "description_bilingual_indexes": []
  },
  "82": {
    "summary": "Duplicate Maven dependencies",
    "description": "There are duplicate dependencies in the pom.xml file of the naming module \nThe duplicate dependencies is \n xml\n dependency \n groupId \n artifactId \n dependency \n ",
    "summary_bilingual_indexes": [],
    "description_bilingual_indexes": []
  },
  "83": {
    "summary": "fix duplicate Maven dependencies (#82)",
    "description": "delete the duplicate maven config\n #82 ",
    "summary_bilingual_indexes": [],
    "description_bilingual_indexes": []
  },
  "85": {
    "summary": "feat: service page",
    "description": "This pr adds a new page, service page. Please note that I formatted the i18ndoc.js code, which may cause conflict.",
    "summary_bilingual_indexes": [],
    "description_bilingual_indexes": []
  },
  "88": {
    "summary": "* fix config pom.xml version",
    "description": "#87 ",
    "summary_bilingual_indexes": [],
    "description_bilingual_indexes": []
  },
  "91": {
    "summary": "Remove unused dependency",
    "description": " \n dependency \n groupId com.taobao.middleware /groupId \n artifactId logger.api /artifactId \n version 0.2.1-SNAPSHOT /version \n /dependency \n ",
    "summary_bilingual_indexes": [],
    "description_bilingual_indexes": []
  },
  "92": {
    "summary": "Eliminate warnings and refactor code",
    "description": "",
    "summary_bilingual_indexes": [],
    "description_bilingual_indexes": []
  },
  "93": {
    "summary": "Fix #92",
    "description": "",
    "summary_bilingual_indexes": [],
    "description_bilingual_indexes": []
  },
  "94": {
    "summary": "[Enhancement] Append key logs into console under development mode",
    "description": "It s a strong requirement to append key logs into console under developer mode that could help developers to trace potential issues.\n The developer mode means current Spring application s profiles includes dev value.",
    "summary_bilingual_indexes": [],
    "description_bilingual_indexes": []
  },
  "95": {
    "summary": "[Enhancement] Add Spring Profiles for environments",
    "description": "Add Spring profiles for environments:\n- Development : dev \n- Test : test \n- Staging : staging \n- Production : prod \n",
    "summary_bilingual_indexes": [],
    "description_bilingual_indexes": []
  },
  "96": {
    "summary": "[Enhancement] Externalize logback s configurations ",
    "description": "Supporting externalized configurations for logback",
    "summary_bilingual_indexes": [],
    "description_bilingual_indexes": []
  },
  "98": {
    "summary": "[Refactor] rename LongPullingService to LongPollingService",
    "description": "",
    "summary_bilingual_indexes": [],
    "description_bilingual_indexes": []
  },
  "101": {
    "summary": "[Reactor] Remove log4j adapter of com.alibaba.nacos.client.logger.Logger",
    "description": "Remove log4j adapter of com.alibaba.nacos.client.logger.Logger",
    "summary_bilingual_indexes": [],
    "description_bilingual_indexes": []
  },
  "102": {
    "summary": "[Refactor] Remove duplicated code",
    "description": "Remove duplicated code if it was present in open-source libs.",
    "summary_bilingual_indexes": [],
    "description_bilingual_indexes": []
  },
  "103": {
    "summary": "[Enhancement] Optimize Maven dependencies",
    "description": "- Optimize dependencies scope\n- Reduce unused dependencies\n- Make dependencies to be minimum",
    "summary_bilingual_indexes": [],
    "description_bilingual_indexes": []
  },
  "104": {
    "summary": "[Refactor] Remove all main methods in classes",
    "description": "Replace main methods to be test cases",
    "summary_bilingual_indexes": [],
    "description_bilingual_indexes": []
  },
  "105": {
    "summary": "[Refactor] Extract System property nacos.standalone to be common",
    "description": "Extract System property nacos.standalone to be common module and reused.",
    "summary_bilingual_indexes": [],
    "description_bilingual_indexes": []
  },
  "106": {
    "summary": "snapshot file create error",
    "description": "In windows os .snapshot file create error ,the reason is foldername or file name include “:” (ip + “ ” +port)",
    "summary_bilingual_indexes": [],
    "description_bilingual_indexes": []
  },
  "108": {
    "summary": "[Enhancement] Reuse banner.txt for Spring Boot",
    "description": "Remove duplicated banner.txt in sub-modules and move one into core module ",
    "summary_bilingual_indexes": [],
    "description_bilingual_indexes": []
  },
  "109": {
    "summary": "[Enhancement] Exclude DataSourceAutoConfiguration using externalized configuration",
    "description": "For now , all bootstrap classes of Spring Boot exclude DataSourceAutoConfiguration in hard-code, e.g : \n java\n (\n scanBasePackages = com.alibaba.nacos.config.server ,\n exclude = {DataSourceAutoConfiguration.class})\npublic class Config {\n public static void main (String[] args) throws UnknownHostException {\n SpringApplication.run (Config.class, args) \n }\n}\n \nThese code is not a good practice, and it d better to use externalized configuration.",
    "summary_bilingual_indexes": [],
    "description_bilingual_indexes": []
  },
  "110": {
    "summary": "[Enhancement] Unify common properties into core module",
    "description": "It d better to unify common properties into core module, like server.port=8848 , rather than split them into different sub-modules.",
    "summary_bilingual_indexes": [],
    "description_bilingual_indexes": []
  },
  "111": {
    "summary": "[Enhancement] Use placeholder in to replace context-path ",
    "description": "To use placeholder and default value in ",
    "summary_bilingual_indexes": [],
    "description_bilingual_indexes": []
  },
  "113": {
    "summary": "[ISSUE #89] Change deprecated apache ObjectUtils equals to java.util Objects equals in PeerSet",
    "description": "#89 ",
    "summary_bilingual_indexes": [],
    "description_bilingual_indexes": []
  },
  "114": {
    "summary": "fixed designed",
    "description": "Please do not create a Pull Request without creating an issue first.\n What is the purpose of the change\nI fixed a typo in README.md\n Brief changelog\nI only fixed a typo.\n",
    "summary_bilingual_indexes": [],
    "description_bilingual_indexes": []
  },
  "115": {
    "summary": "0.2.2",
    "description": "- [Refactor] rename LongPullingService to LongPollingService #98 \n- [Refactor] Remove all main methods in classes #104\n- [Reactor] Remove log4j adapter of com.alibaba.nacos.client.logger.Logger #101\n- [Reactor] Remove log4j 1.x support #100\n- [Refactor] Remove duplicated code #102\n- [Refactor] Extract System property nacos.standalone to be common #105\n- [Enhancement] Reuse banner.txt for Spring Boot #108\n- [Enhancement] Exclude DataSourceAutoConfiguration using externalized configuration #109\n- [Enhancement] Unify common properties into core module #110\n- [Enhancement] Externalize logback s configurations #96\n- [Enhancement] Append key logs into console under development mode #94\n- [Enhancement] Optimize Maven dependencies #103\n- [Enhancement] Use placeholder in to replace context-path #111",
    "summary_bilingual_indexes": [],
    "description_bilingual_indexes": []
  },
  "117": {
    "summary": "[ISSUE #116]remove useless import",
    "description": "Please do not create a Pull Request without creating an issue first.\n What is the purpose of the change\nremove useless import\n Brief changelog\n- remove import java.io.File from Loggers.java \n- remove import java.util.Arrays and import java.util.List from ServerStatusSynchronizer.java \n Verifying this change\nFollow this checklist to help us incorporate your contribution quickly and easily:\n* [x] Make sure there is a Github issue filed for the change (usually before you start working on it). Trivial changes like typos do not require a Github issue. Your pull request should address just this issue, without pulling in other changes - one PR resolves one issue.\n* [x] Format the pull request title like [ISSUE #123] Fix UnknownException when host config not exist . Each commit in the pull request should have a meaningful subject line and body.\n* [x] Write a pull request description that is detailed enough to understand what the pull request does, how, and why.\n* [ ] Write necessary unit-test to verify your logic correction, more mock a little better when cross module dependency exist. If the new feature or significant change is committed, please remember to add integration-test in [test test.\n* [ ] Run mvn -B clean apache-rat:check findbugs:findbugs to make sure basic checks pass. Run mvn clean install -DskipITs to make sure unit-test pass. Run mvn clean test-compile failsafe:integration-test to make sure integration-test pass.\n",
    "summary_bilingual_indexes": [],
    "description_bilingual_indexes": []
  },
  "118": {
    "summary": "add open api testcases",
    "description": "Please do not create a Pull Request without creating an issue first.\n What is the purpose of the change\n1. add open api testcases\n Brief changelog\n1. add open api testcases\n Verifying this change\nadd testcase\nFollow this checklist to help us incorporate your contribution quickly and easily:\n* [ ] Make sure there is a Github issue filed for the change (usually before you start working on it). Trivial changes like typos do not require a Github issue. Your pull request should address just this issue, without pulling in other changes - one PR resolves one issue.\n* [ ] Format the pull request title like [ISSUE #123] Fix UnknownException when host config not exist . Each commit in the pull request should have a meaningful subject line and body.\n* [ ] Write a pull request description that is detailed enough to understand what the pull request does, how, and why.\n* [ ] Write necessary unit-test to verify your logic correction, more mock a little better when cross module dependency exist. If the new feature or significant change is committed, please remember to add integration-test in [test test.\n* [ ] Run mvn -B clean apache-rat:check findbugs:findbugs to make sure basic checks pass. Run mvn clean install -DskipITs to make sure unit-test pass. Run mvn clean test-compile failsafe:integration-test to make sure integration-test pass.\n",
    "summary_bilingual_indexes": [],
    "description_bilingual_indexes": []
  },
  "119": {
    "summary": "Method may fail to clean up Statement resource on exception",
    "description": "",
    "summary_bilingual_indexes": [],
    "description_bilingual_indexes": []
  },
  "120": {
    "summary": "Fix #119",
    "description": "",
    "summary_bilingual_indexes": [],
    "description_bilingual_indexes": []
  },
  "121": {
    "summary": "Naming client get instances method hanging",
    "description": "After all instances of a service are deregistered, invoking of the getAllInstance method hangs for 5 seconds.",
    "summary_bilingual_indexes": [],
    "description_bilingual_indexes": []
  },
  "124": {
    "summary": "0.2.2",
    "description": "0.2.2 merge to master\n",
    "summary_bilingual_indexes": [],
    "description_bilingual_indexes": []
  },
  "125": {
    "summary": "Polish to resolve compilation issue",
    "description": "",
    "summary_bilingual_indexes": [],
    "description_bilingual_indexes": []
  },
  "127": {
    "summary": "Fix potential NPE",
    "description": "\n What is the purpose of the change\nThere is a try catch block in getServerListFromEndpoint method, it ll return null if any exception happens , which will raise a unexpected NPE\n Brief changelog\nUsing CollectionUtils.isEmpty to check if server list is null or empty\n",
    "summary_bilingual_indexes": [],
    "description_bilingual_indexes": []
  },
  "128": {
    "summary": "Console bugs",
    "description": "# Reporting bugs\n- Build warn info\n [image]/17695352/47057584-f3a90a80-d1f3-11e8-8fab-c9375a9c3c50.png\n- Demo box is blank, when change the tab\n [image]/17695352/47057589-f73c9180-d1f3-11e8-890a-a0379849da38.png\n- Tag edit box exception\n [image]/17695352/47057594-fefc3600-d1f3-11e8-8496-b099268b41d9.png\n- History Detail Info show wrong\n [image]/17695352/47057599-058aad80-d1f4-11e8-86a4-5e5f1eea5ee5.png\n [image]/17695352/47057604-0a4f6180-d1f4-11e8-87d7-6749f7c38660.png\n- English display in Chinese\n [image]/17695352/47057625-1e935e80-d1f4-11e8-9b7c-7572efdeac07.png\n- search config md5 by ip is wrong\n [image]/17695352/47057960-8bf3bf00-d1f5-11e8-8b06-dbaf7373be0d.png\n",
    "summary_bilingual_indexes": [],
    "description_bilingual_indexes": []
  },
  "129": {
    "summary": "Fixed test cases",
    "description": "As title.",
    "summary_bilingual_indexes": [],
    "description_bilingual_indexes": []
  },
  "130": {
    "summary": "Nacos fails to start when the cpu core is less than 2",
    "description": "Nacos fails to start when the cpu core is less than 2，Exception appear when start \n java\njava.lang.ExceptionInInitializerError: null\n at com.alibaba.nacos.naming.healthcheck.AbstractHealthCheckProcessor. clinit (AbstractHealthCheckProcessor.java:148)\n at com.alibaba.nacos.naming.healthcheck.HealthCheckTask.run (HealthCheckTask.java:61)\n at java.util.concurrent.Executors RunnableAdapter.call (Executors.java:511)\n at java.util.concurrent.FutureTask.run (FutureTask.java:266)\n at java.util.concurrent.ScheduledThreadPoolExecutor ScheduledFutureTask.access 201 (ScheduledThreadPoolExecutor.java:180)\n at java.util.concurrent.ScheduledThreadPoolExecutor ScheduledFutureTask.run (ScheduledThreadPoolExecutor.java:293)\n at java.util.concurrent.ThreadPoolExecutor.runWorker (ThreadPoolExecutor.java:1142)\n at java.util.concurrent.ThreadPoolExecutor Worker.run (ThreadPoolExecutor.java:617)\n at java.lang.Thread.run (Thread.java:756)\nCaused by: java.lang.IllegalArgumentException: null\n at java.util.concurrent.ThreadPoolExecutor. init (ThreadPoolExecutor.java:1307)\n at java.util.concurrent.ThreadPoolExecutor. init (ThreadPoolExecutor.java:1230)\n at java.util.concurrent.Executors.newFixedThreadPool (Executors.java:151)\n at com.alibaba.nacos.naming.healthcheck.MysqlHealthCheckProcessor. clinit (MysqlHealthCheckProcessor.java:52)\n ... 9 common frames omitted\n \nReason \n java\n private static final ScheduledExecutorService EXECUTOR = Executors\n .newScheduledThreadPool (Runtime.getRuntime ().availableProcessors () 2, new ThreadFactory () {\n \n public Thread newThread (Runnable r) {\n Thread thread = new Thread (r) \n thread.setDaemon (true) \n thread.setName ( com.alibaba.nacos.naming.health ) \n return thread \n }\n }) \n \nRuntime.getRuntime ().availableProcessors () 2 value is 0, when invoker ThreadPoolExecutor (),\nthrow new IllegalArgumentException () \n java\n public ThreadPoolExecutor (int corePoolSize,\n int maximumPoolSize,\n long keepAliveTime,\n TimeUnit unit,\n BlockingQueue Runnable workQueue,\n ThreadFactory threadFactory,\n RejectedExecutionHandler handler) {\n if (corePoolSize 0 \n maximumPoolSize = 0 \n maximumPoolSize corePoolSize \n keepAliveTime 0)\n throw new IllegalArgumentException () \n if (workQueue == null threadFactory == null handler == null)\n throw new NullPointerException () \n this.corePoolSize = corePoolSize \n this.maximumPoolSize = maximumPoolSize \n this.workQueue = workQueue \n this.keepAliveTime = unit.toNanos (keepAliveTime) \n this.threadFactory = threadFactory \n this.handler = handler \n }\n \n",
    "summary_bilingual_indexes": [],
    "description_bilingual_indexes": []
  },
  "134": {
    "summary": "0.3.0",
    "description": "Update logging levels under standalone mode.",
    "summary_bilingual_indexes": [],
    "description_bilingual_indexes": []
  },
  "135": {
    "summary": "Add Default properties",
    "description": " server.servlet.contextPath=/nacos ",
    "summary_bilingual_indexes": [],
    "description_bilingual_indexes": []
  },
  "136": {
    "summary": "Fixed test cases",
    "description": "As title",
    "summary_bilingual_indexes": [],
    "description_bilingual_indexes": []
  },
  "137": {
    "summary": "update pom.xml for release client jar",
    "description": "",
    "summary_bilingual_indexes": [],
    "description_bilingual_indexes": []
  },
  "139": {
    "summary": "Still get instances whose weights are zero",
    "description": "As described in title.",
    "summary_bilingual_indexes": [],
    "description_bilingual_indexes": []
  },
  "140": {
    "summary": "0.3.0",
    "description": "Please do not create a Pull Request without creating an issue first.\n What is the purpose of the change\n* 0.3.0-rc1 release\n Brief changelog\n1. [ISSUE #33 ] Support console for config management.\n2. [ISSUE #51 ] Support console for naming service.\n3. [ISSUE #121 ] Fix get instance method hanging bug.\n4. [ISSUE #138 ] Add a flag to indicate if instance is offline.\n5. [ISSUE #130 ] Fix health check disabled if machine has one CPU core bug.\n6. [ISSUE #139 ] Fix still get instance with zero weight bug.\n7. [ISSUE #128 ] Fix console layout bug.\n Verifying this change\nFollow this checklist to help us incorporate your contribution quickly and easily:\n* [x] Make sure there is a Github issue filed for the change (usually before you start working on it). Trivial changes like typos do not require a Github issue. Your pull request should address just this issue, without pulling in other changes - one PR resolves one issue.\n* [x] Format the pull request title like [ISSUE #123] Fix UnknownException when host config not exist . Each commit in the pull request should have a meaningful subject line and body.\n* [x] Write a pull request description that is detailed enough to understand what the pull request does, how, and why.\n* [x] Write necessary unit-test to verify your logic correction, more mock a little better when cross module dependency exist. If the new feature or significant change is committed, please remember to add integration-test in [test test.\n* [x] Run mvn -B clean apache-rat:check findbugs:findbugs to make sure basic checks pass. Run mvn clean install -DskipITs to make sure unit-test pass. Run mvn clean test-compile failsafe:integration-test to make sure integration-test pass.\n",
    "summary_bilingual_indexes": [],
    "description_bilingual_indexes": []
  },
  "142": {
    "summary": "Suggestions on the Optimization of Enhancement for Nacos console Interface",
    "description": "1. When adding and modifying configuration, Group is required. Remove Group and do not put it in \"more advanced options\".\n Please move Group item out of Advanced Options \ntwo。 Strict permission mechanism is added in the service details, and metadata cannot be modified without authorization.\n Please add a permisson control for meta data modification in Service Details ",
    "summary_bilingual_indexes": [
      0
    ],
    "description_bilingual_indexes": [
      0,
      2
    ]
  },
  "145": {
    "summary": "Unable to find log class by running example report: org.apache.logging.log4j.core.Logger",
    "description": "I tried to run configexample under example using the current version and got the following error\nTue Oct 23 19:22:54 CST 2018 sun.misc.Launcher AppClassLoader JM.Log:WARN Init JM logger with NopLoggerFactory, pay attention. sun.misc.Launcher AppClassLoader \njava.lang.ClassNotFoundException: org.apache.logging.log4j.core.Logger\nat java.net.URLClassLoader.findClass (URLClassLoader.java:382)\nat java.lang.ClassLoader.loadClass (ClassLoader.java:424)\nat sun.misc.Launcher AppClassLoader.loadClass (Launcher.java:349)\nat java.lang.ClassLoader.loadClass (ClassLoader.java:357)\nat java.lang.Class.forName0 (Native Method)\nat java.lang.Class.forName (Class.java:264)\nat com.alibaba.nacos.client.logger.log4j2.Log4j2LoggerFactory. init (Log4j2LoggerFactory.java:33)\nat com.alibaba.nacos.client.logger.LoggerFactory. clinit (LoggerFactory.java:59)\nat com.alibaba.nacos.client.config.utils.LogUtils. clinit (LogUtils.java:50)\nat com.alibaba.nacos.client.config.NacosConfigService. clinit (NacosConfigService.java:53)\nat java.lang.Class.forName0 (Native Method)\nat java.lang.Class.forName (Class.java:264)\nat com.alibaba.nacos.api.config.ConfigFactory.createConfigService (ConfigFactory.java:43)\nat com.alibaba.nacos.api.NacosFactory.createConfigService (NacosFactory.java:44)\nat com.alibaba.nacos.example.ConfigExample.main (ConfigExample.java:40)\nIt seems to have something to do with dependence.",
    "summary_bilingual_indexes": [
      0
    ],
    "description_bilingual_indexes": [
      0,
      18
    ]
  },
  "149": {
    "summary": "Naming client send beat to server failed",
    "description": "If registered an instance with default cluster and enabled client side beat, client beat is not properly processed on server.\nThe phenomenon is that the instance is set to unhealthy even though the beat is successfully sent to server.",
    "summary_bilingual_indexes": [],
    "description_bilingual_indexes": []
  },
  "150": {
    "summary": "New service registration hangs for 5 seconds",
    "description": "As described in title.",
    "summary_bilingual_indexes": [],
    "description_bilingual_indexes": []
  },
  "151": {
    "summary": "Hotfix clientbeat failed",
    "description": "Please do not create a Pull Request without creating an issue first.\n What is the purpose of the change\nFix naming service bugs.\n Brief changelog\n1. [ISSUE #149 ] Fix naming client beat process failed bug.\n2. [ISSUE #150 ] Fix naming service registration hangs bug.\n Verifying this change\nFollow this checklist to help us incorporate your contribution quickly and easily:\n* [x] Make sure there is a Github issue filed for the change (usually before you start working on it). Trivial changes like typos do not require a Github issue. Your pull request should address just this issue, without pulling in other changes - one PR resolves one issue.\n* [x] Format the pull request title like [ISSUE #123] Fix UnknownException when host config not exist . Each commit in the pull request should have a meaningful subject line and body.\n* [x] Write a pull request description that is detailed enough to understand what the pull request does, how, and why.\n* [x] Write necessary unit-test to verify your logic correction, more mock a little better when cross module dependency exist. If the new feature or significant change is committed, please remember to add integration-test in [test test.\n* [x] Run mvn -B clean apache-rat:check findbugs:findbugs to make sure basic checks pass. Run mvn clean install -DskipITs to make sure unit-test pass. Run mvn clean test-compile failsafe:integration-test to make sure integration-test pass.\n",
    "summary_bilingual_indexes": [],
    "description_bilingual_indexes": []
  },
  "152": {
    "summary": "fixes #92",
    "description": "",
    "summary_bilingual_indexes": [],
    "description_bilingual_indexes": []
  },
  "155": {
    "summary": "Nacos console alicdn issu",
    "description": "Css and js of alicdn are used in the nacos console index.html. In the private network environment, these resources cannot be accessed, so it is recommended to change them to local resources.",
    "summary_bilingual_indexes": [
      0
    ],
    "description_bilingual_indexes": [
      0
    ]
  },
  "156": {
    "summary": "Web UI 404 problem",
    "description": "I found a lot 404 request,but not use\nu should remove useless resource",
    "summary_bilingual_indexes": [],
    "description_bilingual_indexes": []
  },
  "158": {
    "summary": "Add more information in README.md to reflect the echosystem, fix [ISSUE #157],",
    "description": "This is to fix [ISSUE #157], Add more information in README.md to reflect the echosystem",
    "summary_bilingual_indexes": [],
    "description_bilingual_indexes": []
  },
  "166": {
    "summary": "beautify refine README.MD",
    "description": " Description \nBeautify typesetting for README.MD\n HOW TO DO \n TODO ",
    "summary_bilingual_indexes": [],
    "description_bilingual_indexes": []
  },
  "168": {
    "summary": "3. In the list of services, if the number of health instances is 0, it is recommended to highlight the color in the offline state.",
    "description": "_Originally posted by in 142",
    "summary_bilingual_indexes": [
      0
    ],
    "description_bilingual_indexes": []
  },
  "171": {
    "summary": "UI debug has some errors",
    "description": "debugger found some errors,please fix it\n [image]/17695352/47560131-fcaf7f80-d949-11e8-9692-47971487fc60.png\n",
    "summary_bilingual_indexes": [],
    "description_bilingual_indexes": []
  },
  "176": {
    "summary": "Naming client query instance method should bypass local cache at client start.",
    "description": "Is your feature request related to a problem Please describe.\nWhen querying instances at naming client start, it always returns local cache result.\nDescribe the solution you d like\nShould query server directly at client start.\n",
    "summary_bilingual_indexes": [],
    "description_bilingual_indexes": []
  },
  "177": {
    "summary": "Console supports registering new empty service and delete empty service",
    "description": "It s possible to create an empty service before any of the instances is registered, so service properties can be saved without instances.\nThis feature is quite different from Eureka or Consul but useful since Nacos introduces service level properties which should not be eliminated even after all instances under serivce are deregistered. ",
    "summary_bilingual_indexes": [],
    "description_bilingual_indexes": []
  },
  "178": {
    "summary": "0.3.0",
    "description": "Fix UI bugs\n#171 UI debug errors\n#156 Web UI 404 problem\n#155 use local resource\n#145 nacos-example not found :org.apache.logging.log4j.core.Logger\n#142 show Group",
    "summary_bilingual_indexes": [],
    "description_bilingual_indexes": []
  },
  "179": {
    "summary": "Listening query fail when namespace is not blank",
    "description": "# Reporting bugs\nListening query fail when namespace is not blank\nquery param lost namespace param\n [image]/17695352/47573261-79088980-d96f-11e8-8a73-c29c00244e95.png\n",
    "summary_bilingual_indexes": [],
    "description_bilingual_indexes": []
  },
  "181": {
    "summary": "NPE when adding a instance if no leader in the raft cluster ",
    "description": "Version\n0.3.0-RC1\nDescription\nJust as the title says\nHow to replay\nBuild a cluster with 3 node， and kill two of them， finally call the api PUT instance , the\nserver will return as follow\n \n{\n timestamp : 2018-10-29T06:48:16.283+0000 ,\n status : 500,\n error : Internal Server Error ,\n message : No message available ,\n path : instance \n}\n \nError message\n1. Error code\n \nLoggers.RAFT.info ( [IS LEADER] leader: + leader.ip + , ip: + ip) \n \n1. Error stack\n \njava.lang.NullPointerException: null\n at com.alibaba.nacos.naming.raft.PeerSet.isLeader (PeerSet.java:90)\n at com.alibaba.nacos.naming.raft.RaftCore.isLeader (RaftCore.java:897)\n at com.alibaba.nacos.naming.raft.RaftCore.signalPublish (RaftCore.java:186)\n at com.alibaba.nacos.naming.core.DomainsManager.easyAddOrReplaceDom (DomainsManager.java:282)\n at com.alibaba.nacos.naming.web.ApiCommands.addOrReplaceDom (ApiCommands.java:452)\n at com.alibaba.nacos.naming.web.ApiCommands.regDom (ApiCommands.java:266)\n at com.alibaba.nacos.naming.web.ApiCommands.regService (ApiCommands.java:544)\n at com.alibaba.nacos.naming.controllers.InstanceController.register (InstanceController.java:110)\n at sun.reflect.NativeMethodAccessorImpl.invoke0 (Native Method)\n at sun.reflect.NativeMethodAccessorImpl.invoke (NativeMethodAccessorImpl.java:62)\n at sun.reflect.DelegatingMethodAccessorImpl.invoke (DelegatingMethodAccessorImpl.java:43)\n at java.lang.reflect.Method.invoke (Method.java:498)\n at org.springframework.web.method.support.InvocableHandlerMethod.doInvoke (InvocableHandlerMethod.java:209)\n at org.springframework.web.method.support.InvocableHandlerMethod.invokeForRequest (InvocableHandlerMethod.java:136)\n at org.springframework.web.servlet.mvc.method.annotation.ServletInvocableHandlerMethod.invokeAndHandle (ServletInvocableHandlerMethod.java:102)\n at org.springframework.web.servlet.mvc.method.annotation.RequestMappingHandlerAdapter.invokeHandlerMethod (RequestMappingHandlerAdapter.java:891)\n at org.springframework.web.servlet.mvc.method.annotation.RequestMappingHandlerAdapter.handleInternal (RequestMappingHandlerAdapter.java:797)\n at org.springframework.web.servlet.mvc.method.AbstractHandlerMethodAdapter.handle (AbstractHandlerMethodAdapter.java:87)\n at org.springframework.web.servlet.DispatcherServlet.doDispatch (DispatcherServlet.java:991)\n at org.springframework.web.servlet.DispatcherServlet.doService (DispatcherServlet.java:925)\n at org.springframework.web.servlet.FrameworkServlet.processRequest (FrameworkServlet.java:974)\n at org.springframework.web.servlet.FrameworkServlet.doPut (FrameworkServlet.java:888)\n at javax.servlet.http.HttpServlet.service (HttpServlet.java:664)\n at org.springframework.web.servlet.FrameworkServlet.service (FrameworkServlet.java:851)\n \nSuggestion\nAdding a method to check the leader is null or not instead of using leader object directly and we can throw a nice nacos exception to user when there is no leader now \n ",
    "summary_bilingual_indexes": [],
    "description_bilingual_indexes": []
  },
  "183": {
    "summary": "modulize the global params of fe",
    "description": "* remove window.aliwareIntl , window.getParams , window.setParams , window.hashHistory \n* change to import aliwareIntl , getParams , setParams from globalLib.js \n* change window.hashHistory to this.props.history \n",
    "summary_bilingual_indexes": [],
    "description_bilingual_indexes": []
  },
  "184": {
    "summary": "Fix #150",
    "description": "Please do not create a Pull Request without creating an issue first.\n What is the purpose of the change\nFix bug\n Brief changelog\n1. [ISSUE #50 ] Fix naming service registration hangs bug.\n Verifying this change\nFollow this checklist to help us incorporate your contribution quickly and easily:\n* [x] Make sure there is a Github issue filed for the change (usually before you start working on it). Trivial changes like typos do not require a Github issue. Your pull request should address just this issue, without pulling in other changes - one PR resolves one issue.\n* [x] Format the pull request title like [ISSUE #123] Fix UnknownException when host config not exist . Each commit in the pull request should have a meaningful subject line and body.\n* [x] Write a pull request description that is detailed enough to understand what the pull request does, how, and why.\n* [x] Write necessary unit-test to verify your logic correction, more mock a little better when cross module dependency exist. If the new feature or significant change is committed, please remember to add integration-test in [test test.\n* [x] Run mvn -B clean apache-rat:check findbugs:findbugs to make sure basic checks pass. Run mvn clean install -DskipITs to make sure unit-test pass. Run mvn clean test-compile failsafe:integration-test to make sure integration-test pass.\n",
    "summary_bilingual_indexes": [],
    "description_bilingual_indexes": []
  },
  "188": {
    "summary": "Console delete data cannot be updated in time",
    "description": "Console delete data cannot be updated in time\nRecommended to delete synchronously",
    "summary_bilingual_indexes": [],
    "description_bilingual_indexes": []
  },
  "190": {
    "summary": "Client beat lose weight info and metadata info",
    "description": "Client beat of naming client reports health status of current instance and will register new instance if current instance not registered. But metadata and weight info are lost during this registration.",
    "summary_bilingual_indexes": [],
    "description_bilingual_indexes": []
  },
  "192": {
    "summary": "Fix #190",
    "description": "Please do not create a Pull Request without creating an issue first.\n What is the purpose of the change\nFix bug\n Brief changelog\n1. [ISSUE #190 ] Fix client beat lack metadata bug.\n Verifying this change\nFollow this checklist to help us incorporate your contribution quickly and easily:\n* [x] Make sure there is a Github issue filed for the change (usually before you start working on it). Trivial changes like typos do not require a Github issue. Your pull request should address just this issue, without pulling in other changes - one PR resolves one issue.\n* [x] Format the pull request title like [ISSUE #123] Fix UnknownException when host config not exist . Each commit in the pull request should have a meaningful subject line and body.\n* [x] Write a pull request description that is detailed enough to understand what the pull request does, how, and why.\n* [x] Write necessary unit-test to verify your logic correction, more mock a little better when cross module dependency exist. If the new feature or significant change is committed, please remember to add integration-test in [test test.\n* [x] Run mvn -B clean apache-rat:check findbugs:findbugs to make sure basic checks pass. Run mvn clean install -DskipITs to make sure unit-test pass. Run mvn clean test-compile failsafe:integration-test to make sure integration-test pass.\n",
    "summary_bilingual_indexes": [],
    "description_bilingual_indexes": []
  },
  "194": {
    "summary": "Fix #38 #106 #188",
    "description": "Fix bug\n Brief changelog\n- [ISSUE #38 ] The interface of ConfigService should not have the public modifier\n- [ISSUE #106 ] Snapshot file cannot contain : in windows\n- [ISSUE #188 ] Console delete data cannot be updated in time\n",
    "summary_bilingual_indexes": [],
    "description_bilingual_indexes": []
  },
  "196": {
    "summary": "Add more details when starting the Nacos server",
    "description": "log file: start.log\n- Version\n- Startup information\n- Console URL\n- ……",
    "summary_bilingual_indexes": [],
    "description_bilingual_indexes": []
  },
  "197": {
    "summary": "Service update ignored some properties",
    "description": "enableClientBeat and metadata are ignored when updating service info.",
    "summary_bilingual_indexes": [],
    "description_bilingual_indexes": []
  },
  "198": {
    "summary": "Fix #197",
    "description": "Please do not create a Pull Request without creating an issue first.\n What is the purpose of the change\nFix bug\n Brief changelog\n1. [ISSUE #197 ] Fix update service ignoring metadata bug.\n Verifying this change\nFollow this checklist to help us incorporate your contribution quickly and easily:\n* [x] Make sure there is a Github issue filed for the change (usually before you start working on it). Trivial changes like typos do not require a Github issue. Your pull request should address just this issue, without pulling in other changes - one PR resolves one issue.\n* [x] Format the pull request title like [ISSUE #123] Fix UnknownException when host config not exist . Each commit in the pull request should have a meaningful subject line and body.\n* [x] Write a pull request description that is detailed enough to understand what the pull request does, how, and why.\n* [x] Write necessary unit-test to verify your logic correction, more mock a little better when cross module dependency exist. If the new feature or significant change is committed, please remember to add integration-test in [test test.\n* [x] Run mvn -B clean apache-rat:check findbugs:findbugs to make sure basic checks pass. Run mvn clean install -DskipITs to make sure unit-test pass. Run mvn clean test-compile failsafe:integration-test to make sure integration-test pass.\n",
    "summary_bilingual_indexes": [],
    "description_bilingual_indexes": []
  },
  "200": {
    "summary": "Config UT unstable",
    "description": "Is your feature request related to a problem Please describe.\nConfig UT unstable，sometimes ut is fail, so spend a lot time to run it again\nDescribe the solution you d like\nFind the unstable resion,and slove it completely\nFor example:\nnacos_publishConfig_2 \nExpect test.abc\nActual test-beta",
    "summary_bilingual_indexes": [],
    "description_bilingual_indexes": []
  },
  "201": {
    "summary": "Fix #200",
    "description": "Please do not create a Pull Request without creating an issue first.\n What is the purpose of the change\nFix Config UT unstable problem.\n Brief changelog\nFix #200 Config UT unstable problem.\n",
    "summary_bilingual_indexes": [],
    "description_bilingual_indexes": []
  },
  "209": {
    "summary": "Disable service and cluster level customization in client registerInstance method",
    "description": "We consider to close the feature of setting service level and cluster level properties in register instance method. This doesn t mean service edition is disabled in client, it s just removed from register instance method. \nWe consider turning off the ability to edit the custom configuration of services and clusters when the client registers the instance. However, this does not mean that the client cannot create the service, we will consider a separate interface to provide the creation and editing of the service.\nThe consideration is that service is relative static resource and we don t suggest client registration of service. Service should be created and updated on Nacos console and this feature will be released in the coming version (refer to #177 ).\nWe believe that services are relatively static resources and do not change frequently, so services should not be edited on the client side, but should be operated on the console. The ability to create and delete services on the console will be released in the next release. See # 177.",
    "summary_bilingual_indexes": [],
    "description_bilingual_indexes": [
      1,
      3
    ]
  },
  "210": {
    "summary": "The quick start with spring cloud link on github home page goes to the wrong address",
    "description": "Hi,\nThe quick start with spring cloud link on github home page is wrong. I follow the link, and than the page tells me that IN PLAN with Nacos 0.2.0 . The href address need to be modified.\n",
    "summary_bilingual_indexes": [],
    "description_bilingual_indexes": []
  },
  "211": {
    "summary": "#177 Finish EF",
    "description": "FE development #177 \n",
    "summary_bilingual_indexes": [],
    "description_bilingual_indexes": []
  },
  "212": {
    "summary": "Fixes #92",
    "description": "",
    "summary_bilingual_indexes": [],
    "description_bilingual_indexes": []
  },
  "213": {
    "summary": "Fixes #193",
    "description": "Fixes #193 and Fixes #185 ",
    "summary_bilingual_indexes": [],
    "description_bilingual_indexes": []
  },
  "216": {
    "summary": "Fix tenant dir problem",
    "description": "data is wrong,should be \n [image]/17695352/47984372-67fb0d80-e111-11e8-992a-49276659e617.png\n",
    "summary_bilingual_indexes": [],
    "description_bilingual_indexes": []
  },
  "217": {
    "summary": "Fix #216",
    "description": "Please do not create a Pull Request without creating an issue first.\n What is the purpose of the change\nChange beta dir from data to , remove blank char.\n Brief changelog\nFix #216 \n",
    "summary_bilingual_indexes": [],
    "description_bilingual_indexes": []
  },
  "218": {
    "summary": "Fix a bug in PR #211",
    "description": "Fix a bug in PR #211，Delete refresh table",
    "summary_bilingual_indexes": [],
    "description_bilingual_indexes": []
  },
  "220": {
    "summary": "PUT instance should use param key useIPPort4Check instead of userIPPort4Check ",
    "description": "Fix #219\nPUT instance should use param key useIPPort4Check instead of userIPPort4Check \n What is the purpose of the change\nFix the bug when call PUT instance ， it will not become effective if chage the value of “userIPPort4Check“ in the Cluster\n",
    "summary_bilingual_indexes": [],
    "description_bilingual_indexes": []
  },
  "221": {
    "summary": "Release 0.4.0",
    "description": "Please do not create a Pull Request without creating an issue first.\n What is the purpose of the change\nRelease 0.4.0\n Brief changelog\n- Fix tenant dir problem\n- Service update ignored some properties\n- Client beat lose weight info and metadata info\n- Console delete data cannot be updated in time\n- Listening query fail when namespace is not blank\n- Lack information in readme.md to describe the related project repositories for Nacos echosystem\n- There have a error and something are not clear\n- Snapshot file create error\n- Eliminate warnings and refactor code\n- Show start.log detail\n",
    "summary_bilingual_indexes": [],
    "description_bilingual_indexes": []
  },
  "222": {
    "summary": "print more nacos server start status info in start.log",
    "description": "Description \nwe need to print more nacos server starting status info in start.log **\nWhy To Do This\nuser or administrator of Nacos have to know if the nacos server are all start and running healthy and happy as expect. \nHow TO DO\nby checking the start log, for example:\n- current nacos server version\n- current start mode (standalone or cluster mode)\n- print all of the JVM -D properties so that they can check if all of the JVM options are setting correctly\n- the ip and port channel of the current server listening on i.e. 192.168.1.50:8848)\n- some of the famous directory path info， for example “where is log dir where is the dir \n- cluster mode s peer server s ip list\n- A overview start health info to tell if all of nacos server are running happy as expect\nAn Example\n2018-11-6 11:24:07 CST Notice LoggingService current nacos server version: 0.3.0-buid\n2018-11-6 11:24:07 CST Notice LoggingService The log file of Nacos will be rotated\n2018-11-6 11:24:07 CST Notice NacosServer NacosServer is now listening on 192.10.8.242 CST Notice NacosServer NacosServer is now listening on 4007 for protocols http.\n2018-11-6 11:24:07 CST Notice NacosServer NacosServer running in Standalone Mode\n2018-11-6 11:24:07 CST Notice NacosServer Server started in RUNNING mode\n ... \n",
    "summary_bilingual_indexes": [],
    "description_bilingual_indexes": [
      14,
      15,
      16,
      17,
      18
    ]
  },
  "226": {
    "summary": "fix: fe rollback, service list",
    "description": "FE rollback, service list, remove new and delete buttons",
    "summary_bilingual_indexes": [],
    "description_bilingual_indexes": []
  },
  "228": {
    "summary": "FE rollback, service list",
    "description": "FE rollback, service list, remove new and delete buttons",
    "summary_bilingual_indexes": [],
    "description_bilingual_indexes": []
  },
  "238": {
    "summary": "Enrich the content of CONTRIBUTING",
    "description": "#166 \n What is the purpose of the change\nEnrich the content of CONTRIBUTING\n Brief changelog\nREADME.MD\nCONTRIBUTING.MD\nCODE_OF_CONDUCT.md\n Verifying this change\nFollow this checklist to help us incorporate your contribution quickly and easily:\n* [x] Make sure there is a Github issue filed for the change (usually before you start working on it). Trivial changes like typos do not require a Github issue. Your pull request should address just this issue, without pulling in other changes - one PR resolves one issue.\n* [x] Format the pull request title like [ISSUE #123] Fix UnknownException when host config not exist . Each commit in the pull request should have a meaningful subject line and body.\n* [x] Write a pull request description that is detailed enough to understand what the pull request does, how, and why.\n* [x] Write necessary unit-test to verify your logic correction, more mock a little better when cross module dependency exist. If the new feature or significant change is committed, please remember to add integration-test in [test test.\n* [x] Run mvn -B clean apache-rat:check findbugs:findbugs to make sure basic checks pass. Run mvn clean install -DskipITs to make sure unit-test pass. Run mvn clean test-compile failsafe:integration-test to make sure integration-test pass.\n",
    "summary_bilingual_indexes": [],
    "description_bilingual_indexes": []
  },
  "239": {
    "summary": "bug_report.md type error",
    "description": "# Reporting bugs\nType error for \"... We take mistakes and mistakes very seriously.\n",
    "summary_bilingual_indexes": [],
    "description_bilingual_indexes": [
      1
    ]
  },
  "241": {
    "summary": "Log level of naming",
    "description": "Currently, the log level of naming's LogUtils is debug. It is recommended to change it to info or warnning.\nConfig is currently info",
    "summary_bilingual_indexes": [
      0
    ],
    "description_bilingual_indexes": [
      0,
      1
    ]
  },
  "244": {
    "summary": "fix issue #239",
    "description": "Please do not create a Pull Request without creating an issue first.\n What is the purpose of the change\nfix issue #239 \n Brief changelog\nWe take mistakes and mistakes very seriously-we take mistakes and defects very seriously\n",
    "summary_bilingual_indexes": [],
    "description_bilingual_indexes": [
      4
    ]
  },
  "245": {
    "summary": "Merge branch master into develop",
    "description": "",
    "summary_bilingual_indexes": [],
    "description_bilingual_indexes": []
  },
  "246": {
    "summary": " mvn -B clean apache-rat:check findbugs:findbugs did not work as expected.",
    "description": "ERROR Message: \n \n[INFO] \n[INFO] BUILD FAILURE\n[INFO] \n[INFO] Total time: 2.267 s\n[INFO] Finished at: 2018-11-08T13:41:18+08:00\n[INFO] \n[ERROR] Failed to execute goal on project nacos-config: Could not resolve dependencies for project com.alibaba.nacos:nacos-config:jar:0.4.0: Failure to find com.alibaba.nacos:nacos-core:jar:0.4.0 in maven2 was cached in the local repository, resolution will not be reattempted until the update interval of central has elapsed or updates are forced - [Help 1]\n ",
    "summary_bilingual_indexes": [],
    "description_bilingual_indexes": []
  },
  "247": {
    "summary": "[ISSUE #222] [ISSUE #231] [ISSUE #246]",
    "description": "Please do not create a Pull Request without creating an issue first.\n What is the purpose of the change\nFixes #222 #231 #246\n Brief changelog\n1. Print more nacos server start status info in start.log\n2. Refactoring: Parsing the Nacos home directory and the cluster.conf file \n Verifying this change\nFollow this checklist to help us incorporate your contribution quickly and easily:\n* [x] Make sure there is a Github issue filed for the change (usually before you start working on it). Trivial changes like typos do not require a Github issue. Your pull request should address just this issue, without pulling in other changes - one PR resolves one issue.\n* [x] Format the pull request title like [ISSUE #123] Fix UnknownException when host config not exist . Each commit in the pull request should have a meaningful subject line and body.\n* [x] Write a pull request description that is detailed enough to understand what the pull request does, how, and why.\n* [x] Write necessary unit-test to verify your logic correction, more mock a little better when cross module dependency exist. If the new feature or significant change is committed, please remember to add integration-test in [test test.\n* [x] Run mvn -B clean apache-rat:check findbugs:findbugs to make sure basic checks pass. Run mvn clean install -DskipITs to make sure unit-test pass. Run mvn clean test-compile failsafe:integration-test to make sure integration-test pass.",
    "summary_bilingual_indexes": [],
    "description_bilingual_indexes": []
  },
  "248": {
    "summary": "Update README.md",
    "description": "change doc to match the latest release version 0.4.0\nPlease do not create a Pull Request without creating an issue first.\n What is the purpose of the change\nupdate readme to match latest release\n Brief changelog\nchange doc from 0.3.0 to 0.4.0\n Verifying this change\nnone\nFollow this checklist to help us incorporate your contribution quickly and easily:\n* [ ] Make sure there is a Github issue filed for the change (usually before you start working on it). Trivial changes like typos do not require a Github issue. Your pull request should address just this issue, without pulling in other changes - one PR resolves one issue.\n* [ ] Format the pull request title like [ISSUE #123] Fix UnknownException when host config not exist . Each commit in the pull request should have a meaningful subject line and body.\n* [ ] Write a pull request description that is detailed enough to understand what the pull request does, how, and why.\n* [ ] Write necessary unit-test to verify your logic correction, more mock a little better when cross module dependency exist. If the new feature or significant change is committed, please remember to add integration-test in [test test.\n* [ ] Run mvn -B clean apache-rat:check findbugs:findbugs to make sure basic checks pass. Run mvn clean install -DskipITs to make sure unit-test pass. Run mvn clean test-compile failsafe:integration-test to make sure integration-test pass.\n",
    "summary_bilingual_indexes": [],
    "description_bilingual_indexes": []
  },
  "249": {
    "summary": "Duplicate parameter enable reading in register instance method",
    "description": "Both instance and service have a field enable , and it s set by the same HTTP parameter enable in register instance method.",
    "summary_bilingual_indexes": [],
    "description_bilingual_indexes": []
  },
  "250": {
    "summary": "Fix #249",
    "description": "Please do not create a Pull Request without creating an issue first.\n What is the purpose of the change\nFix bug\n Brief changelog\n1. [ISSUE #249 ] Fix parameter enable is used for both service and instance.\n Verifying this change\nFollow this checklist to help us incorporate your contribution quickly and easily:\n* [x] Make sure there is a Github issue filed for the change (usually before you start working on it). Trivial changes like typos do not require a Github issue. Your pull request should address just this issue, without pulling in other changes - one PR resolves one issue.\n* [x] Format the pull request title like [ISSUE #123] Fix UnknownException when host config not exist . Each commit in the pull request should have a meaningful subject line and body.\n* [x] Write a pull request description that is detailed enough to understand what the pull request does, how, and why.\n* [x] Write necessary unit-test to verify your logic correction, more mock a little better when cross module dependency exist. If the new feature or significant change is committed, please remember to add integration-test in [test test.\n* [x] Run mvn -B clean apache-rat:check findbugs:findbugs to make sure basic checks pass. Run mvn clean install -DskipITs to make sure unit-test pass. Run mvn clean test-compile failsafe:integration-test to make sure integration-test pass.\n",
    "summary_bilingual_indexes": [],
    "description_bilingual_indexes": []
  },
  "256": {
    "summary": "Whether the service discovery data needs to add a newline link symbol",
    "description": " [image]/3983999/48299263-b9d2d780-e505-11e8-90a4-3de0eb432637.png\nThe symbol is added to the data in the service discovery, and the data inconsistency will occur if the user copies directly.",
    "summary_bilingual_indexes": [],
    "description_bilingual_indexes": [
      1
    ]
  },
  "259": {
    "summary": "Listening query paging size problem",
    "description": "The page number will appear in only one record, as shown below:\n [image]/2517258/48325210-798f6880-e66f-11e8-8c56-1f66ae68743b.png",
    "summary_bilingual_indexes": [],
    "description_bilingual_indexes": []
  },
  "262": {
    "summary": "[ISSUE #254] Add not empty validator of group and dataId in both historical version and listener query page.",
    "description": "Please do not create a Pull Request without creating an issue first.\n What is the purpose of the change\nAdd not empty validator of group and dataId in both historical version and listener query page.\n Brief changelog\n[ISSUE #254]\n1. add validator in listener query page\n2. add validator in historical version page\nFollow this checklist to help us incorporate your contribution quickly and easily:\n* [x] Make sure there is a Github issue filed for the change (usually before you start working on it). Trivial changes like typos do not require a Github issue. Your pull request should address just this issue, without pulling in other changes - one PR resolves one issue.\n* [x] Format the pull request title like [ISSUE #123] Fix UnknownException when host config not exist . Each commit in the pull request should have a meaningful subject line and body.\n* [x] Write a pull request description that is detailed enough to understand what the pull request does, how, and why.\n* [x] Write necessary unit-test to verify your logic correction, more mock a little better when cross module dependency exist. If the new feature or significant change is committed, please remember to add integration-test in [test test.\n* [x] Run mvn -B clean apache-rat:check findbugs:findbugs to make sure basic checks pass. Run mvn clean install -DskipITs to make sure unit-test pass. Run mvn clean test-compile failsafe:integration-test to make sure integration-test pass.\n",
    "summary_bilingual_indexes": [],
    "description_bilingual_indexes": []
  },
  "263": {
    "summary": "[ISSUE #258] Remove the Balloon of Group.",
    "description": "Please do not create a Pull Request without creating an issue first.\n What is the purpose of the change\nRemove the Balloon of Group.\n Brief changelog\n[ISSUE #258]\nRemove the Balloon of Group\nFollow this checklist to help us incorporate your contribution quickly and easily:\n* [x] Make sure there is a Github issue filed for the change (usually before you start working on it). Trivial changes like typos do not require a Github issue. Your pull request should address just this issue, without pulling in other changes - one PR resolves one issue.\n* [x] Format the pull request title like [ISSUE #123] Fix UnknownException when host config not exist . Each commit in the pull request should have a meaningful subject line and body.\n* [x] Write a pull request description that is detailed enough to understand what the pull request does, how, and why.\n* [x] Write necessary unit-test to verify your logic correction, more mock a little better when cross module dependency exist. If the new feature or significant change is committed, please remember to add integration-test in [test test.\n* [x] Run mvn -B clean apache-rat:check findbugs:findbugs to make sure basic checks pass. Run mvn clean install -DskipITs to make sure unit-test pass. Run mvn clean test-compile failsafe:integration-test to make sure integration-test pass.\n",
    "summary_bilingual_indexes": [],
    "description_bilingual_indexes": []
  },
  "264": {
    "summary": "[ISSUE #251 ]Console Editor Optimization",
    "description": "Please do not create a Pull Request without creating an issue first.\n What is the purpose of the change\nOptimize the user experience of the console editor.\n Brief changelog\n[ISSUE #251 ]\n1. disable the folding feature of editor to remove the unexpected padding of editor.\nRemove the Balloon of Group\nFollow this checklist to help us incorporate your contribution quickly and easily:\n* [x] Make sure there is a Github issue filed for the change (usually before you start working on it). Trivial changes like typos do not require a Github issue. Your pull request should address just this issue, without pulling in other changes - one PR resolves one issue.\n* [x] Format the pull request title like [ISSUE #123] Fix UnknownException when host config not exist . Each commit in the pull request should have a meaningful subject line and body.\n* [x] Write a pull request description that is detailed enough to understand what the pull request does, how, and why.\n* [x] Write necessary unit-test to verify your logic correction, more mock a little better when cross module dependency exist. If the new feature or significant change is committed, please remember to add integration-test in [test test.\n* [x] Run mvn -B clean apache-rat:check findbugs:findbugs to make sure basic checks pass. Run mvn clean install -DskipITs to make sure unit-test pass. Run mvn clean test-compile failsafe:integration-test to make sure integration-test pass.\n",
    "summary_bilingual_indexes": [],
    "description_bilingual_indexes": []
  },
  "266": {
    "summary": "Hotfix listen query pagination",
    "description": "fix the bug of pagination in listeningToQuery page",
    "summary_bilingual_indexes": [],
    "description_bilingual_indexes": []
  },
  "272": {
    "summary": " #it is ip is also parsed into an instance IP",
    "description": " {NACOS_HOME}/conf/cluster.conf\n \n#it is ip\n192.168.71.52:8848\n192.168.71.52:8849\n192.168.71.52:8850\n \n #it is ip is also parsed into an instance IP.",
    "summary_bilingual_indexes": [],
    "description_bilingual_indexes": []
  },
  "274": {
    "summary": "Fixes #272",
    "description": "",
    "summary_bilingual_indexes": [],
    "description_bilingual_indexes": []
  },
  "281": {
    "summary": "We should lint the console code",
    "description": "Is your feature request related to a problem Please describe.\nThe console project doesn t have the eslint and prettier to detect and format the codes, so it has many coding style, which is hard to read the codes and avoid some basic errors. \nDescribe the solution you d like\nI consider that the same coding style is important for open source project. \nI suggest that we add eslint to detect and prettier to format the code.\n",
    "summary_bilingual_indexes": [],
    "description_bilingual_indexes": []
  },
  "283": {
    "summary": "[ISSUE #281]Console adds eslint and prettier",
    "description": "\n What is the purpose of the change\nAll console codes follow the same rule .\n Brief changelog\nI formated all the codes and chagned some codes which reported error or warning in eslint.\nI moved all console files to a dir which name is console-fe \n Verifying this change\nFollow this checklist to help us incorporate your contribution quickly and easily:\n* [x] Make sure there is a Github issue filed for the change (usually before you start working on it). Trivial changes like typos do not require a Github issue. Your pull request should address just this issue, without pulling in other changes - one PR resolves one issue.\n* [x] Format the pull request title like [ISSUE #123] Fix UnknownException when host config not exist . Each commit in the pull request should have a meaningful subject line and body.\n* [x] Write a pull request description that is detailed enough to understand what the pull request does, how, and why.\n* [x] Write necessary unit-test to verify your logic correction, more mock a little better when cross module dependency exist. If the new feature or significant change is committed, please remember to add integration-test in [test test.\n* [x] Run mvn -B clean apache-rat:check findbugs:findbugs to make sure basic checks pass. Run mvn clean install -DskipITs to make sure unit-test pass. Run mvn clean test-compile failsafe:integration-test to make sure integration-test pass.\n",
    "summary_bilingual_indexes": [],
    "description_bilingual_indexes": []
  },
  "288": {
    "summary": "Fixes #222",
    "description": "",
    "summary_bilingual_indexes": [],
    "description_bilingual_indexes": []
  },
  "293": {
    "summary": "format the third libs",
    "description": " What is the purpose of the change\nformat the third libs\n Brief changelog\nconsole/src/main/resources/static/js/*\nconsole/src/main/resources/static/css/*\nFollow this checklist to help us incorporate your contribution quickly and easily:\n* [x] Make sure there is a Github issue filed for the change (usually before you start working on it). Trivial changes like typos do not require a Github issue. Your pull request should address just this issue, without pulling in other changes - one PR resolves one issue.\n* [x] Format the pull request title like [ISSUE #123] Fix UnknownException when host config not exist . Each commit in the pull request should have a meaningful subject line and body.\n* [x] Write a pull request description that is detailed enough to understand what the pull request does, how, and why.\n* [x] Write necessary unit-test to verify your logic correction, more mock a little better when cross module dependency exist. If the new feature or significant change is committed, please remember to add integration-test in [test test.\n* [x] Run mvn -B clean apache-rat:check findbugs:findbugs to make sure basic checks pass. Run mvn clean install -DskipITs to make sure unit-test pass. Run mvn clean test-compile failsafe:integration-test to make sure integration-test pass.\n",
    "summary_bilingual_indexes": [],
    "description_bilingual_indexes": []
  },
  "295": {
    "summary": "Naming model refactor",
    "description": "Please do not create a Pull Request without creating an issue first.\n What is the purpose of the change\nNaming module refactor and bug fix.\n Brief changelog\n1. [ISSUE #241 ] Update log level.\n2. [ISSUE #209, #195 ] Client edit service and cluster disabled.\n3. [ISSUE #181 ] Fix NPE of naming module.\n4. [ISSUE #177 ] Console support creating and deleting service.\n5. [ISSUE #176 ] Client visit server to get data at client start.\n6. [ISSUE #175 ] Remove instance automatically, also known as TTL.\n7. [ISSUE #148 ] Improve naming write performance.\n Verifying this change\nFollow this checklist to help us incorporate your contribution quickly and easily:\n* [x] Make sure there is a Github issue filed for the change (usually before you start working on it). Trivial changes like typos do not require a Github issue. Your pull request should address just this issue, without pulling in other changes - one PR resolves one issue.\n* [x] Format the pull request title like [ISSUE #123] Fix UnknownException when host config not exist . Each commit in the pull request should have a meaningful subject line and body.\n* [x] Write a pull request description that is detailed enough to understand what the pull request does, how, and why.\n* [x] Write necessary unit-test to verify your logic correction, more mock a little better when cross module dependency exist. If the new feature or significant change is committed, please remember to add integration-test in [test test.\n* [x] Run mvn -B clean apache-rat:check findbugs:findbugs to make sure basic checks pass. Run mvn clean install -DskipITs to make sure unit-test pass. Run mvn clean test-compile failsafe:integration-test to make sure integration-test pass.\n",
    "summary_bilingual_indexes": [],
    "description_bilingual_indexes": []
  },
  "298": {
    "summary": "Fixes #256，#177，#168",
    "description": "fix: closes #256, #177, #168",
    "summary_bilingual_indexes": [],
    "description_bilingual_indexes": []
  },
  "299": {
    "summary": "Revert Naming model refactor ",
    "description": "Reverts nacos#295",
    "summary_bilingual_indexes": [],
    "description_bilingual_indexes": []
  },
  "304": {
    "summary": "Develop",
    "description": "Please do not create a Pull Request without creating an issue first.\n What is the purpose of the change\n- Service Discovery support TTL\n- Console experience optimization\n- Support Java 11\n Brief changelog\n#302 Maven build project supports java 11\n#281 Lint the console code\n#272 Cluster.conf supports annotation information\n#259 Listening query paging size problem\n#258 Remove the Balloon of Group\n#257 Listening query switching query dimension data is not refreshed\n#256 The service discovery data needs to add a newline link symbol\n#254 DataId and group are required in historical version and listener query\n#251 Console Editor Optimization\n#246 Mvn -B clean apache-rat:check findbugs:findbugs did not work as expected.\n#241 Naming log level change\n#181 NPE when adding a instance if no leader in the raft cluster\n#168 In the service list, the number of healthy instances is 0, and it is recommended to highlight the color in the offline state.",
    "summary_bilingual_indexes": [],
    "description_bilingual_indexes": []
  }
}