{
  "1": {
    "summary": "Ready to read.",
    "description": "Rictyのままになっているので。\n",
    "summary_bilingual_indexes": [
      0
    ],
    "description_bilingual_indexes": []
  },
  "5": {
    "summary": "The bottom line is displayed.",
    "description": " img width= 324 alt= underline 7caf1874-5398-11e6-8532-a90b51d142c7.png \n (PuTTY DirectWrite version)\nThe underline position is strange.\n- 100 to manually modified to do is shown in good shape.\n",
    "summary_bilingual_indexes": [
      0
    ],
    "description_bilingual_indexes": [
      2,
      3
    ]
  },
  "8": {
    "summary": "workaround: mkdir automatically",
    "description": "git clone ままだとディレクトリが無く、合成スクリプトが中断してしまう so that the directory is generated automatically.\n",
    "summary_bilingual_indexes": [],
    "description_bilingual_indexes": [
      0
    ]
  },
  "11": {
    "summary": "README.md No comments on NotoEmoji",
    "description": "is not written.\n",
    "summary_bilingual_indexes": [
      0
    ],
    "description_bilingual_indexes": [
      0
    ]
  },
  "12": {
    "summary": "Everything will be changed to Python.",
    "description": "いつか・・・",
    "summary_bilingual_indexes": [
      0
    ],
    "description_bilingual_indexes": []
  },
  "15": {
    "summary": "Unusual amongst them.",
    "description": "There is nothing unusual with Windows GVim, Mac MacVim and so on.\n# IntelliJ IDEA\nCica is going crazy.\n [untitled 2017-10-11 31413976-bc9b5ca8-ae56-11e7-9dcc-5de0473f79bf.png\nUbuntu is Mono.\n [untitled 2017-10-11 31413948-9f1afe72-ae56-11e7-91f3-d8fa09379a90.png\n",
    "summary_bilingual_indexes": [
      0
    ],
    "description_bilingual_indexes": [
      0,
      2,
      4
    ]
  },
  "16": {
    "summary": "Gary’s bottom can be cut.",
    "description": "Windows cmder and Mac terminal (thx)",
    "summary_bilingual_indexes": [
      0
    ],
    "description_bilingual_indexes": [
      0
    ]
  },
  "17": {
    "summary": "The powerline grip is opened.",
    "description": "Melanoma burning and the 0xE0C0 near, full-angle wide due to not noticed.\n 0xE0B0 - 0xE0B7 \n [cica - vim 2017-10-13 31518678-02662e04-afdb-11e7-8b4e-f4d71839bf5b.png\n",
    "summary_bilingual_indexes": [
      0
    ],
    "description_bilingual_indexes": [
      0
    ]
  },
  "18": {
    "summary": "The line can be left.",
    "description": "[msys2] for msys2-x86_64-20161025.exe in mintty on CicaTest_iss16-17_02.zip using tmux to divide the window and\n┤\nと\n├\nIt is a little left.\n [tmux-keisen-zure1]/19299/31541181-cb1477f8-b048-11e7-8c0c-1f031da27c57.png\n [tmux-keisen-zure2]/19299/31541194-d5c9e5b6-b048-11e7-8c62-ce74d358de9f.png\n┴\n┼\n┬\nIt is OK.",
    "summary_bilingual_indexes": [
      0
    ],
    "description_bilingual_indexes": [
      0,
      4,
      10
    ]
  },
  "19": {
    "summary": "In FontAwesome there is a graffiti.",
    "description": "tmux's battery display for use.\n [vim]/468745/31589839-d68b1c6c-b242-11e7-9e9a-2bfef25498f4.png\n",
    "summary_bilingual_indexes": [
      0
    ],
    "description_bilingual_indexes": [
      0
    ]
  },
  "20": {
    "summary": "Cica v2 - The Revival of Gopher",
    "description": "[DevIcon from NERDFonts ef07ccef5fef9f80b2e671dd440f0b292cc7e10b has a problem with Gopher being removed.\nDevIcon and the upper body Gopher are recognized as other things and are not removed during the migration.\n [2017-11-15_3nw3p]/20859/32806406-bcf70e56-c9cf-11e7-9401-49a6b49ad351.png\nReference to:\nGopher U+E160 and U+E161 [Home Cica wiki]\n",
    "summary_bilingual_indexes": [
      0
    ],
    "description_bilingual_indexes": [
      0,
      1,
      3,
      4
    ]
  },
  "22": {
    "summary": "Increase the size of the above and below words.",
    "description": "The idea (thank you)\n/genkuroki/status/961211685846446080\nCertainly small.\n [preview 2018-02-10 36053202-1653bf82-0e34-11e8-8b51-07025de6f88b.png\n- U+2070, U+2071, U+2074 〜 U+209C および、 U+00B9 (upon付きの1) U+00B2, U+00B3 (upon付きの2と3 が対象)\nThe following image is U+2070 ~ U+2094\n [cica-regular cica-regular ttf unicodefull 2018-02-10 36052900-eb69ae54-0e32-11e8-92a1-177a61f3aba3.png\nFor example, in the case of Vim, if ambiwidth=double, the symbol becomes full-angle, or the 0 below is half-angle, but the 1 below becomes full-angle.",
    "summary_bilingual_indexes": [
      0
    ],
    "description_bilingual_indexes": [
      0,
      2,
      4,
      5,
      7
    ]
  },
  "27": {
    "summary": "Update the Ubuntu Mono download URL",
    "description": "",
    "summary_bilingual_indexes": [
      0
    ],
    "description_bilingual_indexes": []
  },
  "29": {
    "summary": "Noto Emoji Release",
    "description": "Reference Opinions : 1007079705705500672\nIn Windows, a black-and-white Note Emoji is displayed in an environment where DirectX is active, but the visibility feels bad.\nI think there are people who like Noto Emoji.",
    "summary_bilingual_indexes": [
      0
    ],
    "description_bilingual_indexes": [
      0,
      1,
      2
    ]
  },
  "30": {
    "summary": "The length of the text contained in ignoring_center is slightly small",
    "description": "The Hand Environment.\nOpenSUSE Leap 15.0 (not HiDPI)\n* fonts.conf (fontconfig) で autohint と hinting を false に\n* Emacs 25.3.1\nIn other words, the scope of the signs like the phrase reading point and the corner of the corner is slightly narrower, as shown below, and it is not good enough.\n [Cica-3.0.0]/1675738/41503732-3ab3428a-7216-11e8-88eb-0598b063a0f7.png\n[ align_to_center ]/miiton/Cica/blob/c128e210934a440c3d8471b693332d747f64d40b/cica.py Functions are performed in a manner that allows you to adjust the width.\n [fixed]/1675738/41504213-2c253108-7223-11e8-9cb3-d7bbba962aaa.png\nAfter all, the location of the slope is also slightly adjusted.\n",
    "summary_bilingual_indexes": [
      0
    ],
    "description_bilingual_indexes": [
      0,
      1,
      4,
      6,
      8
    ]
  },
  "36": {
    "summary": "v4",
    "description": "summary\n- ライセンスを SIL Open Font License v1.1 にする\nto change it.\nAdjust a graffiti.\n ライセンスまとめ\nSource font license reference link\n \n Hack MIT BITSTREAM VERA .md at master LICENSE.md \n Rounded Mgen+ SIL OFL 1.1 [Rounded Mgen+ ラウンデッド ムゲンプラス \n DevIcons MIT devicons: Devicons - An iconic font made for devicons \n Powerline Extra Symbols MIT -symbols: Extra glyphs for your powerline powerline-extra-symbols \n Font Awesome Font Awesome Free (SIL OFL 1.1) .txt at master LICENSE.txt \n Font Awesome Extension MIT -extension: Simple Font Awesome font-awesome-extension \n Octicons MIT octicons: A scalable set of icons handcrafted with 3 by octicons \n IEC Power Symbols MIT Unicode: Proposal to add IEC power symbols to Unicode \n Powerline Symbols Free LICENSE at develop LICENSE \n Noto Emoji Apache License 2.0 -emoji: Noto Emoji noto-emoji \n DejaVu Sans Mono Free [DejaVu Fonts — License.html \n Seti-UI + Custom MIT -ui: A subtle dark colored UI theme for seti-ui \n",
    "summary_bilingual_indexes": [],
    "description_bilingual_indexes": [
      0,
      2,
      3,
      5
    ]
  },
  "37": {
    "summary": "I want an icon.",
    "description": "I saw your opinion on Twitter.\nNerdFonts built-in devicons are notined, so [Icons for iconsfordevs can be replaced.\n- [x] Unicode Address is the same as DevIcons? - Ok only to add\n- [x] vim-devicons with addedしたアイコン表示できるか - とりあえずプルリクなしでいける [Add support for .vue . Issue #235 235\n[x] Is the license a problem? - MIT license\nReference to\n- 1041279932905578496",
    "summary_bilingual_indexes": [
      0
    ],
    "description_bilingual_indexes": [
      0,
      1,
      2,
      3,
      4,
      5
    ]
  },
  "38": {
    "summary": "Configuration of the build by Docker instead of using Ubuntu Mono",
    "description": "Fixed so that Ubuntu Mono was still used in the build settings by Docker so that Hack was used.",
    "summary_bilingual_indexes": [
      0
    ],
    "description_bilingual_indexes": [
      0
    ]
  },
  "39": {
    "summary": "v4.1.1 There is an abnormality in the TFT file.",
    "description": "Following by 37.\n []/31730505/45605947-08bb3e00-ba7c-11e8-8cf5-816d4a714fee.png",
    "summary_bilingual_indexes": [
      0
    ],
    "description_bilingual_indexes": [
      0
    ]
  },
  "41": {
    "summary": "Three points of leadership.",
    "description": "すみません, fontのことは素人でそういうことができるのかわかっていないのですが, it is possible to specify the width of the three-point leads (U+22EE, U+22EF, U+22F0, U+22F0) at the half-angle?\nThe motivation for this is to display the array when it is used in the language of julia REPL. Many symbols can be represented. Thank you.\n [ss_julia]/480049/52911846-83ff7500-32e4-11e9-92e5-33668650b002.png\n",
    "summary_bilingual_indexes": [
      0
    ],
    "description_bilingual_indexes": [
      0,
      1
    ]
  },
  "42": {
    "summary": "The new number responds.",
    "description": "Let U+4EE4 and U+548C hang to U+32FF\nThe Unicode Blog: New Japanese new-japanese-era.html",
    "summary_bilingual_indexes": [
      0
    ],
    "description_bilingual_indexes": [
      0,
      1
    ]
  },
  "43": {
    "summary": "4 Responses to #41",
    "description": "# summary\nWhen you operate the Julia language in the console, a 3 point leader is displayed in the 2D array.\nIn order to change the corresponding griff to the half-angle width, the width becomes full-angle.\nChange before change.\n : : : : \n []/480049/52911846-83ff7500-32e4-11e9-92e5-33668650b002.png []/468745/58381471-566b4b80-7ff8-11e9-9420-65dee5b9e3a5.png \nThe expected impact\n* The environment may be influenced by... dark feelings written by Markdown etc. ...",
    "summary_bilingual_indexes": [
      0
    ],
    "description_bilingual_indexes": [
      0,
      1,
      2,
      3,
      6,
      7
    ]
  },
  "44": {
    "summary": "fetch fonts on docker build",
    "description": "Docker-compose build depends on the font to download and copy cica.py.\nIn the case of Docker Hub and so on, the general user can only pull it and build it with docker run -v dist cica.",
    "summary_bilingual_indexes": [],
    "description_bilingual_indexes": [
      0,
      1
    ]
  },
  "45": {
    "summary": "I cannot display the icons used in Vista.vim",
    "description": "The text used in the Vista.vim plugin is one, not represented, or different from the NerdTree font.\nExample of:\nuf794: \nuf71b: \nUbuntu 18.04 GNOME-Terminal (Font is modified to Cica)",
    "summary_bilingual_indexes": [
      0
    ],
    "description_bilingual_indexes": [
      0,
      1,
      4
    ]
  },
  "46": {
    "summary": "Nerd Font Updates, Griff Added, Adjusted for v5",
    "description": "",
    "summary_bilingual_indexes": [
      0
    ],
    "description_bilingual_indexes": []
  }
}