{
  "1": {
    "summary": "[Support Carthage]",
    "description": "[Support Carthage]",
    "summary_bilingual_indexes": [],
    "description_bilingual_indexes": []
  },
  "7": {
    "summary": "Update podspec",
    "description": "Add missing resources bundle to podspec file.",
    "summary_bilingual_indexes": [],
    "description_bilingual_indexes": []
  },
  "8": {
    "summary": "fix typo",
    "description": "",
    "summary_bilingual_indexes": [],
    "description_bilingual_indexes": []
  },
  "12": {
    "summary": "NSMutableArray changes to strong and corrects typos.",
    "description": "",
    "summary_bilingual_indexes": [
      0
    ],
    "description_bilingual_indexes": []
  },
  "33": {
    "summary": "[Fix] BUG when both front and rear controller need hold",
    "description": "",
    "summary_bilingual_indexes": [
      0
    ],
    "description_bilingual_indexes": []
  },
  "34": {
    "summary": "Fix incorrect property naming",
    "description": "Should be Attributes not Attributeds ",
    "summary_bilingual_indexes": [],
    "description_bilingual_indexes": []
  },
  "47": {
    "summary": "Master",
    "description": "",
    "summary_bilingual_indexes": [],
    "description_bilingual_indexes": []
  },
  "50": {
    "summary": "add paging effect",
    "description": "better user experience",
    "summary_bilingual_indexes": [],
    "description_bilingual_indexes": []
  },
  "53": {
    "summary": "fixed typo error",
    "description": "use _livePhoto",
    "summary_bilingual_indexes": [],
    "description_bilingual_indexes": []
  },
  "58": {
    "summary": "Four minor improvements to UIImage (QMUI) classification",
    "description": "1. Fixed a problem where a CGImageRef instance was not released in the [UIImage (QMUI) qmui_grayImage] method.\ntwo。 Fixed the problem that the transparency of the original image was adjusted incorrectly without alpha channel in the [UIImage (QMUI) qmui_imageWithAlpha:] method.\n3. Improved + [UIImage (QMUI)]\nQmui_imageWithColor:size:cornerRadius:] method to generate a solid color image without an alpha channel when the fillet is 0 and the color is opaque.",
    "summary_bilingual_indexes": [
      0
    ],
    "description_bilingual_indexes": [
      0,
      1,
      2,
      3
    ]
  },
  "81": {
    "summary": "Master",
    "description": "Set the separatorColor only when the separatorLayer is created successfully",
    "summary_bilingual_indexes": [],
    "description_bilingual_indexes": [
      0
    ]
  },
  "127": {
    "summary": "fix QMUIButton s bug when It s load from a nib file.",
    "description": "During initialization, if contentEdgeInsets has a value, you should no longer force contentEdgeInsets to be set.",
    "summary_bilingual_indexes": [],
    "description_bilingual_indexes": [
      0
    ]
  },
  "139": {
    "summary": "Add Nullability to QMUITips",
    "description": "To ensure that nil can be passed into Detail in Swift, Nullability is added.",
    "summary_bilingual_indexes": [
      0
    ],
    "description_bilingual_indexes": [
      0
    ]
  },
  "144": {
    "summary": "Fixed possible flicker when imageData is empty",
    "description": "Here the imageData may be empty, so it needs to be protected.",
    "summary_bilingual_indexes": [
      0
    ],
    "description_bilingual_indexes": [
      0
    ]
  },
  "191": {
    "summary": "Photo albums imported through iTunes cannot be seen in the album list.",
    "description": "Please fill in the operating environment\n-[x] device iPhone iPad simulator\n-[x] system iOS 10.x\n-[x] Xcode version 8.x\n-[x] QMUI iOS version 1.x.x\nPlease describe the specific problem\nStack of breakpoints related to screenshots and log of console\n",
    "summary_bilingual_indexes": [
      0
    ],
    "description_bilingual_indexes": [
      0,
      1,
      2,
      3,
      4,
      5,
      6
    ]
  },
  "197": {
    "summary": "Enables QMUIAssetsManager to use the local path of the picture to save to the system album",
    "description": "1. Some RAW image formats, such as Sony's ARW format, cannot be converted to UIImage, but they can be saved to system albums by converting to NSData, so add a save method by using the picture path.\n2. Fix some typo.",
    "summary_bilingual_indexes": [
      0
    ],
    "description_bilingual_indexes": [
      0,
      1
    ]
  },
  "222": {
    "summary": "Fix the problem that the proxy callback will be called many times, and modify the callback time of AlertAction.",
    "description": "Fix the problem that the proxy callback will be called many times. Modify the callback time of AlertAction after the AlertController disappears.",
    "summary_bilingual_indexes": [
      0
    ],
    "description_bilingual_indexes": [
      0
    ]
  },
  "228": {
    "summary": "Fixed the size of button and label is displayed incorrectly when using xib storyboard",
    "description": "When using xib storyboard, if you use button and label to constrain only XQuery y, then the system will use the\nIntrinsicContentSize: the size returned by the method. And QMUIButton and QMUILabel\nIf we calculate the size in our own way, we should also copy the intrinsicContentSize of the system to keep the calculation consistent.",
    "summary_bilingual_indexes": [
      0
    ],
    "description_bilingual_indexes": [
      0,
      1,
      2
    ]
  },
  "230": {
    "summary": "UIView convertRect:fromView: possible conversion errors under iOS 8",
    "description": "Please fill in the operating environment\n-[x] equipment simulator\n-[x] system iOS 8.x\n-[x] Xcode version 9.x\n-[x] QMUI iOS version 2.0.0\nPlease describe the specific problem\nIPad horizontal screen, the test code is as follows\n Objective-C\n/ / obviously the navigationBar.x is 0, but it gets 1408 after conversion.\nCGRect navigationBarFrameInView = [self.view convertRect:self.navigationController.navigationBar.frame fromView:self.navigationController.navigationBar.superview] \n ",
    "summary_bilingual_indexes": [
      0
    ],
    "description_bilingual_indexes": [
      0,
      1,
      2,
      3,
      4,
      5,
      6,
      8
    ]
  },
  "261": {
    "summary": "QMUINavigationController push while present, so after dismiss, the original push interface can not be seen, and the future push will not be able to respond.",
    "description": "Please fill in the operating environment\n-[x] equipment simulator\n-[x] system iOS 11.2\n-[x] Xcode version 9.2\n-[x] QMUI iOS version 2.2.2\nPlease describe the specific problem\n Objective-C\n/ / 1. First present a vc\nUIViewController *vc = [[UIViewController alloc] init] \n[self presentViewController:vc animated:YES completion:NULL] \n/ / 2. Push a vc at the same time\nUIViewController *vc2 = [[UIViewController alloc] init] \n[self.navigationController pushViewController:vc2 animated:YES] \n/ / after a long time.\n/ / 3. Bring down the vc dismiss of present in 1.\nvc dismissX \n/ / 4. If you push again, you will find that you cannot push.\nUIViewController *vc3 = [[UIViewController alloc] init] \n[self.navigationController pushViewController:vc3 animated:YES] \n \nCause analysis\nIn QMUINavigationController, in order to protect the crash easily caused by \"the last push animation starts the next push operation before the end of the animation\", the attribute isViewControllerTransiting protection is added, which will be set to YES when push is completed, that is, navigationController:didShowViewController: revert to NO after the end of push. As long as the isViewControllerTransiting is YES, it will not respond to any push or pop operations.\nIn the above scenario, because the QMUINavigationController is covered by presentedViewController, the push will not go to navigationController:didShowViewController:, so the isViewControllerTransiting attribute is not reset correctly, thus affecting the subsequent push operation.\n",
    "summary_bilingual_indexes": [
      0
    ],
    "description_bilingual_indexes": [
      0,
      1,
      2,
      3,
      4,
      5,
      7,
      10,
      13,
      14,
      16,
      20,
      21,
      22
    ]
  },
  "263": {
    "summary": "The width error of QMUICellHeightCache control passed to cell sizeThatFits: under the horizontal and vertical screen of iPhone X",
    "description": "Please fill in the operating environment\n-[x] equipment simulator\n-[x] system iOS 11.2\n-[x] Xcode version 9.2\n-[x] QMUI iOS version 2.2.2\nPlease describe the specific problem\nWhen the horizontal and vertical screen under iPhone X rotates, the bounds and safeAreaInsets of UITableView will be updated at different times, and each update needs to recalculate the height of cell because the width of the list and the insets of the list will affect the height of cell. When using QMUICellHeightCache to calculate the height of cell, it is not correct to judge whether the value of safeAreaInsets in the horizontal direction has changed in qmui_safeAreaDidChange, resulting in inaccurate calculation of the height of reloadData,cell without calling reloadData,cell at certain times.\n",
    "summary_bilingual_indexes": [
      0
    ],
    "description_bilingual_indexes": [
      0,
      1,
      2,
      3,
      4,
      5,
      6
    ]
  },
  "264": {
    "summary": "QMUIConfigurationTemplate does not guarantee execution timing",
    "description": "Please fill in the operating environment\n-[x] equipment simulator\n-[x] system iOS 11.2\n-[x] Xcode version 9.2\n-[x] QMUI iOS version 2.2.2\nPlease describe the specific problem\nSome QMUI controls use the values of the configuration table before the configuration table is initialized, resulting in a UI error for the control.\nAccording to the document, the current time to use the configuration table of QMUI is in the application:didFinishLaunchingWithOptions: of the project, but the appearance of many QMUI controls uses the value of the configuration table in + initialize. At this time, the configuration table has not been set, resulting in an error in the value at this time.",
    "summary_bilingual_indexes": [
      0
    ],
    "description_bilingual_indexes": [
      0,
      1,
      2,
      3,
      4,
      5,
      6,
      7
    ]
  },
  "268": {
    "summary": "When QMUINavigationControllerDelegate customNavigationBarTransition is enabled, a vc.qmui_navigationBarMaxYInViewCoordinator of 0 in pop causes the layout to jump.",
    "description": "Please fill in the operating environment\n-[x] equipment simulator\n-[x] system iOS 11.2\n-[x] Xcode version 9.2\n-[x] QMUI iOS version 2.2.2\nPlease describe the specific problem\n1. When laying out in the viewDidLayoutSubviews method of a vc, use self.qmui_navigationBarMaxYInViewCoordinator to get the location of the navigation bar and layout it relative to it.\ntwo。 Turn on the methods in QMUINavigationControllerDelegate that optimize the navigationBar effect of pop, such as shouldCustomNavigationBarTransitionWhenPopDisappearing.\n3. Drop the vc pop.\n4. You'll find the layout bouncing up.\nRelevant screenshot\n [image]/1190261/34640299-014c6270-f32b-11e7-80d7-057c7f38ba67.png\n [image]/1190261/34640304-119a2d4c-f32b-11e7-9a8e-93ec70facadc.png\n",
    "summary_bilingual_indexes": [
      0
    ],
    "description_bilingual_indexes": [
      0,
      1,
      2,
      3,
      4,
      5,
      6,
      7,
      8,
      9,
      10
    ]
  },
  "270": {
    "summary": "The interface created by QMUIDialogTextFieldViewController, cancel and confirm buttons are not visible",
    "description": "Please fill in the operating environment\n-[x] device iPhone iPad simulator\n-[x] system iOS 11.x\n-[x] Xcode version 9.2\n-[x] QMUI iOS version 2.2.2\nPlease describe the specific problem\nUsing QMUIDialogTextFieldViewController, the interface created, cancel and confirm buttons are not visible\n - (void)showQMUIDialogTextFieldView {\n QMUIDialogTextFieldViewController *dialogViewController = [[QMUIDialogTextFieldViewController alloc] init] \nDialogViewController.title = Please enter a nickname\n dialogViewController.textField.delegate = self \n [simulator screen shot - iphone x - 2018-01-08 at 20 33 34671169-709a8230-f4b4-11e7-94eb-0cff2cfd6333.png\nDialogViewController.textField.placeholder = nickname\n dialogViewController.textField.maximumTextLength = 16 \n[dialogViewController addCancelButtonWithText: cancel block:nil]\n self.currentTextFieldDialogViewController = dialogViewController \n[dialogViewController addSubmitButtonWithText: confirm block: (QMUIDialogViewController * dialogViewController) {\n [dialogViewController hide] \n }] \n [dialogViewController show] \n} \nStack of breakpoints related to screenshots and log of console\nSee screenshot\n",
    "summary_bilingual_indexes": [
      0
    ],
    "description_bilingual_indexes": [
      0,
      1,
      2,
      3,
      4,
      5,
      6,
      9,
      12,
      14,
      16,
      21,
      22
    ]
  },
  "321": {
    "summary": "Fixed bug for QMUIMultipleDelegates",
    "description": "When a responsive object in delegates may be released when the-methodSignatureForSelector: method is executed, nil is returned, which causes the program to crash",
    "summary_bilingual_indexes": [],
    "description_bilingual_indexes": [
      0
    ]
  },
  "389": {
    "summary": "Nullability and Objective-C",
    "description": "Add some nonnull and nullable for better compatibility with Swift",
    "summary_bilingual_indexes": [],
    "description_bilingual_indexes": [
      0
    ]
  },
  "432": {
    "summary": "[fix] judgment of whether indexPath is legal in scrollToRowAtIndexPath",
    "description": "No judgment has been made when section is empty row\n img width= 494 alt= 2018-11-14 4 36 54 48470966-cf117400-e82d-11e8-812c-3574b7cc8a22.png \n",
    "summary_bilingual_indexes": [
      0
    ],
    "description_bilingual_indexes": [
      0
    ]
  },
  "436": {
    "summary": "[fix] judgment of whether indexPath is legal in scrollToRowAtIndexPath",
    "description": "When indexPath.row==NSNotFound, it scrolls regardless of whether the current tableview has rows or not.",
    "summary_bilingual_indexes": [
      0
    ],
    "description_bilingual_indexes": [
      0
    ]
  },
  "453": {
    "summary": "Update README.md",
    "description": "",
    "summary_bilingual_indexes": [],
    "description_bilingual_indexes": []
  },
  "465": {
    "summary": "[fix] NSNotFound logical judgment rollback to the wrong version",
    "description": "When indexPath.row = = NSNotFound, there is no need to take numberOfRowsInSection to make a judgment.",
    "summary_bilingual_indexes": [
      0
    ],
    "description_bilingual_indexes": [
      0
    ]
  },
  "468": {
    "summary": "fix: request image for asset memory leaks",
    "description": "fix the issue 376] (url)\nIf the image is too big and use the requestImageForAsset function will lead to memory leaks.\n requestImageDataForAsset function will fix this issue. and it default uses the PHImageManagerMaximumSize and PHImageContentModeDefault compared with the requestImageForAsset .\nAlready tested by Xcode instrument leaks .\n",
    "summary_bilingual_indexes": [],
    "description_bilingual_indexes": []
  },
  "470": {
    "summary": "fix request image for asset memory leaks",
    "description": "",
    "summary_bilingual_indexes": [],
    "description_bilingual_indexes": []
  }
}