{
  "2": {
    "summary": "Fixed the build warnings and added gitignore.",
    "description": "This small PR added the gitignore file, while fixed the building warnings like unused parameters and comparisons between signed and unsigned as well as the trailing whitespaces."
  },
  "3": {
    "summary": "Added the execute permission to the shell scrips.",
    "description": ""
  },
  "7": {
    "summary": "Update README.md",
    "description": ""
  },
  "13": {
    "summary": "corrected minor typo in readme",
    "description": ""
  },
  "17": {
    "summary": "modified CMakeLists.txt, add {PROTOBUF_INCLUDE_DIR}",
    "description": "modified CMakeLists.txt，added a line:\ninclude_directories ( {PROTOBUF_INCLUDE_DIR})\notherwise, there is a error when compiling tools: coded_stream.h file not found"
  },
  "64": {
    "summary": "ncnn Batch Norm实现与Caffe不一样 ",
    "description": "请问，ncnn的Batch Norm和Caffe的Batch Norm实现不一样吧 \n经过测试对比，我们的网络通过ncnn的Batch Norm之后与Caffe的相比误差很大 差不多有e-1 ，最终我们的效果也不太好。\n请问，针对Batch Norm有后续的更新计划吗 "
  },
  "95": {
    "summary": "[BUG] sigmoid_arm.cpp 中的 forward_inplace有BUG",
    "description": "forward_inplace函数中的下面几行代码\nfor ( nn 0 nn--)\n {\n float32x4_t _p = vld1q_f32 (ptr) \n _p = vnegq_f32 (_p) \n _p = exp_ps (_p) \n _p = vaddq_f32 (_p, _one) \n _p = vrecpeq_f32 (_p) \n _p = vmulq_f32 (vrecpsq_f32 (_p, _p), _p) \n// _p = vmulq_f32 (vrecpsq_f32 (_p, _p), _p) \n vst1q_f32 (ptr, _p) \n ptr += 4 \n }\n其中 \n_p = vrecpeq_f32 (_p) \n_p = vmulq_f32 (vrecpsq_f32 (_p, _p), _p) \nvst1q_f32 (ptr, _p) \n这3行看下来有问题啊，应该是\n float32x4_t _outp = vrecpeq_f32 (_p) \n _outp = vmulq_f32 (vrecpsq_f32 (_p, _outp), _outp) \n vst1q_f32 (outptr, _outp) \n请看一下。"
  },
  "109": {
    "summary": "[BUG] Elu.cpp load param",
    "description": "int ELU::load_param (FILE* paramfp)\n{\n int nscan = fscanf (paramfp, f , alpha) \n if (nscan = 1)\n {\n fprintf (stderr, ELU load_param failed n , nscan) \n return -1 \n }\n return 0 \n}\n这边有读取alpha的值，但在caffe2ncnn 中没有处理这个 alpha 的值"
  },
  "110": {
    "summary": "[BUG] inline Mat Mat::reshape (int _w, int _h, int _c) const",
    "description": "mat.h 中\ninline Mat Mat::reshape (int _w, int _h, int _c) const\n这个函数，\n举个例子\n如果 _w = 4, _h =4, _c = 1024\n本身的w = 1, h =1, c = 16384\n会在这个里面递归循环调用，最后crash\nif (c = _c)\n {\n flatten and then align\n Mat tmp = reshape (_w * _h * _c) \n return tmp.reshape (_w, _h, _c) \n }"
  },
  "116": {
    "summary": "convolution and pooling layers crashed with kernel stride",
    "description": "Sometimes we need to build convolution or pooling layer with kernel=1, stride=2 and padding=-233 (SAME). But now ncnn is crashed with this settings, it should be fixed. \nI guessed checking arguments of copy_make_border would fix this issue, but size is not appropriate after then. "
  },
  "119": {
    "summary": "Impossible to add multi-dimension constant tensor via tensorflow2ncnn",
    "description": "This network cannot be translated to ncnn via tensorflow2ncnn.\n python\nshape = (1, 2, 2, 2)\nimages = tf.placeholder (tf.float32, shape=shape, image )\nconst = tf.constant ([1, 2, 3, 4, 5, 6, 7, 8], dtype=tf.float32, shape=shape)\nlayer = tf.add (images, const)\noutput = tf.identity (layer, score )\n "
  },
  "121": {
    "summary": "Different behavior for max pooling with padding VALID ",
    "description": "I translate code below by tensorflow2ncnn.\n python\nshape = (1, 4, 7, 1) # NHWC\nimages = tf.placeholder (tf.float32, shape=shape, image )\nlayer = slim.max_pool2d (images, kernel_size=2, stride=2, padding= VALID )\noutput = tf.identity (layer, score )\n \nOutput shape is different between ncnn and tensorflow. I think output layer should have 6 elements. (shape is (1, 2, 3, 1)) But ncnn has 8 elements with shape (4, 2, 1). "
  },
  "122": {
    "summary": "Support convolution layer with dilation in tensorflow2ncnn",
    "description": ""
  },
  "146": {
    "summary": "The path to get cpu frequency is not correct in Android 7.0 or newer",
    "description": "/Tencent/ncnn/blob/2f16642f9fca78287955f42fde360ebbbbf1b1c0/src/cpu.cpp\nsprintf (path, time_in_state , cpuid) \nThe path to get cpu frequency is not correct in my phone and arm development board which run Android 7.0\nIn the condition I said, the path is time_in_state ."
  },
  "165": {
    "summary": "caffe2ncnn源码中，crop层的转换存在问题",
    "description": "caffe的crop层需要提供三个维度的offset，caffe2ncnn代码中缺少c维，导致转换后的crop层offset总是0。"
  },
  "179": {
    "summary": "memcpy optimize copy_make_boder",
    "description": ""
  },
  "187": {
    "summary": "Add depthwise Deconvolution.",
    "description": "Master nihui,\n Thank you for ncnn, it works quite well I have added a depthwise deconvolution layer, and deconvolution arm neon optimize to ncnn. "
  },
  "189": {
    "summary": "Update relu_arm.cpp",
    "description": "relu的修正 感觉少了个感叹号 "
  },
  "199": {
    "summary": "fix top_blob not set",
    "description": "I encountered this problem when I was running my model on android device. I found that after deconvolutiondepthwise , the layer below get a NULL bottom_blob . Maybe it is a mistake."
  },
  "200": {
    "summary": "fix unaryop bug",
    "description": "- incorrect memory access when matrix is multi-channel\nSigned-off-by: wangshunli shunli0521.hi .com "
  },
  "202": {
    "summary": "ncnn做反卷积，开NEON时，有些层计算结果不对 ",
    "description": "在用ncnn跑语义分割网络时，如果不用neon支持，中间数据输出完全正确。\n但开了neon，输出结果就不对了。debug后发现，错误是从其中一个反卷积层开始的。 这一层之前也有反卷积，并且输出结果完全正确 ，这可能是什么原因导致的 "
  },
  "210": {
    "summary": "add ShuffleChannel layer, only cpp, no arm yet",
    "description": "完全没接触过arm的汇编,更别说neon了。\n人生第一个 pr，非常的excited，XD"
  },
  "215": {
    "summary": "new model load api",
    "description": ""
  },
  "217": {
    "summary": "[fix-compile-warnings] fix compiler warnings, and add werror in CMakeLists.txt",
    "description": "fix compiler warnings, and add werror in CMakeLists.txt"
  },
  "218": {
    "summary": "fix mobilenet: add depthwise, fix batch norm",
    "description": "mobilenet is work now"
  },
  "236": {
    "summary": "innerproduct produce continous blob",
    "description": ""
  },
  "241": {
    "summary": "print benchmark information for every layer, especially for CONVOLUTION",
    "description": " Aim\nGenerally, Deep-Learning engineers usually pay more attention to network training, but neglect the performance of network inferencing, especially on mobile-platform.\nThese codes aim to help the engineers profile the performance and then shoot the bottleneck of the performance of their network. According to the profile result, they can adjust the network structure to make a trade-off between network accuracy and network speed on ncnn.\n Usage\nCompile the ncnn with *_-DNCNN_BENCHMARK=ON_ (OFF for default)*, for example, on armv7a Mac\n shell\n android armv7\nmkdir -p build-android-armv7\npushd build-android-armv7\ncmake android.toolchain.cmake \n -DANDROID_ABI= armeabi-v7a with NEON \n -DANDROID_NATIVE_API_LEVEL=android-9 \n android-ndk-r15c \n -DANDROID_FORCE_ARM_BUILD=OFF \n -DANDROID_STL_FORCE_FEATURES=OFF \n -DNCNN_OPENMP=OFF \n -DANDROID_TOOLCHAIN_NAME=arm-linux-androideabi-4.9 \n -DNCNN_BENCHMARK=ON \n ..\nmake -j 8\nmake install\npopd\nadb push squeezenet tmp\n MacOS\nmkdir -p build-mac\npushd build-mac\ncmake -DNCNN_OPENMP=OFF \n -DNCNN_OPENCV=ON \n -DNCNN_BENCHMARK=ON \n ..\nmake -j 8\nmake install\npopd \n \n Result\nA benchmark example of squeezenet.\nPlatform: Google NEXUS P5\nInput: 3 x 224 x 224\n shell\nConvolution conv1 15.05ms feature_map: 224 x 224 inch: 3 outch: 64 kernel: 3 x 3 stride: 2 x 2\nReLU relu_conv1 1.80ms feature_map: 111 x 111 inch: 64 outch: 64\nPooling pool1 3.13ms feature_map: 111 x 111 inch: 64 outch: 64\nConvolution squeeze1x1 1.39ms feature_map: 55 x 55 inch: 64 outch: 16 kernel: 1 x 1 stride: 1 x 1\nReLU relu_squeeze1x1 0.05ms feature_map: 55 x 55 inch: 16 outch: 16\nSplit splitncnn_0 0.00ms \nConvolution expand1x1 1.94ms feature_map: 55 x 55 inch: 16 outch: 64 kernel: 1 x 1 stride: 1 x 1\nReLU relu_expand1x1 0.18ms feature_map: 55 x 55 inch: 64 outch: 64\nConvolution expand3x3 13.30ms feature_map: 55 x 55 inch: 16 outch: 64 kernel: 3 x 3 stride: 1 x 1\nReLU relu_expand3x3 0.28ms feature_map: 55 x 55 inch: 64 outch: 64\nConcat concat 2.31ms \nConvolution squeeze1x1 2.72ms feature_map: 55 x 55 inch: 128 outch: 16 kernel: 1 x 1 stride: 1 x 1\nReLU relu_squeeze1x1 0.06ms feature_map: 55 x 55 inch: 16 outch: 16\nSplit splitncnn_1 0.00ms \nConvolution expand1x1 1.94ms feature_map: 55 x 55 inch: 16 outch: 64 kernel: 1 x 1 stride: 1 x 1\nReLU relu_expand1x1 0.29ms feature_map: 55 x 55 inch: 64 outch: 64\nConvolution expand3x3 12.87ms feature_map: 55 x 55 inch: 16 outch: 64 kernel: 3 x 3 stride: 1 x 1\nReLU relu_expand3x3 0.30ms feature_map: 55 x 55 inch: 64 outch: 64\nConcat concat 2.24ms \nPooling pool3 1.64ms feature_map: 55 x 55 inch: 128 outch: 128\nConvolution squeeze1x1 1.38ms feature_map: 27 x 27 inch: 128 outch: 32 kernel: 1 x 1 stride: 1 x 1\nReLU relu_squeeze1x1 0.02ms feature_map: 27 x 27 inch: 32 outch: 32\nSplit splitncnn_2 0.00ms \nConvolution expand1x1 1.60ms feature_map: 27 x 27 inch: 32 outch: 128 kernel: 1 x 1 stride: 1 x 1\nReLU relu_expand1x1 0.07ms feature_map: 27 x 27 inch: 128 outch: 128\nConvolution expand3x3 9.40ms feature_map: 27 x 27 inch: 32 outch: 128 kernel: 3 x 3 stride: 1 x 1\nReLU relu_expand3x3 0.11ms feature_map: 27 x 27 inch: 128 outch: 128\nConcat concat 1.09ms \nConvolution squeeze1x1 2.65ms feature_map: 27 x 27 inch: 256 outch: 32 kernel: 1 x 1 stride: 1 x 1\nReLU relu_squeeze1x1 0.02ms feature_map: 27 x 27 inch: 32 outch: 32\nSplit splitncnn_3 0.00ms \nConvolution expand1x1 1.63ms feature_map: 27 x 27 inch: 32 outch: 128 kernel: 1 x 1 stride: 1 x 1\nReLU relu_expand1x1 0.07ms feature_map: 27 x 27 inch: 128 outch: 128\nConvolution expand3x3 9.39ms feature_map: 27 x 27 inch: 32 outch: 128 kernel: 3 x 3 stride: 1 x 1\nReLU relu_expand3x3 0.11ms feature_map: 27 x 27 inch: 128 outch: 128\nConcat concat 1.16ms \nPooling pool5 0.68ms feature_map: 27 x 27 inch: 256 outch: 256\nConvolution squeeze1x1 0.70ms feature_map: 13 x 13 inch: 256 outch: 48 kernel: 1 x 1 stride: 1 x 1\nReLU relu_squeeze1x1 0.01ms feature_map: 13 x 13 inch: 48 outch: 48\nSplit splitncnn_4 0.00ms \nConvolution expand1x1 0.66ms feature_map: 13 x 13 inch: 48 outch: 192 kernel: 1 x 1 stride: 1 x 1\nReLU relu_expand1x1 0.02ms feature_map: 13 x 13 inch: 192 outch: 192\nConvolution expand3x3 6.39ms feature_map: 13 x 13 inch: 48 outch: 192 kernel: 3 x 3 stride: 1 x 1\nReLU relu_expand3x3 0.02ms feature_map: 13 x 13 inch: 192 outch: 192\nConcat concat 0.39ms \nConvolution squeeze1x1 0.96ms feature_map: 13 x 13 inch: 384 outch: 48 kernel: 1 x 1 stride: 1 x 1\nReLU relu_squeeze1x1 0.01ms feature_map: 13 x 13 inch: 48 outch: 48\nSplit splitncnn_5 0.00ms \nConvolution expand1x1 0.69ms feature_map: 13 x 13 inch: 48 outch: 192 kernel: 1 x 1 stride: 1 x 1\nReLU relu_expand1x1 0.03ms feature_map: 13 x 13 inch: 192 outch: 192\nConvolution expand3x3 6.27ms feature_map: 13 x 13 inch: 48 outch: 192 kernel: 3 x 3 stride: 1 x 1\nReLU relu_expand3x3 0.02ms feature_map: 13 x 13 inch: 192 outch: 192\nConcat concat 0.38ms \nConvolution squeeze1x1 1.24ms feature_map: 13 x 13 inch: 384 outch: 64 kernel: 1 x 1 stride: 1 x 1\nReLU relu_squeeze1x1 0.01ms feature_map: 13 x 13 inch: 64 outch: 64\nSplit splitncnn_6 0.00ms \nConvolution expand1x1 1.12ms feature_map: 13 x 13 inch: 64 outch: 256 kernel: 1 x 1 stride: 1 x 1\nReLU relu_expand1x1 0.03ms feature_map: 13 x 13 inch: 256 outch: 256\nConvolution expand3x3 10.17ms feature_map: 13 x 13 inch: 64 outch: 256 kernel: 3 x 3 stride: 1 x 1\nReLU relu_expand3x3 0.03ms feature_map: 13 x 13 inch: 256 outch: 256\nConcat concat 0.51ms \nConvolution squeeze1x1 1.69ms feature_map: 13 x 13 inch: 512 outch: 64 kernel: 1 x 1 stride: 1 x 1\nReLU relu_squeeze1x1 0.01ms feature_map: 13 x 13 inch: 64 outch: 64\nSplit splitncnn_7 0.00ms \nConvolution expand1x1 1.07ms feature_map: 13 x 13 inch: 64 outch: 256 kernel: 1 x 1 stride: 1 x 1\nReLU relu_expand1x1 0.03ms feature_map: 13 x 13 inch: 256 outch: 256\nConvolution expand3x3 10.07ms feature_map: 13 x 13 inch: 64 outch: 256 kernel: 3 x 3 stride: 1 x 1\nReLU relu_expand3x3 0.03ms feature_map: 13 x 13 inch: 256 outch: 256\nConcat concat 0.54ms \nDropout drop9 0.00ms feature_map: 13 x 13 inch: 512 outch: 512\nConvolution conv10 35.71ms feature_map: 13 x 13 inch: 512 outch: 1000 kernel: 1 x 1 stride: 1 x 1\nReLU relu_conv10 0.32ms feature_map: 15 x 15 inch: 1000 outch: 1000\nPooling pool10 0.43ms feature_map: 15 x 15 inch: 1000 outch: 1000\nSoftmax prob 0.12ms feature_map: 1 x 1 inch: 1000 outch: 1000\n "
  },
  "246": {
    "summary": "correct arm convolution depthwise mistakes",
    "description": ""
  },
  "254": {
    "summary": "decouple ConvolutionDepthWise and Convolution",
    "description": "via low-level op api"
  },
  "258": {
    "summary": "commit 3ffb502bc6eb2f6c17d43c82af1b2c81142a4b9b (reuse if the same shape) breaks SSD examples",
    "description": "The reuse if same shape code commit has broken the ssdsqueezenet examples, the bounding boxes returned are now incorrect. If the code is removed then correct bounding boxes are returned.\nI have tried using memset to ensure the mat is cleared, but the problem still persists. (Is this code just highlighting an issue memory corruption problem in detectionout or priorbox layers )\nif (dims == 1 w == _w elemsize == _elemsize) {\n memset (data, 0, total () * elemsize) \n return \n}\nI am running on ubuntu 16.04 LTS.\nCheers,\nSimon"
  },
  "261": {
    "summary": "pooling padding mode",
    "description": "caffe full\nmxnet full valid\ntensorflow same valid\n"
  },
  "269": {
    "summary": "slice",
    "description": "x86 slice"
  },
  "292": {
    "summary": "为什么我拿ncnn编译出来的.a文件编译so的时候会报undefined reference to __kmpc_fork_call 的错误",
    "description": "你好，我想请问一下 \n我拿ncnn编译出来的.a文件，用ndk-build编译.so的时候会报\nundefined reference to __kmpc_fork_call \nundefined reference to __kmpc_for_static_init_4 \nundefined reference to __kmpc_for_static_fini \nundefined reference to __kmpc_for_static_init_4 \nlayer/convolutiondepthwise.cpp:176: error:undefined reference to __kmpc_for_static_init_8 \n"
  },
  "300": {
    "summary": "The deth-wise deconvolution of caffe can not convert to ncnn correctly ",
    "description": "I try to convert mobile net which trained by caffe to ncnn. But when the depth is not equal to 1, for example, the number of input channels is 32 and the number of output channels is 32, when we set the group=16, the convertor will make some errors. The weights can not load with correct order."
  },
  "302": {
    "summary": "请问 batchnorm var 为 0 的时候是怎么处理的 ",
    "description": "我在 batchnorm 的参数为 0 的时候，得到的输出是 nan，是不是需要做特殊设置 "
  },
  "303": {
    "summary": "BatchNorm Layer: it seems to be safer to add a epsilon to the standard deviation",
    "description": "In the following codes cited from the file batchnorm.cpp, if the sqrt_var is zero, there will be a zero-division error. So I advice to add a epsilon to the standard deviation or add some protection codes.\n float sqrt_var = sqrt (var_data[i]) \n a_data[i] = bias_data[i] - slope_data[i] * mean_data[i] sqrt_var \n b_data[i] = slope_data[i] sqrt_var \n (虽然可能性不大, 但加上去毕竟更安全些)"
  },
  "305": {
    "summary": "fix the compile error",
    "description": "Compiling the new implement of winograd4 is error,fix that."
  },
  "306": {
    "summary": "bugfix",
    "description": "binding the neon variables to fix register"
  },
  "308": {
    "summary": "Updata benchmark ReadMe",
    "description": "updata the qcom820 benchmark data."
  },
  "309": {
    "summary": "on ARM64 convolution_3x3.h:1281:14: error: more than 30 operands in ‘asm’ ",
    "description": " convolution_3x3.h:1281:14: error: more than 30 operands in ‘asm’ \nGCC 5.4 on ARM64 (aarch64) Linux "
  },
  "312": {
    "summary": "[aarch64] Error: invalid register list at operand 1",
    "description": "/tmp/ccmdPLf6.s: Assembler messages:\n/tmp/ccmdPLf6.s:13895: Error: invalid register list at operand 1 -- ld1 {v6.4s,v3.4s,v7.4s,v16.4s},[x20],#64 \n/tmp/ccmdPLf6.s:13897: Error: invalid register list at operand 1 -- ld1 {v17.4s,v4.4s,v18.4s,v19.4s},[x20],#64 \n/tmp/ccmdPLf6.s:13899: Error: invalid register list at operand 1 -- ld1 {v20.4s,v5.4s,v21.4s,v22.4s},[x20],#64 \n/tmp/ccmdPLf6.s:13901: Error: invalid register list at operand 1 -- ld1 {v23.4s,v2.4s,v24.4s,v25.4s},[x20],#64 \n/tmp/ccmdPLf6.s:14471: Error: invalid register list at operand 1 -- ld1 {v3.4s,v0.4s},[x20],#32 \nsrc/CMakeFiles/ncnn.dir/build.make:518: recipe for target convolution_arm.cpp.o failed\nGCC5.4 aarch64 on Linux"
  },
  "315": {
    "summary": "ConvolutionDepthWise doesn t seem to work when dilation is not equal 1",
    "description": "I got unexpected output when testing a network in 20180314 latest release version, which work well in 20180129 version. \nAfter debugging, I found the error occurred in 3x3 dilation 2 ConvolutionDepthWise layer. The result after dilation 2 ConvolutionDepthWise is same with the init result of top_blob. \nHere is a test example: \n cpp\n#include stdio.h \n#include iostream \n#include algorithm \n#include vector \n#include net.h \n#include layer_type.h \nusing namespace ncnn \n// weights and bias\nfloat weight_data[3*3*4] = {0.11111111, 0.11111111, 0.11111111, 0.11111111, 0.11111111, 0.11111111, 0.11111111, 0.11111111, 0.11111111, 0.11111111, 0.11111111, 0.11111111, 0.11111111, 0.11111111, 0.11111111, 0.11111111, 0.11111111, 0.11111111, 0.11111111, 0.11111111, 0.11111111, 0.11111111, 0.11111111, 0.11111111, 0.11111111, 0.11111111, 0.11111111, 0.11111111, 0.11111111, 0.11111111, 0.11111111, 0.11111111, 0.11111111, 0.11111111, 0.11111111, 0.11111111} \nfloat bias_data[4] = {1, 1, 1, 1} \nint main (int argc, char *argv[])\n{\n 1- set param\n int inw = 5 \n int inh = 5 \n int outw = 5 \n int outh = 5 \n int num_input = 4 \n int num_output = 4 \n int kernel_w = 3 \n int kernel_h = 3 \n int dilation_w = 2 \n int dilation_h = 2 \n int stride_w = 1 \n int stride_h = 1 \n int pad_w = 2 \n int pad_h = 2 \n int bias_term = 1 \n int weight_data_size = 36 \n int group = 4 \n 2- set and display bottom blob\n Mat bottom_blob (inw, inh, num_input) \n if (bottom_blob.empty ())\n return -100 \n std::cout Produce all 1 to bottom_blob for init: std::endl \n for (int n = 0 n bottom_blob.c ++n)\n {\n Mat bottom_blob_g = bottom_blob.channel (n) \n for (int r = 0 r bottom_blob_g.h ++r)\n {\n float *ptr = bottom_blob_g.row (r) \n for (int c = 0 c bottom_blob_g.w ++c)\n {\n ptr[c] = 1.0f \n std::cout ptr[c] \n }\n std::cout std::endl \n }\n }\n std::cout std::endl \n 3- set and display top blob\n Mat top_blob (outw, outh, num_output) \n if (top_blob.empty ())\n return -100 \n std::cout Produce all 3.12 to top_blob for checking: std::endl \n for (int n = 0 n top_blob.c ++n)\n {\n Mat top_blob_g = top_blob.channel (n) \n for (int r = 0 r top_blob_g.h ++r)\n {\n float *ptr = top_blob_g.row (r) \n for (int c = 0 c top_blob_g.w ++c)\n {\n ptr[c] = 3.12f \n std::cout ptr[c] \n }\n std::cout std::endl \n }\n }\n std::cout std::endl \n 4- create ConvolutionDepthWise layer\n Layer* op = ncnn::create_layer (ncnn::LayerType::ConvolutionDepthWise) \n ncnn::ParamDict pd \n pd.set (0, num_output\n pd.set (1, kernel_w) \n pd.set (11, kernel_h) \n pd.set (2, dilation_w) \n pd.set (12, dilation_h) \n pd.set (3, stride_w) \n pd.set (13, stride_h) \n pd.set (4, pad_w\n pd.set (14, pad_h\n pd.set (5, bias_term) \n pd.set (6, weight_data_size\n pd.set (7, group) \n op- load_param (pd) \n Mat weight_data_g (3*3*10, (void*)weight_data) \n Mat bias_data_g (10, (void*)bias_data) \n ncnn::Mat weights[2] \n weights[0] = weight_data_g \n weights[1] = bias_data_g \n op- load_model (ModelBinFromMatArray (weights)) \n op- forward (bottom_blob, top_blob) \n 5- display result\n fprintf (stderr, After ConvolutionDepthWise input d x d pad = d d ksize= d d dilation= d d stride= d n , bottom_blob.w, bottom_blob.h, pad_w, pad_h, kernel_w, kernel_h, dilation_w, dilation_h, stride_w, stride_h) \n for (int n = 0 n top_blob.c ++n)\n {\n Mat top_blob_g = top_blob.channel (n) \n for (int r = 0 r top_blob_g.h ++r)\n {\n float *ptr = top_blob_g.row (r) \n for (int c = 0 c top_blob_g.w ++c)\n {\n std::cout ptr[c] \n }\n std::cout std::endl \n }\n }\n return 0 \n}\n \nand the result is:\n Produce all 1 to bottom_blob for init:\n1 1 1 1 1 \n1 1 1 1 1 \n1 1 1 1 1 \n1 1 1 1 1 \n1 1 1 1 1 \n1 1 1 1 1 \n1 1 1 1 1 \n1 1 1 1 1 \n1 1 1 1 1 \n1 1 1 1 1 \n1 1 1 1 1 \n1 1 1 1 1 \n1 1 1 1 1 \n1 1 1 1 1 \n1 1 1 1 1 \n1 1 1 1 1 \n1 1 1 1 1 \n1 1 1 1 1 \n1 1 1 1 1 \n1 1 1 1 1 \n Produce all 3.12 to top_blob for checking:\n3.12 3.12 3.12 3.12 3.12 \n3.12 3.12 3.12 3.12 3.12 \n3.12 3.12 3.12 3.12 3.12 \n3.12 3.12 3.12 3.12 3.12 \n3.12 3.12 3.12 3.12 3.12 \n3.12 3.12 3.12 3.12 3.12 \n3.12 3.12 3.12 3.12 3.12 \n3.12 3.12 3.12 3.12 3.12 \n3.12 3.12 3.12 3.12 3.12 \n3.12 3.12 3.12 3.12 3.12 \n3.12 3.12 3.12 3.12 3.12 \n3.12 3.12 3.12 3.12 3.12 \n3.12 3.12 3.12 3.12 3.12 \n3.12 3.12 3.12 3.12 3.12 \n3.12 3.12 3.12 3.12 3.12 \n3.12 3.12 3.12 3.12 3.12 \n3.12 3.12 3.12 3.12 3.12 \n3.12 3.12 3.12 3.12 3.12 \n3.12 3.12 3.12 3.12 3.12 \n3.12 3.12 3.12 3.12 3.12 \n After ConvolutionDepthWise input 5 x 5 pad = 2 2 ksize=3 3 dilation=2 2 stride=1 1:\n3.12 3.12 3.12 3.12 3.12 \n3.12 3.12 3.12 3.12 3.12 \n3.12 3.12 3.12 3.12 3.12 \n3.12 3.12 3.12 3.12 3.12 \n3.12 3.12 3.12 3.12 3.12 \n3.12 3.12 3.12 3.12 3.12 \n3.12 3.12 3.12 3.12 3.12 \n3.12 3.12 3.12 3.12 3.12 \n3.12 3.12 3.12 3.12 3.12 \n3.12 3.12 3.12 3.12 3.12 \n3.12 3.12 3.12 3.12 3.12 \n3.12 3.12 3.12 3.12 3.12 \n3.12 3.12 3.12 3.12 3.12 \n3.12 3.12 3.12 3.12 3.12 \n3.12 3.12 3.12 3.12 3.12 \n3.12 3.12 3.12 3.12 3.12 \n3.12 3.12 3.12 3.12 3.12 \n3.12 3.12 3.12 3.12 3.12 \n3.12 3.12 3.12 3.12 3.12 \n3.12 3.12 3.12 3.12 3.12"
  },
  "316": {
    "summary": "added arm layer compilation for arm-linux system",
    "description": ""
  },
  "318": {
    "summary": "align memory start address",
    "description": "#pragma pack (4) is not effective for the arrays"
  },
  "319": {
    "summary": "Remove the destructor definition from the lstm layer.",
    "description": "The destructor of the layer LSTM is not declared in its header so there s a compiling error (from gcc)\n error: definition of implicitly-declared ‘virtual ncnn::LSTM:: LSTM ()’\nI think it s unnecessary to define the destructor of the LSTM , so advice to remove it out."
  },
  "320": {
    "summary": "add image-level feature support",
    "description": "Resize Cx1x1 feature map to CxHxW, use in DeepLabv3 etc."
  },
  "321": {
    "summary": "Fix windows build fails",
    "description": "ncnn在windows编译时会出现几个错误 \n1. benchmark.cpp中包含了mat.h, mat.h包含了string.h， 在windows下，windows.h必须包含在string.h前，否则会出现错误 InterlockedIncrement”: 找不到标识符 ， 解决方案是在benchmark.cpp中优先包含windows.h，虽然不太符合up主的编码规范 先包含自身的头文件foo.h ，但至少能解决windows下的编译问题\n2. windows下不支持 #pragma omp parallel for collapse (2) ，这里用一个宏判断规避了\n3. 优化了caffe等tools编译的问题， 不再直接抛出error，而是给出一个警告，对于我这样的只使用mxnet，并不关心caffe tool编译的同学会比较方便，否则每次编译都要手动注释掉cmake tools"
  },
  "323": {
    "summary": "fix a fix ",
    "description": "上一个pr漏提交了一行 "
  },
  "325": {
    "summary": "Set ArgMax s one_blob_only as true.",
    "description": "Please refer to #324 . Thanks."
  },
  "327": {
    "summary": "Fix mobilenet v2 s stride in benchmark",
    "description": "#273 \nDue to contradiction of Google s paper (Line 5 and 6 of Table 2 in 1801.04381.pdf), the param used in benchmark is different from [Google s mobilenet_v2.py published several days ago. This patch makes it consistent with Google s implementation and brings speed gain."
  },
  "330": {
    "summary": "Update priorbox.cpp",
    "description": "update priorbox.cpp"
  },
  "331": {
    "summary": "batchnorm forward bug",
    "description": "condition: BatchNorm after a InnerProduct layer\nfloat* ptr = bottom_top_blob.channel (q) \nfc.out.c = 1, and not equal to batchnorm s channel\n"
  },
  "340": {
    "summary": "Add the benchmark of RK3288",
    "description": ""
  },
  "341": {
    "summary": "Make debug easy",
    "description": "Advice two updates to make debug more easy:\n1. If the CMAKE_BUILD_TYPE is set somewhere, don t overwrite it.\n2. If the CMAKE_BUILD_TYPE is Debug , switch off the optimization options."
  },
  "392": {
    "summary": "throw exception when load bin params are not correctly ordered.",
    "description": "In my test, there will be a crash in extractor when net object execute load_model earlier then load_param . \nIt s a good choice to throw an exception in this case during load phase, to avoid unnecessary debugging efforts."
  },
  "398": {
    "summary": "onnx convertor",
    "description": "When I convert yolov2-tiny-voc.onnx to param and bin, it says \n \nPad not supported yet \n # mode=edge\n # pads 7\n \nand the onnx model is exported from pytorch model .\nBTW, the yolo cfg is like this:\n \n[net]\n# Testing\nbatch=64\nsubdivisions=8\n# Training\n# batch=64\n# subdivisions=8\nheight=416\nwidth=416\nchannels=3\nmomentum=0.9\ndecay=0.0005\nangle=0\nsaturation = 1.5\nexposure = 1.5\nhue=.1\nlearning_rate=0.001\nburn_in=1000\nmax_batches = 80200\npolicy=steps\nsteps=-1,500,40000,60000\nscales=0.1,10,.1,.1\n[convolutional]\nbatch_normalize=1\nfilters=32\nsize=3\nstride=1\npad=1\nactivation=leaky\n[maxpool]\nsize=2\nstride=2\n[convolutional]\nbatch_normalize=1\nfilters=64\nsize=3\nstride=1\npad=1\nactivation=leaky\n[maxpool]\nsize=2\nstride=2\n[convolutional]\nbatch_normalize=1\nfilters=128\nsize=3\nstride=1\npad=1\nactivation=leaky\n[convolutional]\nbatch_normalize=1\nfilters=64\nsize=1\nstride=1\npad=1\nactivation=leaky\n[convolutional]\nbatch_normalize=1\nfilters=128\nsize=3\nstride=1\npad=1\nactivation=leaky\n[maxpool]\nsize=2\nstride=2\n[convolutional]\nbatch_normalize=1\nfilters=256\nsize=3\nstride=1\npad=1\nactivation=leaky\n[convolutional]\nbatch_normalize=1\nfilters=128\nsize=1\nstride=1\npad=1\nactivation=leaky\n[convolutional]\nbatch_normalize=1\nfilters=256\nsize=3\nstride=1\npad=1\nactivation=leaky\n[maxpool]\nsize=2\nstride=2\n[convolutional]\nbatch_normalize=1\nfilters=512\nsize=3\nstride=1\npad=1\nactivation=leaky\n[convolutional]\nbatch_normalize=1\nfilters=256\nsize=1\nstride=1\npad=1\nactivation=leaky\n[convolutional]\nbatch_normalize=1\nfilters=512\nsize=3\nstride=1\npad=1\nactivation=leaky\n[convolutional]\nbatch_normalize=1\nfilters=256\nsize=1\nstride=1\npad=1\nactivation=leaky\n[convolutional]\nbatch_normalize=1\nfilters=512\nsize=3\nstride=1\npad=1\nactivation=leaky\n[maxpool]\nsize=2\nstride=2\n[convolutional]\nbatch_normalize=1\nfilters=1024\nsize=3\nstride=1\npad=1\nactivation=leaky\n[convolutional]\nbatch_normalize=1\nfilters=512\nsize=1\nstride=1\npad=1\nactivation=leaky\n[convolutional]\nbatch_normalize=1\nfilters=1024\nsize=3\nstride=1\npad=1\nactivation=leaky\n[convolutional]\nbatch_normalize=1\nfilters=512\nsize=1\nstride=1\npad=1\nactivation=leaky\n[convolutional]\nbatch_normalize=1\nfilters=1024\nsize=3\nstride=1\npad=1\nactivation=leaky\n#######\n[convolutional]\nbatch_normalize=1\nsize=3\nstride=1\npad=1\nfilters=1024\nactivation=leaky\n[convolutional]\nbatch_normalize=1\nsize=3\nstride=1\npad=1\nfilters=1024\nactivation=leaky\n[route]\nlayers=-9\n[convolutional]\nbatch_normalize=1\nsize=1\nstride=1\npad=1\nfilters=64\nactivation=leaky\n[reorg]\nstride=2\n[route]\nlayers=-1,-4\n[convolutional]\nbatch_normalize=1\nsize=3\nstride=1\npad=1\nfilters=1024\nactivation=leaky\n[convolutional]\nsize=1\nstride=1\npad=1\nfilters=125\nactivation=linear\n "
  },
  "407": {
    "summary": "updata benchmark with q820 and hisi3519",
    "description": ""
  },
  "420": {
    "summary": "Update README.md",
    "description": "Add the benchmark of Rockchip RK3399"
  },
  "425": {
    "summary": "fix parameter check for interp",
    "description": ""
  },
  "429": {
    "summary": "Weird output of resize_bilinear",
    "description": "The function mat.cpp in Mat.cpp seems not accurate. \nThe unit test reveals unexpected negative outputs for positive inputs. \nHere is a simple example can be used to reproduce the weird output.\n \n#include iostream \n#include fstream \n#include opencv.hpp \n#include core.hpp \n#include highgui.hpp \n#include net.h \nvoid ncnn_blob_to_txt (const ncnn::Mat m, const std::string blob_name)\n{\n std::ofstream + blob_name + .txt ) \n if ( outfile.is_open ())\n {\n std::cout file open fail std::endl \n exit (1) \n }\n \n std::cout dims: m.dims w: m.w h: m.h c: m.c std::endl \n outfile dims: m.dims w: m.w h: m.h c: m.c n n \n int size = m.w * m.h \n for (int c = 0 c m.c c++)\n {\n const float* ptr = m.channel (c) \n for (int h = 0 h m.h h++)\n {\n for (int w = 0 w m.w w++)\n {\n outfile *ptr \n ptr++ \n }\n outfile n \n }\n outfile n \n }\n outfile.close () \n}\nvoid cv_blob_to_txt (const cv::Mat m, const std::string blob_name)\n{\n std::ofstream + blob_name + .txt ) \n if ( outfile.is_open ())\n {\n std::cout file open fail std::endl \n exit (1) \n }\n \n std::cout dims: m.dims w: m.cols h: m.rows std::endl \n outfile dims: m.dims w: m.cols h: m.rows n n \n const float* ptr = (const float*)m.data \n for (int h = 0 h m.rows h++)\n {\n for (int w = 0 w m.cols w++)\n {\n outfile * (ptr + h*m.cols + w) \n }\n outfile n \n }\n outfile.close () \n}\nvoid ncnn_from_float (ncnn::Mat m, float* input)\n{\n float* ptr = m \n int size = m.w * m.h \n printf ( d d d n , m.w, m.h, m.c) \n for (int h = 0 h m.h h++)\n {\n for (int w = 0 w m.w w++)\n {\n * (ptr + h*m.w + w) = * (input + h*m.w + w) \n }\n }\n}\nvoid cv_from_float (cv::Mat m, float* input)\n{\n float* ptr = (float*)m.data \n printf ( d d n , m.cols, m.rows) \n for (int h = 0 h m.rows h++)\n {\n for (int w = 0 w m.cols w++)\n {\n * (ptr + h*m.cols + w) = * (input + h*m.cols + w) \n }\n }\n}\nint test_resize_bilinear (int argc, char** argv) {\n float input[12][12] = {\n {0, 0, 0, 0, 0, 0, 0, 0, 0, 0, 0, 0}, \n {0, 0, 0, 0, 0, 0, 0, 0, 0, 0, 4.81992e-14, 0}, \n {0, 0, 0, 0, 0, 0, 0, 0, 0, 0, 0, 0}, \n {0, 0, 0, 0, 0, 0, 0, 0, 0, 0, 0, 0}, \n {0, 0, 0, 0, 0, 0, 0, 0, 0, 0, 0, 0}, \n {0, 0, 0, 0, 0, 0, 0, 0, 0, 0, 0, 0}, \n {0, 0, 0, 0, 0, 0, 0, 0, 0, 0, 0, 0}, \n {0, 0, 0, 0, 0, 0, 0, 0, 0, 0, 0, 0}, \n {0, 0, 0, 0, 0, 0, 0, 0, 0, 0, 3.63482e-15, 4.02549e-13}, \n {0, 0, 0, 0, 0, 0, 0, 0, 0, 0, 0, 0}, \n {0, 0, 0, 0, 0, 0, 0, 0, 0, 0, 0, 0}, \n {0, 0, 0, 0, 0, 0, 0, 0, 0, 0, 0, 0}\n } \n ncnn::Mat in (12, 12, 1) \n ncnn_from_float (in, input[0][0]) \n ncnn::Mat out \n ncnn::resize_bilinear (in, out, 48, 48) \n ncnn_blob_to_txt (in, test_resize_bilinear_input ) \n ncnn_blob_to_txt (out, test_resize_bilinear_output ) \n cv::Mat cv_in (12, 12, CV_32FC1) \n cv_from_float (cv_in, input[0][0]) \n cv::Mat cv_out \n cv::resize (cv_in, cv_out, cv::Size (48, 48)) \n cv_blob_to_txt (cv_out, test_resize_bilinear_opencv_output ) \n return 0 \n}\nint main (int argc, char* argv[]) {\n test_resize_bilinear (argc, argv) \n}\n \nThe weird output is \n \ndims:3 w:48 h:48 c:1\n \n0 0 0 0 0 0 0 0 0 0 0 0 0 0 0 0 0 0 0 0 0 0 0 0 0 0 0 0 0 0 0 0 0 0 0 0 0 0 -2.25934e-15 -6.77801e-15 -1.12967e-14 -1.58154e-14 -1.58154e-14 -1.12967e-14 -6.77801e-15 -2.25934e-15 0 0 \n0 0 0 0 0 0 0 0 0 0 0 0 0 0 0 0 0 0 0 0 0 0 0 0 0 0 0 0 0 0 0 0 0 0 0 0 0 0 -7.53113e-16 -2.25934e-15 -3.76556e-15 -5.27179e-15 -5.27179e-15 -3.76556e-15 -2.25934e-15 -7.53113e-16 0 0 \n0 0 0 0 0 0 0 0 0 0 0 0 0 0 0 0 0 0 0 0 0 0 0 0 0 0 0 0 0 0 0 0 0 0 0 0 0 0 7.53113e-16 2.25934e-15 3.76556e-15 5.27179e-15 5.27179e-15 3.76556e-15 2.25934e-15 7.53113e-16 0 0 \n0 0 0 0 0 0 0 0 0 0 0 0 0 0 0 0 0 0 0 0 0 0 0 0 0 0 0 0 0 0 0 0 0 0 0 0 0 0 2.25934e-15 6.77801e-15 1.12967e-14 1.58154e-14 1.58154e-14 1.12967e-14 6.77801e-15 2.25934e-15 0 0 \n0 0 0 0 0 0 0 0 0 0 0 0 0 0 0 0 0 0 0 0 0 0 0 0 0 0 0 0 0 0 0 0 0 0 0 0 0 0 3.76556e-15 1.12967e-14 1.88278e-14 2.63589e-14 2.63589e-14 1.88278e-14 1.12967e-14 3.76556e-15 0 0 \n0 0 0 0 0 0 0 0 0 0 0 0 0 0 0 0 0 0 0 0 0 0 0 0 0 0 0 0 0 0 0 0 0 0 0 0 0 0 5.27179e-15 1.58154e-14 2.63589e-14 3.69025e-14 3.69025e-14 2.63589e-14 1.58154e-14 5.27179e-15 0 0 \n0 0 0 0 0 0 0 0 0 0 0 0 0 0 0 0 0 0 0 0 0 0 0 0 0 0 0 0 0 0 0 0 0 0 0 0 0 0 5.27179e-15 1.58154e-14 2.63589e-14 3.69025e-14 3.69025e-14 2.63589e-14 1.58154e-14 5.27179e-15 0 0 \n0 0 0 0 0 0 0 0 0 0 0 0 0 0 0 0 0 0 0 0 0 0 0 0 0 0 0 0 0 0 0 0 0 0 0 0 0 0 3.76556e-15 1.12967e-14 1.88278e-14 2.63589e-14 2.63589e-14 1.88278e-14 1.12967e-14 3.76556e-15 0 0 \n0 0 0 0 0 0 0 0 0 0 0 0 0 0 0 0 0 0 0 0 0 0 0 0 0 0 0 0 0 0 0 0 0 0 0 0 0 0 2.25934e-15 6.77801e-15 1.12967e-14 1.58154e-14 1.58154e-14 1.12967e-14 6.77801e-15 2.25934e-15 0 0 \n0 0 0 0 0 0 0 0 0 0 0 0 0 0 0 0 0 0 0 0 0 0 0 0 0 0 0 0 0 0 0 0 0 0 0 0 0 0 7.53113e-16 2.25934e-15 3.76556e-15 5.27179e-15 5.27179e-15 3.76556e-15 2.25934e-15 7.53113e-16 0 0 \n0 0 0 0 0 0 0 0 0 0 0 0 0 0 0 0 0 0 0 0 0 0 0 0 0 0 0 0 0 0 0 0 0 0 0 0 0 0 0 0 0 0 0 0 0 0 0 0 \n0 0 0 0 0 0 0 0 0 0 0 0 0 0 0 0 0 0 0 0 0 0 0 0 0 0 0 0 0 0 0 0 0 0 0 0 0 0 0 0 0 0 0 0 0 0 0 0 \n0 0 0 0 0 0 0 0 0 0 0 0 0 0 0 0 0 0 0 0 0 0 0 0 0 0 0 0 0 0 0 0 0 0 0 0 0 0 0 0 0 0 0 0 0 0 0 0 \n0 0 0 0 0 0 0 0 0 0 0 0 0 0 0 0 0 0 0 0 0 0 0 0 0 0 0 0 0 0 0 0 0 0 0 0 0 0 0 0 0 0 0 0 0 0 0 0 \n0 0 0 0 0 0 0 0 0 0 0 0 0 0 0 0 0 0 0 0 0 0 0 0 0 0 0 0 0 0 0 0 0 0 0 0 0 0 0 0 0 0 0 0 0 0 0 0 \n0 0 0 0 0 0 0 0 0 0 0 0 0 0 0 0 0 0 0 0 0 0 0 0 0 0 0 0 0 0 0 0 0 0 0 0 0 0 0 0 0 0 0 0 0 0 0 0 \n0 0 0 0 0 0 0 0 0 0 0 0 0 0 0 0 0 0 0 0 0 0 0 0 0 0 0 0 0 0 0 0 0 0 0 0 0 0 0 0 0 0 0 0 0 0 0 0 \n0 0 0 0 0 0 0 0 0 0 0 0 0 0 0 0 0 0 0 0 0 0 0 0 0 0 0 0 0 0 0 0 0 0 0 0 0 0 0 0 0 0 0 0 0 0 0 0 \n0 0 0 0 0 0 0 0 0 0 0 0 0 0 0 0 0 0 0 0 0 0 0 0 0 0 0 0 0 0 0 0 0 0 0 0 0 0 0 0 0 0 0 0 0 0 0 0 \n0 0 0 0 0 0 0 0 0 0 0 0 0 0 0 0 0 0 0 0 0 0 0 0 0 0 0 0 0 0 0 0 0 0 0 0 0 0 0 0 0 0 0 0 0 0 0 0 \n0 0 0 0 0 0 0 0 0 0 0 0 0 0 0 0 0 0 0 0 0 0 0 0 0 0 0 0 0 0 0 0 0 0 0 0 0 0 0 0 0 0 0 0 0 0 0 0 \n0 0 0 0 0 0 0 0 0 0 0 0 0 0 0 0 0 0 0 0 0 0 0 0 0 0 0 0 0 0 0 0 0 0 0 0 0 0 0 0 0 0 0 0 0 0 0 0 \n0 0 0 0 0 0 0 0 0 0 0 0 0 0 0 0 0 0 0 0 0 0 0 0 0 0 0 0 0 0 0 0 0 0 0 0 0 0 0 0 0 0 0 0 0 0 0 0 \n0 0 0 0 0 0 0 0 0 0 0 0 0 0 0 0 0 0 0 0 0 0 0 0 0 0 0 0 0 0 0 0 0 0 0 0 0 0 0 0 0 0 0 0 0 0 0 0 \n0 0 0 0 0 0 0 0 0 0 0 0 0 0 0 0 0 0 0 0 0 0 0 0 0 0 0 0 0 0 0 0 0 0 0 0 0 0 0 0 0 0 0 0 0 0 0 0 \n0 0 0 0 0 0 0 0 0 0 0 0 0 0 0 0 0 0 0 0 0 0 0 0 0 0 0 0 0 0 0 0 0 0 0 0 0 0 0 0 0 0 0 0 0 0 0 0 \n0 0 0 0 0 0 0 0 0 0 0 0 0 0 0 0 0 0 0 0 0 0 0 0 0 0 0 0 0 0 0 0 0 0 0 0 0 0 0 0 0 0 0 0 0 0 0 0 \n0 0 0 0 0 0 0 0 0 0 0 0 0 0 0 0 0 0 0 0 0 0 0 0 0 0 0 0 0 0 0 0 0 0 0 0 0 0 0 0 0 0 0 0 0 0 0 0 \n0 0 0 0 0 0 0 0 0 0 0 0 0 0 0 0 0 0 0 0 0 0 0 0 0 0 0 0 0 0 0 0 0 0 0 0 0 0 0 0 0 0 0 0 0 0 0 0 \n0 0 0 0 0 0 0 0 0 0 0 0 0 0 0 0 0 0 0 0 0 0 0 0 0 0 0 0 0 0 0 0 0 0 0 0 0 0 0 0 0 0 0 0 0 0 0 0 \n0 0 0 0 0 0 0 0 0 0 0 0 0 0 0 0 0 0 0 0 0 0 0 0 0 0 0 0 0 0 0 0 0 0 0 0 0 0 5.67941e-17 1.70382e-16 2.8397e-16 3.97558e-16 6.68739e-15 1.91535e-14 3.16195e-14 4.40856e-14 5.03186e-14 5.03186e-14 \n0 0 0 0 0 0 0 0 0 0 0 0 0 0 0 0 0 0 0 0 0 0 0 0 0 0 0 0 0 0 0 0 0 0 0 0 0 0 1.70382e-16 5.11147e-16 8.51911e-16 1.19268e-15 2.00622e-14 5.74604e-14 9.48586e-14 1.32257e-13 1.50956e-13 1.50956e-13 \n0 0 0 0 0 0 0 0 0 0 0 0 0 0 0 0 0 0 0 0 0 0 0 0 0 0 0 0 0 0 0 0 0 0 0 0 0 0 2.8397e-16 8.51911e-16 1.41985e-15 1.98779e-15 3.34369e-14 9.57673e-14 1.58098e-13 2.20428e-13 2.51593e-13 2.51593e-13 \n0 0 0 0 0 0 0 0 0 0 0 0 0 0 0 0 0 0 0 0 0 0 0 0 0 0 0 0 0 0 0 0 0 0 0 0 0 0 3.97558e-16 1.19268e-15 1.98779e-15 2.78291e-15 4.68117e-14 1.34074e-13 2.21337e-13 3.08599e-13 3.5223e-13 3.5223e-13 \n0 0 0 0 0 0 0 0 0 0 0 0 0 0 0 0 0 0 0 0 0 0 0 0 0 0 0 0 0 0 0 0 0 0 0 0 0 0 3.97558e-16 1.19268e-15 1.98779e-15 2.78291e-15 4.68117e-14 1.34074e-13 2.21337e-13 3.08599e-13 3.5223e-13 3.5223e-13 \n0 0 0 0 0 0 0 0 0 0 0 0 0 0 0 0 0 0 0 0 0 0 0 0 0 0 0 0 0 0 0 0 0 0 0 0 0 0 2.8397e-16 8.51911e-16 1.41985e-15 1.98779e-15 3.34369e-14 9.57673e-14 1.58098e-13 2.20428e-13 2.51593e-13 2.51593e-13 \n0 0 0 0 0 0 0 0 0 0 0 0 0 0 0 0 0 0 0 0 0 0 0 0 0 0 0 0 0 0 0 0 0 0 0 0 0 0 1.70382e-16 5.11147e-16 8.51911e-16 1.19268e-15 2.00622e-14 5.74604e-14 9.48586e-14 1.32257e-13 1.50956e-13 1.50956e-13 \n0 0 0 0 0 0 0 0 0 0 0 0 0 0 0 0 0 0 0 0 0 0 0 0 0 0 0 0 0 0 0 0 0 0 0 0 0 0 5.67941e-17 1.70382e-16 2.8397e-16 3.97558e-16 6.68739e-15 1.91535e-14 3.16195e-14 4.40856e-14 5.03186e-14 5.03186e-14 \n0 0 0 0 0 0 0 0 0 0 0 0 0 0 0 0 0 0 0 0 0 0 0 0 0 0 0 0 0 0 0 0 0 0 0 0 0 0 0 0 0 0 0 0 0 0 0 0 \n0 0 0 0 0 0 0 0 0 0 0 0 0 0 0 0 0 0 0 0 0 0 0 0 0 0 0 0 0 0 0 0 0 0 0 0 0 0 0 0 0 0 0 0 0 0 0 0 \n0 0 0 0 0 0 0 0 0 0 0 0 0 0 0 0 0 0 0 0 0 0 0 0 0 0 0 0 0 0 0 0 0 0 0 0 0 0 0 0 0 0 0 0 0 0 0 0 \n0 0 0 0 0 0 0 0 0 0 0 0 0 0 0 0 0 0 0 0 0 0 0 0 0 0 0 0 0 0 0 0 0 0 0 0 0 0 0 0 0 0 0 0 0 0 0 0 \n0 0 0 0 0 0 0 0 0 0 0 0 0 0 0 0 0 0 0 0 0 0 0 0 0 0 0 0 0 0 0 0 0 0 0 0 0 0 0 0 0 0 0 0 0 0 0 0 \n0 0 0 0 0 0 0 0 0 0 0 0 0 0 0 0 0 0 0 0 0 0 0 0 0 0 0 0 0 0 0 0 0 0 0 0 0 0 0 0 0 0 0 0 0 0 0 0 \n0 0 0 0 0 0 0 0 0 0 0 0 0 0 0 0 0 0 0 0 0 0 0 0 0 0 0 0 0 0 0 0 0 0 0 0 0 0 0 0 0 0 0 0 0 0 0 0 \n0 0 0 0 0 0 0 0 0 0 0 0 0 0 0 0 0 0 0 0 0 0 0 0 0 0 0 0 0 0 0 0 0 0 0 0 0 0 0 0 0 0 0 0 0 0 0 0 \n0 0 0 0 0 0 0 0 0 0 0 0 0 0 0 0 0 0 0 0 0 0 0 0 0 0 0 0 0 0 0 0 0 0 0 0 0 0 0 0 0 0 0 0 0 0 0 0 \n0 0 0 0 0 0 0 0 0 0 0 0 0 0 0 0 0 0 0 0 0 0 0 0 0 0 0 0 0 0 0 0 0 0 0 0 0 0 0 0 0 0 0 0 0 0 0 0 \n \nIt is worth noting that. There are also other cases can generate such weird outputs. \n please help."
  },
  "430": {
    "summary": "fix proposal roi_score_blob bug",
    "description": "Fix a bug of pointer. Thanks."
  },
  "434": {
    "summary": "optional pixel api",
    "description": ""
  },
  "452": {
    "summary": "Update README.md",
    "description": ""
  },
  "456": {
    "summary": "fix error C2059 and C2589 when using std::min and std::max in vs 2015.",
    "description": ""
  },
  "466": {
    "summary": "Fixed two typos",
    "description": ""
  },
  "469": {
    "summary": "custom memory allocator and pool allocator",
    "description": "- [x] new abstract Allocator class\n- [x] new Mat member allocator\n- [x] Mat constructor and Mat::create () Mat::release () allocator-aware\n- [x] Mat::clone () and Mat::reshape () allocator-aware\n- [x] copy_make_border copy_cut_border bilinear_resize allocator-aware\n- [x] Mat::from_pixels () family allocator-aware\n- [x] new Extractor::set_allocator () api for setting one allocator per thread\n- [x] add Allocator parameter to Layer::forward () family\n- [x] try best to make all layer implementation allocator-aware\n- [x] simple lock-free pool allocator\n- [ ] defrag pool allocator memory (POC)\n \nncnn::Allocator* pa = new ncnn::PoolAllocator \nfor (int i=0 i imagecount i++)\n{\n ncnn::Extractor ex = net.create_extractor () \n ex.set_allocator (pa) \n}\n// clone all non-free Mat, expensive\ndelete pa \n \n"
  },
  "512": {
    "summary": "Release和Debug运行过程中出现一个Bug ",
    "description": "name: Darkent2Caffe \nlayer {\n name: data \n type: Input \n top: data \n input_param { shape: { dim: 1 dim: 3 dim: 416 dim: 416 } }\n}\nlayer {\n bottom: data \n top: layer1-conv \n name: layer1-conv \n type: Convolution \n convolution_param {\n num_output: 32\n kernel_size: 3\n pad: 1\n stride: 1\n bias_term: false\n }\n}\nlayer {\n bottom: layer1-conv \n top: layer1-conv \n name: layer1-bn \n type: BatchNorm \n batch_norm_param {\n use_global_stats: true\n }\n}\nlayer {\n bottom: layer1-conv \n top: layer1-conv \n name: layer1-scale \n type: Scale \n scale_param {\n bias_term: true\n }\n}\nlayer {\n bottom: layer1-conv \n top: layer1-conv \n name: layer1-act \n type: ReLU \n relu_param {\n negative_slope: 0.1\n }\n}\nlayer {\n bottom: layer1-conv \n top: layer2-conv \n name: layer2-conv \n type: Convolution \n convolution_param {\n num_output: 64\n kernel_size: 3\n pad: 1\n stride: 2\n bias_term: false\n }\n}\nlayer {\n bottom: layer2-conv \n top: layer2-conv \n name: layer2-bn \n type: BatchNorm \n batch_norm_param {\n use_global_stats: true\n }\n}\nlayer {\n bottom: layer2-conv \n top: layer2-conv \n name: layer2-scale \n type: Scale \n scale_param {\n bias_term: true\n }\n}\nlayer {\n bottom: layer2-conv \n top: layer2-conv \n name: layer2-act \n type: ReLU \n relu_param {\n negative_slope: 0.1\n }\n}\nlayer {\n bottom: layer2-conv \n top: layer3-conv \n name: layer3-conv \n type: Convolution \n convolution_param {\n num_output: 32\n kernel_size: 1\n pad: 0\n stride: 1\n bias_term: false\n }\n}\nlayer {\n bottom: layer3-conv \n top: layer3-conv \n name: layer3-bn \n type: BatchNorm \n batch_norm_param {\n use_global_stats: true\n }\n}\nlayer {\n bottom: layer3-conv \n top: layer3-conv \n name: layer3-scale \n type: Scale \n scale_param {\n bias_term: true\n }\n}\nlayer {\n bottom: layer3-conv \n top: layer3-conv \n name: layer3-act \n type: ReLU \n relu_param {\n negative_slope: 0.1\n }\n}\nlayer {\n bottom: layer3-conv \n top: layer4-conv \n name: layer4-conv \n type: Convolution \n convolution_param {\n num_output: 64\n kernel_size: 3\n pad: 1\n stride: 1\n bias_term: false\n }\n}\nlayer {\n bottom: layer4-conv \n top: layer4-conv \n name: layer4-bn \n type: BatchNorm \n batch_norm_param {\n use_global_stats: true\n }\n}\nlayer {\n bottom: layer4-conv \n top: layer4-conv \n name: layer4-scale \n type: Scale \n scale_param {\n bias_term: true\n }\n}\nlayer {\n bottom: layer4-conv \n top: layer4-conv \n name: layer4-act \n type: ReLU \n relu_param {\n negative_slope: 0.1\n }\n}\nlayer {\n bottom: layer2-conv \n bottom: layer4-conv \n top: layer5-shortcut \n name: layer5-shortcut \n type: Eltwise \n eltwise_param {\n operation: SUM\n }\n}\nlayer {\n bottom: layer5-shortcut \n top: layer6-conv \n name: layer6-conv \n type: Convolution \n convolution_param {\n num_output: 128\n kernel_size: 3\n pad: 1\n stride: 2\n bias_term: false\n }\n}\n这个网络结构，按照以下代码提取最后一层特征 \nncnn::Net net \nnet.load_param ( yolov3_ncnn.param ) \nnet.load_model ( yolov3_ncnn.bin ) \nncnn::Extractor ex = net.create_extractor () \nint w = 416 \nint h = 416 \nunsigned char* rgbdata = new unsigned char[w * h * 3] \nmemset (rgbdata, 0, w * h * 3) \nncnn::Mat in = ncnn::Mat::from_pixels (rgbdata, ncnn::Mat::PIXEL_BGR, w, h) \nex.set_num_threads (4) \nncnn::Mat out \nex.input ( data , in) \nex.extract ( layer5-shortcut , out) \nprintf ( width: d, height: d , out.w, out.h) \nRelease模式下能够正常运行 但是Debug模式下，报错Vector越界错误 我跟踪定位到\n [image]/33452561/43568709-e829c14e-9667-11e8-94d4-390cb7f5b536.png\n在进入到layer5-shortcut这层以后，图片中1位置的代码将opt.int8_scales的大小resize到2 但是在2处的递归调用过程中，这个opt.int8_scales的大小被修改为1 导致for循环进入到第二次时，3处的访问越界 原因是什么呢 请大神指点 "
  },
  "531": {
    "summary": "Rasp bench",
    "description": "Add benchmark results for Raspberry Pi B+"
  },
  "538": {
    "summary": "NCNN_XADD should return int",
    "description": "/Tencent/ncnn/blob/6f1b0b0a613724aaf756b15530a37da18ee0808e/src/allocator.h"
  },
  "539": {
    "summary": "bug: default elemsize of elemsize is 0 in DeconvolutionDepthWise_arm",
    "description": "在 commit ([sub-mat shall be 6b536701c37d4ab8819dda21ce4b9cb1d44ccb90) 时 \n在Mat构造时加入了2个参数，top_blob.elemsize, top_blob.allocator \n [2018-08-23 44509619-cd2f8d00-a6e4-11e8-879c-1e91b121d64f.png\n但这里top_blob.elemsize为0，因为\n外层构造时，\n [forward]/1401364/44509684-f51ef080-a6e4-11e8-910b-a34baeb67639.png\nMat的空构造函数把elemsize设为0\n [mat]/1401364/44509714-08ca5700-a6e5-11e8-9cf9-e1f6b268c363.png\n在 forwar函数内top_blob未执行crate，使得top_blob_bordered_g 的elementsize也为0，导致后面的计算失败。\n [arm]/1401364/44509944-cf461b80-a6e5-11e8-94f5-23ccdcb576bb.png\n \n"
  },
  "540": {
    "summary": " fix the caffe2ncnn that DepthwiseConvolution loss group num param",
    "description": "In some caffe prototxt,the layer type of ConvolutionDepthwise is DepthwiseConvolution ,using the caffe2ncnn tool generate the ncnn.param file maybe loss the group_num param."
  },
  "547": {
    "summary": "arm平台使用开启int8功能后，检测不到目标",
    "description": "arm平台使用开启int8功能后，检测不到目标。\n我用的是mobilenetssd的网络，用x86编译的caffe2ncnn来做模型的转换。\n同样的模型，我在arm平台上编译x86的layer的代码，来做对比实验，发现是可以检测到目标的。\n另外，同样的caffe模型用/BUG1989/ncnn.git的代码来试，int8功能是ok的。\n请问谁有遇到过相关问题吗 求解..."
  },
  "551": {
    "summary": "Update qcom820,rk3399,rk3288,hisi3519 benchmark",
    "description": ""
  },
  "578": {
    "summary": "fix the bug of innerproduce layer with int8 implement",
    "description": "Innerproduce layer with int8 implement,the type of top_blob should be integer.The result of and the mobilenet_v1 is correct (using the cute cat.jpg).\nFloat32:\n \n282 = 0.290811\n277 = 0.150142\n278 = 0.136092\n263 = 0.088919\n281 = 0.030729\n \nInt8:\n \n282 = 0.418365\n278 = 0.136934\n277 = 0.135897\n287 = 0.043163\n281 = 0.042881\n "
  },
  "580": {
    "summary": "fix the dequantize arm bug",
    "description": "1. fix the dequantize_arm bug for no bias \n2. optimizing to increase int8 quantize accuracy."
  },
  "587": {
    "summary": "add load_param_mem (), which load plain text params from memory buf. ",
    "description": "虽然有load_param (const unsigned char* mem)，从内存加载 bin格式的params，但是bin格式，只能通过layer index 指定输入输出，不同模型的layer index 不一样，但通过plain text 格式的params，则可以定义特定的输入输出名字。\n虽然有 fmemopen ()函数可以将一块内存映射位FILE*,就可以套用load_param (FILE* fp)， 但是fmemopen函数只能在Android6.0+上使用。\n所"
  },
  "593": {
    "summary": "Reduction bug",
    "description": "in reduction.cpp when dim == 2 \nclearly there is a bug since b.channel is set to be 1, but in the loop it is assumed to still have the same number of channels as a , as in const float* ptr = a.channel (q) float* outptr = b.channel (q) \n \n else if (dim == 2)\n {\n w h c - X h c\n b.create (h, channels, elemsize, opt.blob_allocator) \n }\n else if (dim == 2)\n {\n #pragma omp parallel for num_threads (opt.num_threads)\n for (int q=0 q channels q++)\n {\n const float* ptr = a.channel (q) \n float* outptr = b.channel (q) \n for (int i=0 i h i++)\n {\n float sum = v0 \n for (int j=0 j w j++)\n {\n sum = op (sum, ptr[i]) \n }\n outptr[i] = sum * coeff \n ptr += w \n }\n }\n }\n "
  },
  "597": {
    "summary": "fix warning:有虚函数的基类PoolAllocator需要virtual 析构函数",
    "description": "fix warning:delete called on non-final UnlockedPoolAllocator that has virtual functions but non-virtual destructor [-Wdelete-non-virtual-dtor]"
  },
  "625": {
    "summary": "Request add ncnn::Mat support for Visual Studio Image Watch Tools",
    "description": "As the title, add plugin for Image Watch. Now support ncnn::Mat as FLOAT32, FLOAT16, INT8.\nHappy debug guys."
  },
  "628": {
    "summary": " fix the bug of aarch64 conv1x1 int8 asm op less than 30",
    "description": "Fixed this bug by a simple way,Just make sure it s a little faster (15 -20 ) than fp32.\n#626 #610 "
  },
  "636": {
    "summary": "[BUG]mnasnet change kernel size 3- 5",
    "description": "mnasnet change kernel size 3- 5\n[mnasnet.pdf]/Tencent/ncnn/files/2540722/mnasnet.pdf\n"
  },
  "640": {
    "summary": "Support for Raspberry Pi 3 compilation",
    "description": "Bonjour from France \nFollowing the instructions described in [this 333, I implemented a compilation flag for Raspberry Pi 3 build.\nIt s simply -DPI3=ON , and need to be used with pi3.toolchain.cmake to make the compilation possible.\nI ve only tested it on a Raspberry Pi 3B+ model, but maybe it can work on other models too.\nHere are the benchmarks results on the Pi 3B+:\n \npi : /ncnn/benchmark benchncnn 8 4 0\nloop_count = 8\nnum_threads = 4\npowersave = 0\n squeezenet min = 117.58 max = 127.02 avg = 118.90\n mobilenet min = 214.80 max = 226.69 avg = 216.65\n mobilenet_v2 min = 228.65 max = 238.24 avg = 230.24\n shufflenet min = 79.97 max = 80.61 avg = 80.29\n googlenet min = 365.26 max = 407.66 avg = 380.22\n resnet18 min = 556.46 max = 588.56 avg = 573.58\n alexnet min = 436.50 max = 503.09 avg = 468.44\n vgg16 min = 2765.14 max = 2893.23 avg = 2811.79\n squeezenet-ssd min = 378.21 max = 405.30 avg = 388.32\n mobilenet-ssd min = 391.99 max = 410.40 avg = 397.88\n mobilenet-yolo min = 977.81 max = 1032.28 avg = 995.55\n \nI think it can be a great addition, allowing makers all around the world to easily test and work with NCNN with a really small investment.\nHave a nice day."
  },
  "653": {
    "summary": "fix dequantize register error",
    "description": ""
  },
  "657": {
    "summary": "fix: build for any kind of arm combination",
    "description": "* This simplification allows to use CMakeLists.txt directly\n within a project that has its own toolchain.\n* Introduce NCNN_CMAKE_VERBOSE option to reduce cmake verbosity"
  },
  "666": {
    "summary": "fix: c++ warnings",
    "description": ""
  },
  "689": {
    "summary": "fix: increase min cmake version",
    "description": "Side note:\n* Ubuntu 16.04 comes with cmake 3.5\n* Ubuntu 14.04 comes with cmake 2.8 but can easily be upgraded to cmake 3.5:\nsudo apt-get remove cmake\nsudo apt-get update\nsudo apt-get install cmake3\nref: cmake3\n"
  },
  "696": {
    "summary": "Fixed a yolov3 resolution bug",
    "description": "Sorry , I got a mistake that my upload code set resolution as a constant (416)\n"
  },
  "706": {
    "summary": "load_param_mem () function has a bug on windows",
    "description": "a param file like below:\n7767517\n22 24\nInput input 0 1 data 0=184 1=240 2=3\nConvolution conv1 1 1 data conv1 0=32 1=3 2=1 3=2 4=1 5=1 6=864\nReLU relu1 1 1 conv1 conv1_relu1\nAfter the last param of conv1, 864 , was loaded, _internal_nconsumed was still 3, and when loading n for next line, nReLU ... , it cause the ptr+3 and pointing to LU relu1 1 1 conv1 conv1_relu1 , so error occurs.\nthat means after lastest param was loaded, _internal_nconsumed should be 1. but now it was still 3. \nif that param is not 864, for example is a 1024 , ptr will pointing to U relu1 1 .. ."
  },
  "713": {
    "summary": "add the armv7a conv1x1s1 sgemm int8 implement without overflow : )",
    "description": "The new implement of conv1x1s1 int8 using sgemm without overflow,and the speed faster a little."
  },
  "719": {
    "summary": "update ios.toolchain.cmake and deploy on modern travis ci",
    "description": ""
  },
  "722": {
    "summary": "Add cmake files for cross-build ncnn which running in linux on arm based chips",
    "description": "add building cmake files for Hisilicon Hi3559a, arm-linux-gnueabi or arm-linux-gnueabihf toolchain, aarch64-linux-gnu toolchain. All of these targets will working on linux (not for android).\nAn benchmark example for hi3519V101\n (cmake hisiv500.toolchain.cmake ..):\n/mnt/test # taskset 2 benchncnn 8 1 0\nloop_count = 8\nnum_threads = 1\npowersave = 0\n squeezenet min = 270.72 max = 271.73 avg = 271.09\n mobilenet min = 477.12 max = 478.19 avg = 477.73\n mobilenet_v2 min = 341.47 max = 344.06 avg = 342.51\n shufflenet min = 149.14 max = 150.08 avg = 149.75\n mnasnet min = 300.53 max = 301.78 avg = 301.35\n proxylessnasnet min = 349.60 max = 351.62 avg = 350.88\n googlenet min = 1091.16 max = 1120.54 avg = 1096.04\n resnet18 min = 968.44 max = 993.90 avg = 974.17\n alexnet min = 1132.63 max = 1162.33 avg = 1136.67\nSegmentation fault\n (benchmark for VGG will not pass on hi3519, and i does not skip it this time) \nlinked issues \n#677 #675 #674 #399 #271 #104 #54 #28 "
  },
  "732": {
    "summary": "20181224版本，无法读入转换后的模型的问题。",
    "description": "template typename T bool readValue (T val, FILE * fp)\n{\n size_t res = fread ( val, sizeof (T), 1, fp) \n if (res = sizeof (T)) {\n fprintf (stderr, issue with param file n ) \n return false \n }\n return true \n}\nint Net::load_param_bin (FILE* fp)\n{\n int magic = 0 \n if ( readValue (magic, fp))\n return -1 \n if (magic = 7767517)\n {\n fprintf (stderr, param is too old, please n ) \n return -1 \n }\n...\n}\n上述代码中以下是否有问题，res=1，sizeof (T)=4，return false，导致模型无法读入， 求帮助。\n size_t res = fread ( val, sizeof (T), 1, fp) \n if (res = sizeof (T)) {\n fprintf (stderr, issue with param file n ) \n return false \n }"
  },
  "737": {
    "summary": "fix missing branch in arm 3x3s2 conv",
    "description": "the #ifdef __ARM_NEON was missed here, which will cause memory overflow in NEON mode."
  },
  "738": {
    "summary": " add the armv7a conv3x3s2, s2 int8 implement without overflow : )",
    "description": "It s worked on armv7a platform,The following layer is supported int8 inference without overflow:\n1. convolution 3x3s2 int8 packed\n2. convolutiondw 3x3s1 int8\n3. convolutiondw 3x3s2 int8\nI will try my best to implement the int8 winograd with F[2,3],before the spring festival."
  },
  "741": {
    "summary": "fix the wrong variable name that cause wrong results. ",
    "description": ""
  },
  "744": {
    "summary": "Modify mean to [1.0,1.0,1.0] , yolo",
    "description": "I got a mistake to set wrong parameter , so I fixed it and check again , left is caffe yolov3 output and right is ncnn output\n [image]/15793472/50820141-ecaf1580-1366-11e9-89de-6ba8d790b93d.png\n"
  },
  "746": {
    "summary": "add the armv7a conv3x3s1 implement without overflow",
    "description": "1. add the armv7a conv3x3s1 implement without overflow \n2. remove old codes \n3. fix the bug of conv3x3s2 packed int8.\nBy The Way,fix the bug that int8 overflow on armv7a platform has been completed "
  }
}