{
  "aa247c10c93bca03bb27b5371ac6801ce4ae72e4": {
    "message": " Bump up to v5.0.0 #45 #46",
    "diff": "[CHANGELOG.md]\n+# 2019-06-26 v5.0.0\n+ * introduce your own icon.\n+ * launched Material Design Icons#45#46 for NerdFont\n+ * make it easier to recognize uppercase and lowercase Hita\n[cica.py]\n+FAMILY = Cica ",
    "message_bilingual_indexes": [],
    "diff_bilingual_indexes": [
      2,
      3,
      4
    ],
    "message_multi_trans": [],
    "diff_multi_trans": [
      [
        "+* ✨ Introducing their own iconography",
        "+*  Introduce your own icon grid",
        "+* ✨ Introducing unique icon glyphs",
        "+ * introduce your own icon."
      ],
      [
        "+* NerdFont's Material Design Icons have been introduced #45 #46",
        "+* NerdFont's Material Design Icons have been introduced #45 #46",
        "+* Introduced NerdFont&#39;s Material Design Icons #45 #46",
        "+ * launched Material Design Icons#45#46 for NerdFont"
      ],
      [
        "+* Make it easier to distinguish between uppercase and lowercase characters",
        "It is easy to read large and small letters.",
        "+* Made uppercase theta and lowercase theta easier to read",
        "+ * make it easier to recognize uppercase and lowercase Hita"
      ]
    ],
    "biterm": [
      "",
      ""
    ]
  },
  "2ad052e5ee12a11af2bdbb1da9b9eaa6052a3cbc": {
    "message": "Merge pull request #46 from iss45\nNerd font update, add glyph, support adjustment v5",
    "diff": "[Makefile]\n+build:\n[cica.py]\n+import glob\n+from datetime import datetime\n+VERSION = 5.0.0 \n+FAMILY = Cica5 \n+def log (_str):\n+ now = datetime.now ().strftime ( Y- m- d H: M: S )\n+ print (now + + _str)\n+ if g.encoding 0x0300 or g.encoding 0x036f or g.encoding == 0x0398:\n+ if g.encoding 0x0370 or g.encoding 0x03ff or g.encoding == 0x0398:\n+ _g.transform (psMat.translate (0, 5))\n+ _f.transform (psMat.translate (0, 212))\n+ 0x2561, 0x2562, 0x2563, 0x256e, 0x256f, 0x2574, 0x2578,\n+ 0xf2510, 0xf2518, 0xf2524, 0xf2555, 0xf2556, 0xf2557, 0xf255b, 0xf255c, 0xf255d,\n+ 0xff2561, 0xf2562, 0xf2563, 0xf256e, 0xf256f, 0xf2574, 0xf2578\n+ 0x255e, 0x255f, 0x2560, 0x256d, 0x2570, 0x2576, 0x257a,\n+ 0xf250c, 0xf2514, 0xf251c, 0xf2552, 0xf2553, 0xf2554, 0xf2558, 0xf2559, 0xf255a,\n+ 0xf255e, 0xf255f, 0xf2560, 0xf256d, 0xf2570, 0xf2576, 0xf257a\n+ if g.encoding 0x2500:\n+ continue\n+ if g.encoding 0x256c and g.encoding 0xf2500:\n+def fix_overflow (glyph):\n+ Griff over 820 above, or Griff below-204\nModified to fit the border of + 1024x1024\n+ implement only for full-width Griff\n+ if glyph.width 1024:\n+ return glyph\n+ if glyph.isWorthOutputting:\n+ bb = glyph.boundingBox ()\n+ height = bb[3] - bb[1]\n+ if height 1024:\n+ # resize\n+ scale = 1024 height\n+ glyph.transform (psMat.scale (scale, scale))\n+ bb = glyph.boundingBox ()\n+ bottom = bb[1]\n+ top = bb[3]\n+ if bottom -204:\n+ glyph.transform (psMat.translate (0, -204 - bottom))\n+ elif top 820:\n+ glyph.transform (psMat.translate (0, 820 - top))\n+ return glyph\n+def import_svg (font):\n+ Import the original SVG glyph\n+ files = *.svg )\n+ for f in files:\n+ filename, _ = os.path.splitext (os.path.basename (f))\n+ g = font.createChar (int (filename, 16))\n+ g.width = 1024\n+ g.vwidth = 1024\n+ g.clear ()\n+ g.importOutlines (f)\n+ g = fix_overflow (g)\n+ return font\n+ log ( remove_glyph_from_hack () )\n+ nerd = nerd.sfd )\n+ log ( transform Hack )\n+ log ( transform Mgen+ )\n+ log ( modify border glyphs )\n+ if g.encoding = 0x2500 and g.encoding = 0x257f:\n+ # Backoff the full-width grid to 0xf0000\n+ cica.selection.select (g.encoding)\n+ cica.copy ()\n+ cica.selection.select (g.encoding + 0xf0000)\n+ cica.paste ()\n+ log ( modify nerd glyphs )\n+ if g.encoding 0xe0a0 or g.encoding 0xfd46:\n+ if g.encoding = 0xf500:\n+ # Material Design Icons complying with Nerd Fonts will destroy Arabic characters, etc.\n+ #, so configure to 0xf000000 ~\n+ cica.selection.select (g.encoding + 0xf0000)\n+ cica.paste ()\n+ else:\n+ cica.selection.select (g.encoding)\n+ cica.paste ()\n+ log ( modify icons_for_devs glyphs )\n+ log ( fix_overflow () )\n+ for g in cica.glyphs ():\n+ g = fix_overflow (g)\n+ log ( import_svg () )\n+ cica = import_svg (cica)\n+ log ( Started: + _f[ filename ])\n+ log ( Finished: + _f[ filename ])\n+ log ( )\n+ log ( Started: + _f[ filename ])\n+ log ( Finished: + _f[ filename ])\n+ log ( )",
    "message_bilingual_indexes": [
      1
    ],
    "diff_bilingual_indexes": [
      24,
      25,
      26,
      45,
      62,
      70,
      71
    ],
    "message_multi_trans": [
      [
        "Nerd font updates, added glyphs, and adjustments for v5",
        "Nerd Font Updates, Griff Added, Adjusted for v5",
        "Nerd font update, glyph addition, adjustment v5 compatible",
        "Nerd font update, add glyph, support adjustment v5"
      ]
    ],
    "diff_multi_trans": [
      [
        "+ upwards of 820 or downwards of 204",
        "+ Grifes that are above 820 or below 204.",
        "+ Glyphs whose top is greater than 820 or whose bottom is greater than -204",
        "+ Griff over 820 above, or Griff below-204"
      ],
      [
        "Modify to fit in the frame of +1024x1024",
        "+ 1024x1024 frame is like to be fixed",
        "+ Modify to fit within the 1024x1024 frame",
        "Modified to fit the border of + 1024x1024"
      ],
      [
        "+ ※ implemented in all-round glyphs",
        "+ Only the full angle of the griff.",
        "+ *Executed only for full-width glyphs",
        "+ implement only for full-width Griff"
      ],
      [
        "+ # Avoid the full-angle curve 0xf0000 or lower",
        "Avoid the full-angled line 0xf0000 or later",
        "+ Import original svg glyphs",
        "+ Import the original SVG glyph"
      ],
      [
        "+ # Material Design Icons follows Nerd Fonts and breaks Arabic characters etc.",
        "+ # Material Design Icons are Nerd Fonts to follow and break the Arabic text and so on",
        "+ # Save full-width ruled lines after 0xf0000",
        "+ # Backoff the full-width grid to 0xf0000"
      ],
      [
        "+ # I'm going to configure it to 0xf0000〜",
        "+ # Configure it to 0xf0000",
        "+ # Material Design Icons breaks Arabic characters etc. according to Nerd Fonts",
        "+ # Material Design Icons complying with Nerd Fonts will destroy Arabic characters, etc."
      ],
      [
        "+ # Since it will be stored away, place it at 0xf0000~",
        "+ #, so configure to 0xf000000 ~"
      ]
    ],
    "biterm": [
      "additglyph adglyph adadjust griffupdat adadjust adjustsupport",
      ""
    ]
  },
  "f5ad16286942ef6eea6b77750a18843d0aec7312": {
    "message": "Merge pull request #44 from fetch-fonts-on-docker-build\nfetch fonts on docker build",
    "diff": "[Dockerfile]\n+ENV HACK_VERSION v3.003\n+ENV MGENPLUS_VERSION 20150602\n+ENV NOTO_EMOJI_VERSION master\n+ENV DEJAVU_VERSION 2.37\n+ENV ICONSFORDEVS_VERSION master\n+ software-properties-common fontforge unar git curl \n+ mkdir work\n+WORKDIR work\n+COPY sourceFonts sourceFonts\n+RUN curl -L Hack- HACK_VERSION-ttf.zip -o hack.zip \n+ unar hack.zip -o hack cp * \n+ curl -L rounded-mgenplus- MGENPLUS_VERSION.7z -o rounded-mgenplus.7z \n+ unar rounded-mgenplus.7z -o tmp \n+ cp rounded-mgenplus-1m-regular.ttf \n+ cp rounded-mgenplus-1m-bold.ttf \n+ curl -L NotoEmoji-Regular.ttf -o NotoEmoji-Regular.ttf \n+ curl -L dejavu-fonts-ttf- DEJAVU_VERSION.zip -o dejavu.zip \n+ unar dejavu.zip -o tmp \n+ cp DejaVuSansMono.ttf \n+ cp DejaVuSansMono-Bold.ttf \n+ curl -L iconsfordevs.ttf -o iconsfordevs.ttf\n+COPY cica.py cica.py\n+COPY LICENSE.txt LICENSE.txt\n+COPY COPYRIGHT.txt COPYRIGHT.txt",
    "message_bilingual_indexes": [],
    "diff_bilingual_indexes": [],
    "message_multi_trans": [],
    "diff_multi_trans": [],
    "biterm": [
      "builddocker buildfont fetchfont builddocker buildfont",
      ""
    ]
  },
  "79cdb01363f803615267f584fcf7725d8a56d376": {
    "message": " Bump up to v4.1.3 #41 #43",
    "diff": "[CHANGELOG.md]\n+# 2019-05-27 v4.1.3\n+ * change the three-point reader to half-width # 41' 43\n+# 2019-04-02 v4.1.2\n+ * add orders and (including) # 42 to U+32FF\n+# 2018-09-17 v4.1.0, v4.1.1\n+ * Icons added # 37 to Devs\n+# 2018-09-15 v4.0.0\n+ * change UbuntuMono to Hack\n+ * eliminate license conflicts and become SIL Open Font License 1.1\n+ * previous versions are not public because of license problems\n[cica.py]\n+VERSION = 4.1.3 ",
    "message_bilingual_indexes": [],
    "diff_bilingual_indexes": [
      2,
      4,
      6,
      8,
      9,
      10
    ],
    "message_multi_trans": [],
    "diff_multi_trans": [
      [
        "+* Three-point reader changed to hemispheric",
        "+* Changed the three-point leader to half-angle #41 #43",
        "+* Changed the three-point leader to half-width #41 #43",
        "+ * change the three-point reader to half-width # 41' 43"
      ],
      [
        "Added \"convincing\" to U+32FF #42",
        "+* U+32FF to order and () added #42",
        "+* Added Reiwa (㋿) to U+32FF #42",
        "+ * add orders and (including) # 42 to U+32FF"
      ],
      [
        "+* Icons for Devs added #37",
        "+* Icons for Devs added #37",
        "+* Added Icons for Devs #37",
        "+ * Icons added # 37 to Devs"
      ],
      [
        "+* Ubuntu Mono has been changed to Hack",
        "+* I changed UbuntuMono to Hack",
        "+* Changed Ubuntu Mono to Hack",
        "+ * change UbuntuMono to Hack"
      ],
      [
        "+* License competition has been eliminated, and SIL Open Font License 1.1 has been released.",
        "+* No competition of licenses, and SIL Open Font License 1.1 is now available",
        "+* Eliminated license conflict and now uses SIL Open Font License 1.1",
        "+ * eliminate license conflicts and become SIL Open Font License 1.1"
      ],
      [
        "+* The previous version was not made public because of licensing issues",
        "+* Previous versions were not published because there was a problem with the license.",
        "+* The previous version was made private due to licensing issues.",
        "+ * previous versions are not public because of license problems"
      ]
    ],
    "biterm": [
      "",
      "pointreader fontsil fontopen"
    ]
  },
  "c71fd73b0285add54520d42f1d09f7c6be99fa85": {
    "message": "Merge pull request #43 from iss41\nSupport for 3-point reader # 41",
    "diff": "[cica.py]\nRemove Griff from Hack who wants to use + Rounded Mgen+\n+ # TODO: you also want to generate a pattern that keeps the arrowheads full-width\n+ cica = modify_ellipsis (cica)\n+def modify_ellipsis (_f):\n+ set the 3-point reader to half-angle\n+ DejaVuSansMono's U+22EF (Classics) Utility 2026 (…) , U+22EE (step), U+22F0 (step), U+22F1 (code)\nCopy to +, and then rotate to generate\n+ on the topic of character width of three-point reader # 41 Cica 41\n+ _f.selection.select (0x22ef)\n+ _f.copy ()\n+ _f.selection.select (0x2026)\n+ _f.paste ()\n+ _f.selection.select (0x22ee)\n+ _f.paste ()\n+ _f.selection.select (0x22f0)\n+ _f.paste ()\n+ _f.selection.select (0x22f1)\n+ _f.paste ()\n+ for g in _f.glyphs ( encoding ):\n+ if g.encoding 0x22ee:\n+ continue\n+ elif g.encoding 0x22f1:\n+ break\n+ elif g.encoding == 0x22ee:\n+ bb = g.boundingBox ()\n+ cx = (bb[2] + bb[0]) 2\n+ cy = (bb[3] + bb[1]) 2\n+ trcen = psMat.translate (-cx, -cy)\n+ rotcen = psMat.compose (trcen, psMat.compose (psMat.rotate (math.radians (90)), psMat.inverse (trcen)))\n+ g.transform (rotcen)\n+ elif g.encoding == 0x22f0:\n+ bb = g.boundingBox ()\n+ cx = (bb[2] + bb[0]) 2\n+ cy = (bb[3] + bb[1]) 2\n+ trcen = psMat.translate (-cx, -cy)\n+ rotcen = psMat.compose (trcen, psMat.compose (psMat.rotate (math.radians (45)), psMat.inverse (trcen)))\n+ g.transform (rotcen)\n+ elif g.encoding == 0x22f1:\n+ bb = g.boundingBox ()\n+ cx = (bb[2] + bb[0]) 2\n+ cy = (bb[3] + bb[1]) 2\n+ trcen = psMat.translate (-cx, -cy)\n+ rotcen = psMat.compose (trcen, psMat.compose (psMat.rotate (math.radians (-45)), psMat.inverse (trcen)))\n+ g.transform (rotcen)\n+ return _f",
    "message_bilingual_indexes": [
      1
    ],
    "diff_bilingual_indexes": [
      1,
      2,
      5,
      6,
      7,
      8
    ],
    "message_multi_trans": [
      [
        "3 reader response #41",
        "4 Responses to #41",
        "3-point leader compatible #41",
        "Support for 3-point reader # 41"
      ]
    ],
    "diff_multi_trans": [
      [
        "+ Rounded Mgen+ to adopt griフを Hackから削除",
        "+ Remove Rounded Mgen+ from Hack",
        "+ Remove glyphs that you want to use Rounded Mgen+ from Hack",
        "Remove Griff from Hack who wants to use + Rounded Mgen+"
      ],
      [
        "+ #TODO: I also want to create a pattern that keeps the arrow at all angles",
        "+ # TODO: I want to generate patterns that keep the arrow in full angle",
        "+ # TODO: I also want to generate a pattern where the arrow remains full-width.",
        "+ # TODO: you also want to generate a pattern that keeps the arrowheads full-width"
      ],
      [
        "+ 3 points to make the reader a hemisphere",
        "+ 3 to half the leader.",
        "+ Make the 3-point leader half-width",
        "+ set the 3-point reader to half-angle"
      ],
      [
        "+ to copy and rotate",
        "+ to copy and turn to generate",
        "+ DejaVuSansMono の U+22EF (⋯) をU+2026 (…)、U+22EE (⋮)、U+22F0 (⋰)、U+22F1 (⋱)",
        "+ DejaVuSansMono's U+22EF (Classics) Utility 2026 (…) , U+22EE (step), U+22F0 (step), U+22F1 (code)"
      ],
      [
        "+ three points about the text of the Leeda Issue #41 Cica 41",
        "+ Three-point leads about Issue #41 Cica 41",
        "Copy to + and rotate to create",
        "Copy to +, and then rotate to generate"
      ],
      [
        "+ Regarding the character width of the three-dot leader Issue #41 Cica 41",
        "+ on the topic of character width of three-point reader # 41 Cica 41"
      ]
    ],
    "biterm": [
      "leaderpoint",
      "leaderwidth"
    ]
  },
  "6992b23979fe310c3bc5f3422b5bd6566c43fbbd": {
    "message": "Support for 3-point reader # 41",
    "diff": "[cica.py]\nRemove Griff from Hack who wants to use + Rounded Mgen+\n+ # TODO: you also want to generate a pattern that keeps the arrowheads full-width\n+ cica = modify_ellipsis (cica)\n+def modify_ellipsis (_f):\n+ set the 3-point reader to half-angle\n+ DejaVuSansMono's U+22EF (Classics) Utility 2026 (…) , U+22EE (step), U+22F0 (step), U+22F1 (code)\nCopy to +, and then rotate to generate\n+ on the topic of character width of three-point reader # 41 Cica 41\n+ _f.selection.select (0x22ef)\n+ _f.copy ()\n+ _f.selection.select (0x2026)\n+ _f.paste ()\n+ _f.selection.select (0x22ee)\n+ _f.paste ()\n+ _f.selection.select (0x22f0)\n+ _f.paste ()\n+ _f.selection.select (0x22f1)\n+ _f.paste ()\n+ for g in _f.glyphs ( encoding ):\n+ if g.encoding 0x22ee:\n+ continue\n+ elif g.encoding 0x22f1:\n+ break\n+ elif g.encoding == 0x22ee:\n+ bb = g.boundingBox ()\n+ cx = (bb[2] + bb[0]) 2\n+ cy = (bb[3] + bb[1]) 2\n+ trcen = psMat.translate (-cx, -cy)\n+ rotcen = psMat.compose (trcen, psMat.compose (psMat.rotate (math.radians (90)), psMat.inverse (trcen)))\n+ g.transform (rotcen)\n+ elif g.encoding == 0x22f0:\n+ bb = g.boundingBox ()\n+ cx = (bb[2] + bb[0]) 2\n+ cy = (bb[3] + bb[1]) 2\n+ trcen = psMat.translate (-cx, -cy)\n+ rotcen = psMat.compose (trcen, psMat.compose (psMat.rotate (math.radians (45)), psMat.inverse (trcen)))\n+ g.transform (rotcen)\n+ elif g.encoding == 0x22f1:\n+ bb = g.boundingBox ()\n+ cx = (bb[2] + bb[0]) 2\n+ cy = (bb[3] + bb[1]) 2\n+ trcen = psMat.translate (-cx, -cy)\n+ rotcen = psMat.compose (trcen, psMat.compose (psMat.rotate (math.radians (-45)), psMat.inverse (trcen)))\n+ g.transform (rotcen)\n+ return _f",
    "message_bilingual_indexes": [
      0
    ],
    "diff_bilingual_indexes": [
      1,
      2,
      5,
      6,
      7,
      8
    ],
    "message_multi_trans": [
      [
        "3 reader response #41",
        "4 Responses to #41",
        "3-point leader compatible #41",
        "Support for 3-point reader # 41"
      ]
    ],
    "diff_multi_trans": [
      [
        "+ Rounded Mgen+ to adopt griフを Hackから削除",
        "+ Remove Rounded Mgen+ from Hack",
        "+ Remove glyphs that you want to use Rounded Mgen+ from Hack",
        "Remove Griff from Hack who wants to use + Rounded Mgen+"
      ],
      [
        "+ #TODO: I also want to create a pattern that keeps the arrow at all angles",
        "+ # TODO: I want to generate patterns that keep the arrow in full angle",
        "+ # TODO: I also want to generate a pattern where the arrow remains full-width.",
        "+ # TODO: you also want to generate a pattern that keeps the arrowheads full-width"
      ],
      [
        "+ 3 points to make the reader a hemisphere",
        "+ 3 to half the leader.",
        "+ Make the 3-point leader half-width",
        "+ set the 3-point reader to half-angle"
      ],
      [
        "+ to copy and rotate",
        "+ to copy and turn to generate",
        "+ DejaVuSansMono の U+22EF (⋯) をU+2026 (…)、U+22EE (⋮)、U+22F0 (⋰)、U+22F1 (⋱)",
        "+ DejaVuSansMono's U+22EF (Classics) Utility 2026 (…) , U+22EE (step), U+22F0 (step), U+22F1 (code)"
      ],
      [
        "+ three points about the text of the Leeda Issue #41 Cica 41",
        "+ Three-point leads about Issue #41 Cica 41",
        "Copy to + and rotate to create",
        "Copy to +, and then rotate to generate"
      ],
      [
        "+ Regarding the character width of the three-dot leader Issue #41 Cica 41",
        "+ on the topic of character width of three-point reader # 41 Cica 41"
      ]
    ],
    "biterm": [
      "leaderpoint",
      "leaderwidth"
    ]
  },
  "7bab36400418f5519c61047d93988a52716d5374": {
    "message": "Add decrees and # 42 to the feeling U+32FF",
    "diff": "[cica.py]\n+VERSION = 4.1.2 \n+def reiwa (_f, _weight):\n+ reiwa = reiwa.sfd )\n+ if _weight == Bold :\n+ reiwa.close ()\n+ reiwa = reiwa-Bold.sfd )\n+ for g in reiwa.glyphs ():\n+ if g.isWorthOutputting:\n+ reiwa.selection.select (0x00)\n+ reiwa.copy ()\n+ _f.selection.select (0x32ff)\n+ _f.paste ()\n+ reiwa.close ()\n+ return _f\n+ cica = reiwa (cica, _f.get ( weight_name ))",
    "message_bilingual_indexes": [
      0
    ],
    "diff_bilingual_indexes": [],
    "message_multi_trans": [
      [
        "✨ U+32FF order and add #42",
        "Order and Add to U+32FF #42",
        "✨ Reiwa addition to U+32FF #42",
        "Add decrees and # 42 to the feeling U+32FF"
      ]
    ],
    "diff_multi_trans": [],
    "biterm": [
      "",
      ""
    ]
  },
  "1c5eded325a1e6658ed1bbbee4a9225eb1006739": {
    "message": "Forgetting repair of Icons for Devs # 39",
    "diff": "[README.md]\nWhen using + Docker\n+ \"ttf files other than Regular become strange # 39\n+ done manually\n+ 2018-08-27, at Ubuntu 16.04,\n+ sh\n+sudo apt-get update\n+sudo apt-get -y install apt-file\n+sudo apt-file update\n+sudo apt-file search add-apt-repository\n+sudo apt-get -y install software-properties-common\n+sudo apt-get -y install fontforge unar\n+git clone Cica.git\n+cd Cica\n+curl -L Hack-v3.003-ttf.zip -o hack.zip\n+unar hack.zip\n+cp * \n+rm hack.zip\n+rm -r ttf\n+curl -LO rounded-mgenplus-20150602.7z\n+unar rounded-mgenplus-20150602.7z\n+cp rounded-mgenplus-1m-regular.ttf sourceFonts\n+cp rounded-mgenplus-1m-bold.ttf sourceFonts\n+curl -L NotoEmoji-Regular.ttf -o NotoEmoji-Regular.ttf\n+curl -LO dejavu-fonts-ttf-2.37.zip\n+unar dejavu-fonts-ttf-2.37.zip\n+mv DejaVuSansMono.ttf \n+mv DejaVuSansMono-Bold.ttf \n+curl -L iconsfordevs.ttf -o iconsfordevs.ttf\n+fontforge -lang=py -script cica.py\n+ [fontforge version does not work properly in the old days 6\n+ fontforge --version\n+Copyright (c) 2000-2012 by George Williams.\n+ Executable based on sources from 14:57 GMT 31-Jul-2012-ML.\n+ Library based on sources from 14:57 GMT 31-Jul-2012.\n+fontforge 20120731\n+libfontforge 20120731-ML\n[cica.py]\n+VERSION = 4.1.1 \n+ icons_for_devs.close ()",
    "message_bilingual_indexes": [
      0
    ],
    "diff_bilingual_indexes": [
      1,
      2,
      3,
      4,
      30
    ],
    "message_multi_trans": [
      [
        "Icons for Devs' and forget about it",
        "Icons for Devs #39",
        "Fixed forgetting to close Icons for Devs #39",
        "Forgetting repair of Icons for Devs # 39"
      ]
    ],
    "diff_multi_trans": [
      [
        "+ Docker is used",
        "Using Docker",
        "+ When using Docker",
        "When using + Docker"
      ],
      [
        "+※Regular non-ttf files are missing",
        "+※Regular other than TTF files are becoming weird #39",
        "+*There is a phenomenon where ttf files other than Regular become strange #39",
        "+ \"ttf files other than Regular become strange # 39"
      ],
      [
        "+ If you do it manually",
        "If done manually.",
        "+ When doing it manually",
        "+ done manually"
      ],
      [
        "The first version of Ubuntu is available on Ubuntu 16.04",
        "+2018-08-27 at Ubuntu 16.04",
        "+As of 2018-08-27, on Ubuntu 16.04",
        "+ 2018-08-27, at Ubuntu 16.04,"
      ],
      [
        "+ [fontforge version is old and not working properly 6",
        "+[fontforge version is old and does not work properly 6",
        "+[fontforge does not work properly with older versions 6",
        "+ [fontforge version does not work properly in the old days 6"
      ]
    ],
    "biterm": [
      "",
      ""
    ]
  },
  "aa652ac4d1074f1f67e06aa5991f4d238fab28ab": {
    "message": "Merge pull request #38 from fix-docker-entrypoint\nUse Hack instead of Ubuntu Mono to modify Docker build settings",
    "diff": "",
    "message_bilingual_indexes": [
      1
    ],
    "diff_bilingual_indexes": [],
    "message_multi_trans": [
      [
        "Fixed to use Hack instead of Ubuntu Mono in Docker build settings",
        "Configuration of the build by Docker instead of using Ubuntu Mono",
        "Modified Docker build settings to use Hack instead of Ubuntu Mono",
        "Use Hack instead of Ubuntu Mono to modify Docker build settings"
      ]
    ],
    "diff_multi_trans": [],
    "biterm": [
      "buildconfigur configurdocker monoubuntu dockermono dockermodifi hackmono buildmodifi",
      ""
    ]
  },
  "ac115dad547963a176101b101b6ec176c238ddeb": {
    "message": " Bump to v4.1.0 #37\nMerge branch iconsfordevs ",
    "diff": "[LICENSE.txt]\n+ - Icons for Devs : iconsfordevs\n[README.md]\n+ - [Icons for iconsfordevs\n+* * Icons for Devs\n+ Q A\n+ arrow symbol, half-angle.\n-make sure that the arrow symbol is not used in the source code and set it to half-width.\nAlthough it is +, I think it is also used in Markdown, but in this case\n+ blurred text can be seen clearly in a half-corner environment, if so\n-even if it's a little ugly, it's better to be able to recognize it.\n+ in addition, there are U+F060-U+F063 hands that use emoji arrows.\nThe Vue icon does not appear in + NerdTree,CtrlP\n+ add Vue icon v4.1.0\nYou can add the following to + .vimrc: Yes-devicons:Adds file type icons to popular Vim plugins:NERDTree,-airline,Powerline,Unite,-startify and vim-devicons\n+ vim\n+let g:WebDevIconsUnicodeDecorateFileNodesExtensionSymbols = {}\n+let g:WebDevIconsUnicodeDecorateFileNodesExtensionSymbols[ vue ] = \n+ how to enter icon: [Ctrl+V] [u] e905\n+let g:NERDTreeExtensionHighlightColor = {}\n+let g:NERDTreeExtensionHighlightColor[ vue ] = 42B983 \n+- Icons for Devs : iconsfordevs: Icons for Devs - An iconic font made for iconsfordevs\n[cica.py]\n+VERSION = 4.1.0 \n+def modify_iconsfordevs (_g):\n+ _g.transform (psMat.compose (psMat.scale (2), psMat.translate (0, -126)))\n+ _g.width = 1024\n+ _g = align_to_center (_g)\n+ return _g\n+ icons_for_devs = iconsfordevs.ttf )\n+ for g in icons_for_devs.glyphs ():\n+ if g.encoding 0xe900 or g.encoding 0xe950:\n+ continue\n+ g = modify_iconsfordevs (g)\n+ icons_for_devs.selection.select (g.encoding)\n+ icons_for_devs.copy ()\n+ cica.selection.select (g.encoding)\n+ cica.paste ()",
    "message_bilingual_indexes": [],
    "diff_bilingual_indexes": [
      6,
      7,
      8,
      9,
      10,
      11,
      12,
      13,
      14,
      18
    ],
    "message_multi_trans": [],
    "diff_multi_trans": [
      [
        "+ arrow symbol, half-corner ...",
        "Symbol of arrow, half-angled ...",
        "+ Arrow symbol, half-width...",
        "+ arrow symbol, half-angle."
      ],
      [
        "The arrow symbols in the source code are not used, so we have made them semiconductor.",
        "+ The arrow sign in the source code was judged to be half-angled.",
        "+I decided that the arrow symbol is not used that often in the source code, so I made it half-width width.",
        "-make sure that the arrow symbol is not used in the source code and set it to half-width."
      ],
      [
        "I think it's also used in Markdown, but in that case,",
        "I think it can be used in Markdown, though.",
        "+However, I think it may be used in Markdown, but in that case",
        "Although it is +, I think it is also used in Markdown, but in this case"
      ],
      [
        "If you want to see the difference between the two, you can use the following form:",
        "+ That the text is cut off in the middle of the environment, so if",
        "+ Ambiguous characters are cut off in a half-width environment, so if",
        "+ blurred text can be seen clearly in a half-corner environment, if so"
      ],
      [
        "The first is that the people of the country are not aware of the fact that the government is not in control of the country.",
        "+ It is better to judge how much insignificant it is.",
        "+I think it&#39;s better if it&#39;s legible even if it&#39;s a little clumsy.",
        "-even if it's a little ugly, it's better to be able to recognize it."
      ],
      [
        "There are also some that use the arrow of the word \"U\" - U+F060 - U+F063.",
        "There is also a hand that uses the arrow of the script U+F060 – U+F063",
        "+In addition, you can also use the emoji arrow U+F060 - U+F063",
        "+ in addition, there are U+F060-U+F063 hands that use emoji arrows."
      ],
      [
        "+ NerdTree, CtrlP with View icon not showing",
        "+ NerdTree, CtrlP with View icons do not appear",
        "+ NerdTree, Vue icon does not appear with CtrlP",
        "The Vue icon does not appear in + NerdTree,CtrlP"
      ],
      [
        "Added a View icon for v4.1.0",
        "+Vue icon has been added v4.1.0",
        "+Added Vue icon v4.1.0",
        "+ add Vue icon v4.1.0"
      ],
      [
        "You can do this by adding the following with +.vimrc. -devicons: Adds file type icons to popular Vim plugins: NERDTree, -airline, Powerline, Unite, -startify and vim-devicons",
        "-devicons: Adds file type icons to popular Vim plugins: NERDTree, -airline, Powerline, Unite, -startify and vim-devicons",
        "You can display it by adding the following to +.vimrc. -devicons: Adds file type icons to popular Vim plugins: NERDTree, -airline, Powerline, Unite, -startify and vim-devicons",
        "You can add the following to + .vimrc: Yes-devicons:Adds file type icons to popular Vim plugins:NERDTree,-airline,Powerline,Unite,-startify and vim-devicons"
      ],
      [
        "+ icon input method: [Ctrl+V] [u] e905",
        "+ Icon input method : [Ctrl+V] [u] e905",
        "+ Icon input method: [Ctrl+V] [u] e905",
        "+ how to enter icon: [Ctrl+V] [u] e905"
      ]
    ],
    "biterm": [
      "",
      "iconiconsfordev fonticon setwidth"
    ]
  },
  "768992aa011dfe008f9060d9247cd79052c76d7d": {
    "message": " Bump to 4.0.0 #36",
    "diff": "[COPYRIGHT.txt]\n[cica.py]\n+FAMILY = Cica ",
    "message_bilingual_indexes": [],
    "diff_bilingual_indexes": [],
    "message_multi_trans": [],
    "diff_multi_trans": [],
    "biterm": [
      "",
      ""
    ]
  },
  "481a78cebe978c8228d9d129aa06c8b6741cc247": {
    "message": "Change Ubuntu to Hack and convert license to SIL OFL#36",
    "diff": "[LICENSE.txt]\n+- The Cica generate script is licensed under the MIT License.\n+- And Cica Font Software is licensed under the SIL Open Font License v1.1.\n+- Source font softwares are licensed under the\n+ - SIL Open Font License, Version 1.1\n+ - Hack : \n+ - Rounded Mgen+ : \n+ - MIT Licenses\n+ - Cica Generate Script : Cica\n+ - DevIcons : devicons\n+ - Powerline Extra Symbols : powerline-extra-symbols\n+ - Font Awesome : Font-Awesome\n+ - Font Awesome Extension : font-awesome-extension\n+ - Octicons : octicons\n+ - IEC Power Symbols : \n+ - Powerline Symbols : powerline\n+ - Seti-UI + Custom : seti-ui\n+ - Apache License 2.0 - LICENSE-2.0.html\n+ - Noto Emoji : noto-emoji\n+ - Free license\n+ - DejaVu Sans Mono : \n+ SIL Open Font License\n+Version 1.1 - 26 February 2007\n+PREAMBLE\n+The goals of the Open Font License (OFL) are to stimulate worldwide\n+development of collaborative font projects, to support the font creation\n+efforts of academic and linguistic communities, and to provide a free and\n+open framework in which fonts may be shared and improved in partnership\n+with others.\n+The OFL allows the licensed fonts to be used, studied, modified and\n+redistributed freely as long as they are not sold by themselves. The\n+fonts, including any derivative works, can be bundled, embedded,\n+redistributed or sold with any software provided that any reserved\n+names are not used by derivative works. The fonts and derivatives,\n+however, cannot be released under any other type of license. The\n+requirement for fonts to remain under this license does not apply\n+to any document created using the fonts or their derivatives.\n+DEFINITIONS\n+ Font Software refers to the set of files released by the Copyright\n+Holder (s) under this license and clearly marked as such. This may\n+include source files, build scripts and documentation.\n+ Reserved Font Name refers to any names specified as such after the\n+copyright statement (s).\n+ Original Version refers to the collection of Font Software components as\n+distributed by the Copyright Holder (s).\n+ Modified Version refers to any derivative made by adding to, deleting,\n+ or substituting-in part or in whole-any of the components of the\n+Original Version, by changing formats or by porting the Font Software to a\n+new environment.\n+ Author refers to any designer, engineer, programmer, technical\n+writer or other person who contributed to the Font Software.\n+PERMISSION CONDITIONS\n+Permission is hereby granted, free of charge, to any person obtaining\n+a copy of the Font Software, to use, study, copy, merge, embed, modify,\n+redistribute, and sell modified and unmodified copies of the Font\n+Software, subject to the following conditions:\n+1) Neither the Font Software nor any of its individual components,\n+in Original or Modified Versions, may be sold by itself.\n+2) Original or Modified Versions of the Font Software may be bundled,\n+redistributed or sold with any software, provided that each copy\n+contains the above copyright notice and this license. These can be\n+included either as stand-alone text files, human-readable headers or\n+in the appropriate machine-readable metadata fields within text or\n+binary files as long as those fields can be easily viewed by the user.\n+3) No Modified Version of the Font Software may use the Reserved Font\n+Name (s) unless explicit written permission is granted by the corresponding\n+Copyright Holder. This restriction only applies to the primary font name as\n+presented to the users.\n+4) The name (s) of the Copyright Holder (s) or the Author (s) of the Font\n+Software shall not be used to promote, endorse or advertise any\n+Modified Version, except to acknowledge the contribution (s) of the\n+Copyright Holder (s) and the Author (s) or with their explicit written\n+permission.\n+5) The Font Software, modified or unmodified, in part or in whole,\n+must be distributed entirely under this license, and must not be\n+distributed under any other license. The requirement for fonts to\n+remain under this license does not apply to any document created\n+using the Font Software.\n+TERMINATION\n+This license becomes null and void if any of the above conditions are\n+not met.\n+DISCLAIMER\n+THE FONT SOFTWARE IS PROVIDED AS IS , WITHOUT WARRANTY OF ANY KIND,\n+EXPRESS OR IMPLIED, INCLUDING BUT NOT LIMITED TO ANY WARRANTIES OF\n+MERCHANTABILITY, FITNESS FOR A PARTICULAR PURPOSE AND NONINFRINGEMENT\n+OF COPYRIGHT, PATENT, TRADEMARK, OR OTHER RIGHT. IN NO EVENT SHALL THE\n+COPYRIGHT HOLDER BE LIABLE FOR ANY CLAIM, DAMAGES OR OTHER LIABILITY,\n+INCLUDING ANY GENERAL, SPECIAL, INDIRECT, INCIDENTAL, OR CONSEQUENTIAL\n+DAMAGES, WHETHER IN AN ACTION OF CONTRACT, TORT OR OTHERWISE, ARISING\n+FROM, OUT OF THE USE OR INABILITY TO USE THE FONT SOFTWARE OR FROM\n+OTHER DEALINGS IN THE FONT SOFTWARE.\n+ MIT License\n+Copyright (c) 2018 Takahiro Minami\n+Permission is hereby granted, free of charge, to any person obtaining a copy\n+of this software and associated documentation files (the Software ), to deal\n+in the Software without restriction, including without limitation the rights\n+to use, copy, modify, merge, publish, distribute, sublicense, or sell\n+copies of the Software, and to permit persons to whom the Software is\n+furnished to do so, subject to the following conditions:\n+The above copyright notice and this permission notice shall be included in\n+all copies or substantial portions of the Software.\n+THE SOFTWARE IS PROVIDED AS IS , WITHOUT WARRANTY OF ANY KIND, EXPRESS OR\n+IMPLIED, INCLUDING BUT NOT LIMITED TO THE WARRANTIES OF MERCHANTABILITY,\n+FITNESS FOR A PARTICULAR PURPOSE AND NONINFRINGEMENT. IN NO EVENT SHALL THE\n+AUTHORS OR COPYRIGHT HOLDERS BE LIABLE FOR ANY CLAIM, DAMAGES OR OTHER\n+LIABILITY, WHETHER IN AN ACTION OF CONTRACT, TORT OR OTHERWISE, ARISING FROM,\n+OUT OF OR IN CONNECTION WITH THE SOFTWARE OR THE USE OR OTHER DEALINGS IN\n+THE SOFTWARE.\n+ BITSTREAM VERA LICENSE\n+Copyright (c) 2003 by Bitstream, Inc. All Rights Reserved. Bitstream Vera is a\n+trademark of Bitstream, Inc.\n+Permission is hereby granted, free of charge, to any person obtaining a copy\n+of the fonts accompanying this license ( Fonts ) and associated documentation\n+files (the Font Software ), to reproduce and distribute the Font Software,\n+including without limitation the rights to use, copy, merge, publish,\n+distribute, or sell copies of the Font Software, and to permit persons\n+to whom the Font Software is furnished to do so, subject to the following conditions:\n+The above copyright and trademark notices and this permission notice shall be\n+included in all copies of one or more of the Font Software typefaces.\n+The Font Software may be modified, altered, or added to, and in particular\n+the designs of glyphs or characters in the Fonts may be modified and additional\n+glyphs or characters may be added to the Fonts, only if the fonts are renamed\n+to names not containing either the words Bitstream or the word Vera .\n+This License becomes null and void to the extent applicable to Fonts or Font\n+Software that has been modified and is distributed under the Bitstream Vera \n+names.\n+The Font Software may be sold as part of a larger software package but no copy\n+of one or more of the Font Software typefaces may be sold by itself.\n+THE FONT SOFTWARE IS PROVIDED AS IS , WITHOUT WARRANTY OF ANY KIND, EXPRESS\n+OR IMPLIED, INCLUDING BUT NOT LIMITED TO ANY WARRANTIES OF MERCHANTABILITY,\n+FITNESS FOR A PARTICULAR PURPOSE AND NONINFRINGEMENT OF COPYRIGHT, PATENT,\n+TRADEMARK, OR OTHER RIGHT. IN NO EVENT SHALL BITSTREAM OR THE GNOME FOUNDATION\n+BE LIABLE FOR ANY CLAIM, DAMAGES OR OTHER LIABILITY, INCLUDING ANY GENERAL,\n+SPECIAL, INDIRECT, INCIDENTAL, OR CONSEQUENTIAL DAMAGES, WHETHER IN AN ACTION\n+OF CONTRACT, TORT OR OTHERWISE, ARISING FROM, OUT OF THE USE OR INABILITY TO\n+USE THE FONT SOFTWARE OR FROM OTHER DEALINGS IN THE FONT SOFTWARE.\n+Except as contained in this notice, the names of Gnome, the Gnome Foundation,\n+and Bitstream Inc., shall not be used in advertising or otherwise to promote\n+the sale, use or other dealings in this Font Software without prior written\n+authorization from the Gnome Foundation or Bitstream Inc., respectively. For\n+further information, contact: fonts at gnome dot org.\n[README.md]\n+ : : : : \nThe difference between + and MacVim Cica v3\n+ macvim.png) [ [v3 and cicachange.gif) \n+ Julia Ready GVim on Windows \n+ [ [Julia on julia.png) [ [GVim on gvim.png) \n+ * adjust the following fonts after compositing for programming Japanese fonts of equal width.\n+-alphanumeric, symbol class\n+* * Hack\n+curl -L Hack-v3.003-ttf.zip -o hack.zip\n+unar hack.zip\n+cp * \n+rm hack.zip\n+rm -r ttf\n+- Hack : [Hack A typeface designed for source \n+-Rounded Mgen+: [homemade font studio]\n[cica.py]\n+VERSION = 4.0.0 \n+FAMILY = CicaDev \n+ hack : Hack-Regular.ttf ,\n+ hack_weight_reduce : 0,\n+ hack : Hack-Regular.ttf ,\n+ hack_weight_reduce : 0,\n+ hack : Hack-Bold.ttf ,\n+ hack_weight_reduce : 0,\n+ hack : Hack-Bold.ttf ,\n+ hack_weight_reduce : 0,\n+def remove_glyph_from_hack (_font):\nRemove Griff from Hack who wants to use + u Rounded Mgen+\n+ if not s f.get ( hack )):\n+def zero (_f):\n+ _f.selection.select (0x4f)\n+ _f.copy ()\n+ _f.selection.select (0x30)\n+ _f.paste ()\n+ _f.selection.select (0xb7)\n+ _f.copy ()\n+ _f.selection.select (0x30)\n+ _f.pasteInto ()\n+ for g in _f.selection.byGlyphs:\n+ g = align_to_center (g)\n+ return _f\n+def modify_WM (_f):\n+ _f.selection.select (0x57)\n+ _f.transform (psMat.scale (0.95, 1.0))\n+ _f.copy ()\n+ _f.selection.select (0x4d)\n+ _f.paste ()\n+ _f.transform (psMat.compose (psMat.rotate (math.radians (180)), psMat.translate (0, 627)))\n+ for g in _f.selection.byGlyphs:\n+ g = align_to_center (g)\n+ return _f\n+def modify_m (_f, _weight):\n+ m = m-Regular.sfd )\n+ if _weight == Bold :\n+ m.close ()\n+ m = m-Bold.sfd )\n+ m.selection.select (0x6d)\n+ m.copy ()\n+ _f.selection.select (0x6d)\n+ _f.paste ()\n+ for g in m.glyphs ():\n+ if g.encoding == 0x6d:\n+ anchorPoints = g.anchorPoints\n+ for g in _f.glyphs ():\n+ if g.encoding == 0x6d:\n+ g.anchorPoints = anchorPoints\n+ return _f\n+ hack = s _f.get ( hack ))\n+ hack = remove_glyph_from_hack (hack)\n+ for g in hack.glyphs ():\n+ g.transform ( (0.42,0,0,0.42,0,0))\n+ if _f.get ( hack_weight_reduce ) = 0:\n+ # g.changeWeight (_f.get ( hack_weight_reduce ), auto , 0, 0, auto )\n+ g.stroke ( circular , _f.get ( hack_weight_reduce ), butt , round , removeexternal )\n+ hack = modify_m (hack, _f.get ( weight_name ))\n+ for g in hack.glyphs ():\n+ hack.selection.select (g.encoding)\n+ hack.copy ()\n+ cica = zero (cica)\n+ cica = modify_WM (cica)\n+ hack.close ()\n[cicachange.gif]\n[gvim.png]\n[julia.png]\n[macvim.png]\n[ss1.png]",
    "message_bilingual_indexes": [
      0
    ],
    "diff_bilingual_indexes": [
      46,
      143,
      147,
      148,
      156,
      169
    ],
    "message_multi_trans": [
      [
        "Changed the license to SIL OFL #36",
        "Changing Ubuntu to Hack, Licensing to SIL OFL #36",
        "Change Ubuntu to Hack and license to SIL OFL #36",
        "Change Ubuntu to Hack and convert license to SIL OFL#36"
      ]
    ],
    "diff_multi_trans": [
      [
        "+ Difference between MacVim Cica v3 and MacVim Cica v3",
        "Differences with MacVim Cica v3",
        "+or substituting — in part or in whole — any of the components of the",
        "+ or substituting-in part or in whole-any of the components of the"
      ],
      [
        "+* The following fonts are Japanese fonts for programming purposes, which were later adapted.",
        "+* The following fonts are adjusted after synthesis, programming for Japanese fonts.",
        "+ Differences with MacVim Cica v3",
        "The difference between + and MacVim Cica v3"
      ],
      [
        "+ - English numerals, symbols",
        "+ - English numbers and symbols",
        "+* This is a monospaced Japanese font for programming that was adjusted after compositing the following fonts.",
        "+ * adjust the following fonts after compositing for programming Japanese fonts of equal width."
      ],
      [
        "+- Rounded Mgen+: [home-made font workshops]",
        "+- Rounded Mgen+ : [Homemade font workshop]",
        "+ - for alphanumeric characters and symbols",
        "+-alphanumeric, symbol class"
      ],
      [
        "+ u Rounded Mgen+                  ",
        "+ u would like to use Rounded Mgen+ Hack to remove",
        "+- Rounded Mgen+ : [Homemade font workshop]",
        "+-Rounded Mgen+: [homemade font studio]"
      ],
      [
        "+ Delete the glyph that you want to use Rounded Mgen+ from Hack",
        "Remove Griff from Hack who wants to use + u Rounded Mgen+"
      ]
    ],
    "biterm": [
      "oflsil changlicens",
      "fontsil fontopen fontsil fontopen extrasymbol extrasymbol awesomfont awesomfont awesomextens extensfont awesomextens iecpower powerlinsymbol apachlicens emojinoto freelicens fontsil fontopen fontopen bitstreamvera vimwindow"
    ]
  },
  "226767570c86492dd0040444827f99a0439aa501": {
    "message": "Emoticon added version # 29",
    "diff": "[cica.py]\n+VERSION = 3.0.0 \n+def build_font (_f, emoji):\n+ if emoji:\n+ cica = add_notoemoji (cica)\n+ if emoji:\n+ fontpath = s _f.get ( filename )\n+ else:\n+ fontpath = s _f.get ( filename )\n+ build_font (_f, True)\n+ build_font (_f, False)",
    "message_bilingual_indexes": [
      0
    ],
    "diff_bilingual_indexes": [],
    "message_multi_trans": [
      [
        "Added version #29",
        "Added version without text #29",
        "Added version without emoji #29",
        "Emoticon added version # 29"
      ]
    ],
    "diff_multi_trans": [],
    "biterm": [
      "",
      ""
    ]
  },
  "2a8cc900ebc6ac583b8cb01d829af21bb140fe4b": {
    "message": "Merge pull request #30 from width-punct2\nThe width of each character contained in the Ignoring_center is slightly smaller",
    "diff": "[cica.py]\n+ _font.os2_panose = (2, 11, int (weight 100), 9, 2, 2, 3, 2, 2, 7)\n+ full_half_threshold = 700\n+ skew_amount = g.font.ascent * 0.91 * 0.25\n+ g.width = g.width + skew_amount\n+ full_half_threshold += skew_amount\n+ if g.width full_half_threshold:\n+ width = 1024\n+ else:\n+ width = 512\n+ g.transform (psMat.translate ( (width - 2, 0))\n+ g.width = width",
    "message_bilingual_indexes": [
      1
    ],
    "diff_bilingual_indexes": [],
    "message_multi_trans": [
      [
        "The characters in ignoring_center are slightly smaller",
        "The length of the text contained in ignoring_center is slightly small",
        "The width of each character in ignoring_center is slightly smaller",
        "The width of each character contained in the Ignoring_center is slightly smaller"
      ]
    ],
    "diff_multi_trans": [],
    "biterm": [
      "charactwidth centerignor charactsmaller centercharact lengthtext smallerwidth centerwidth",
      ""
    ]
  },
  "c128e210934a440c3d8471b693332d747f64d40b": {
    "message": "Merge pull request #27 from ubuntu-mono-download-url\nUpdate the download URL of Ubuntu Mono",
    "diff": "[README.md]\n+wget -O ubuntu-font-family-0.83.zip fad7939b-ubuntu-font-family-0.83.zip",
    "message_bilingual_indexes": [
      1
    ],
    "diff_bilingual_indexes": [],
    "message_multi_trans": [
      [
        "Updated the download URL for Ubuntu Mono",
        "Update the Ubuntu Mono download URL",
        "Updated Ubuntu Mono download URL",
        "Update the download URL of Ubuntu Mono"
      ]
    ],
    "diff_multi_trans": [],
    "biterm": [
      "downloadurl downloadurl updaturl monoubuntu monourl monourl updaturl",
      ""
    ]
  },
  "c4414480c816c6f88e131622744ed5217011f412": {
    "message": "fix #19",
    "diff": "[cica.py]\n+FAMILY = CicaIss19A \n+ elif _g.encoding = 0xf000 and _g.encoding = 0xf2e0:\n+ _g.transform (psMat.compose (psMat.scale (0.75, 0.75), psMat.translate (0, 55)))\n+ _g.width = 1024\n+ _g = align_to_center (_g)",
    "message_bilingual_indexes": [],
    "diff_bilingual_indexes": [],
    "message_multi_trans": [],
    "diff_multi_trans": [],
    "biterm": [
      "",
      ""
    ]
  },
  "12ef6180b0f63ce06f9e403a7c68bc3d5efab804": {
    "message": "Superscript and subscript characters support # 22\nUpdate README.md",
    "diff": "[README.md]\n+ Features:\n+ * adjusted the programming equal width Japanese fonts of the following fonts after synthesis\n+-alphanumeric, symbol class [Ubuntu Mono]\n+-other characters [Rounded]\n+-[Nerd nerd-fonts (= Powerline patch, others are applicable except Pomicons)\n+ - [Noto \n+ * font name, which can be set in various editors without hesitation (ex. Hoge Font,Hoge_Font or Hoge Font Regular ARGGGG)\nSupport + * tmux screen segmentation\n+ * characters are not missing even in non-HiDPI, non-Retina Windows\n+ * * NERDFonts (without Pomicons customers)\nThe Pomicons Griff included in the Pomicons Nerd Fonts is a license that cannot be used commercially, so it is not in the Cica font.\n[cica.py]\n+VERSION = 2.1.0-rc \n+FAMILY = Cica \n+ family : FAMILY,\n+ name : FAMILY + -Regular ,\n+ filename : FAMILY + -Regular.ttf ,\n+ family : FAMILY,\n+ name : FAMILY + -RegularItalic ,\n+ filename : FAMILY + -RegularItalic.ttf ,\n+ family : FAMILY,\n+ name : FAMILY + -Bold ,\n+ filename : FAMILY + -Bold.ttf ,\n+ family : FAMILY,\n+ name : FAMILY + -BoldItalic ,\n+ filename : FAMILY + -BoldItalic.ttf ,\n+ cica = resize_supersub (cica)\n+def resize_supersub (_f):\n+ superscripts = [\n+ { src : 0x0031, dest : 0x00b9}, { src : 0x0032, dest : 0x00b2},\n+ { src : 0x0033, dest : 0x00b3}, { src : 0x0030, dest : 0x2070},\n+ { src : 0x0069, dest : 0x2071}, { src : 0x0034, dest : 0x2074},\n+ { src : 0x0035, dest : 0x2075}, { src : 0x0036, dest : 0x2076},\n+ { src : 0x0037, dest : 0x2077}, { src : 0x0038, dest : 0x2078},\n+ { src : 0x0039, dest : 0x2079}, { src : 0x002b, dest : 0x207a},\n+ { src : 0x002d, dest : 0x207b}, { src : 0x003d, dest : 0x207c},\n+ { src : 0x0028, dest : 0x207d}, { src : 0x0029, dest : 0x207e},\n+ { src : 0x006e, dest : 0x207f},\nUppercase letters above + # ↓\n+ { src : 0x0041, dest : 0x1d2c}, { src : 0x00c6, dest : 0x1d2d},\n+ { src : 0x0042, dest : 0x1d2e}, { src : 0x0044, dest : 0x1d30},\n+ { src : 0x0045, dest : 0x1d31}, { src : 0x018e, dest : 0x1d32},\n+ { src : 0x0047, dest : 0x1d33}, { src : 0x0048, dest : 0x1d34},\n+ { src : 0x0049, dest : 0x1d35}, { src : 0x004a, dest : 0x1d36},\n+ { src : 0x004b, dest : 0x1d37}, { src : 0x004c, dest : 0x1d38},\n+ { src : 0x004d, dest : 0x1d39}, { src : 0x004e, dest : 0x1d3a},\n+ ↓ REVERSED N, so it is necessary to reverse N left and right\n+ { src : 0x004e, dest : 0x1d3b, reversed : True},\n+ { src : 0x004f, dest : 0x1d3c}, { src : 0x0222, dest : 0x1d3d},\n+ { src : 0x0050, dest : 0x1d3e}, { src : 0x0052, dest : 0x1d3f},\n+ { src : 0x0054, dest : 0x1d40}, { src : 0x0055, dest : 0x1d41},\n+ { src : 0x0057, dest : 0x1d42},\nLowercase letters above + # ↓\n+ { src : 0x0061, dest : 0x1d43}, { src : 0x0250, dest : 0x1d44},\n+ { src : 0x0251, dest : 0x1d45}, { src : 0x1d02, dest : 0x1d46},\n+ { src : 0x0062, dest : 0x1d47}, { src : 0x0064, dest : 0x1d48},\n+ { src : 0x0065, dest : 0x1d49}, { src : 0x0259, dest : 0x1d4a},\n+ { src : 0x025b, dest : 0x1d4b}, { src : 0x025c, dest : 0x1d4c},\n+ { src : 0x0067, dest : 0x1d4d},\n+ ↓ needs to rotate 180 degrees because it is TURNED I\n+ { src : 0x0069, dest : 0x1d4e, turned : True},\n+ { src : 0x006b, dest : 0x1d4f}, { src : 0x006d, dest : 0x1d50},\n+ { src : 0x014b, dest : 0x1d51}, { src : 0x006f, dest : 0x1d52},\n+ { src : 0x0254, dest : 0x1d53}, { src : 0x1d16, dest : 0x1d54},\n+ { src : 0x1d17, dest : 0x1d55}, { src : 0x0070, dest : 0x1d56},\n+ { src : 0x0074, dest : 0x1d57}, { src : 0x0075, dest : 0x1d58},\n+ { src : 0x1d1d, dest : 0x1d59}, { src : 0x026f, dest : 0x1d5a},\n+ { src : 0x0076, dest : 0x1d5b}, { src : 0x1d25, dest : 0x1d5c},\n+ { src : 0x03b2, dest : 0x1d5d}, { src : 0x03b3, dest : 0x1d5e},\n+ { src : 0x03b4, dest : 0x1d5f}, { src : 0x03c6, dest : 0x1d60},\n+ { src : 0x03c7, dest : 0x1d61},\n+ { src : 0x0056, dest : 0x2c7d}, { src : 0x0068, dest : 0x02b0},\n+ { src : 0x0266, dest : 0x02b1}, { src : 0x006a, dest : 0x02b2},\n+ { src : 0x006c, dest : 0x02e1}, { src : 0x0073, dest : 0x02e2},\n+ { src : 0x0078, dest : 0x02e3}, { src : 0x0072, dest : 0x02b3},\n+ { src : 0x0077, dest : 0x02b7}, { src : 0x0079, dest : 0x02b8},\n+ { src : 0x0063, dest : 0x1d9c}, { src : 0x0066, dest : 0x1da0},\n+ { src : 0x007a, dest : 0x1dbb}, { src : 0x0061, dest : 0x00aa},\n+ { src : 0x0252, dest : 0x1d9b}, { src : 0x0255, dest : 0x1d9d},\n+ { src : 0x00f0, dest : 0x1d9e}, { src : 0x025c, dest : 0x1d9f},\n+ { src : 0x025f, dest : 0x1da1}, { src : 0x0261, dest : 0x1da2},\n+ { src : 0x0265, dest : 0x1da3}, { src : 0x0268, dest : 0x1da4},\n+ { src : 0x0269, dest : 0x1da5}, { src : 0x026a, dest : 0x1da6},\n+ { src : 0x1d7b, dest : 0x1da7}, { src : 0x029d, dest : 0x1da8},\n+ { src : 0x026d, dest : 0x1da9}, { src : 0x1d85, dest : 0x1daa},\n+ { src : 0x029f, dest : 0x1dab}, { src : 0x0271, dest : 0x1dac},\n+ { src : 0x0270, dest : 0x1dad}, { src : 0x0272, dest : 0x1dae},\n+ { src : 0x0273, dest : 0x1daf}, { src : 0x0274, dest : 0x1db0},\n+ { src : 0x0275, dest : 0x1db1}, { src : 0x0278, dest : 0x1db2},\n+ { src : 0x0282, dest : 0x1db3}, { src : 0x0283, dest : 0x1db4},\n+ { src : 0x01ab, dest : 0x1db5}, { src : 0x0289, dest : 0x1db6},\n+ { src : 0x028a, dest : 0x1db7}, { src : 0x1d1c, dest : 0x1db8},\n+ { src : 0x028b, dest : 0x1db9}, { src : 0x028c, dest : 0x1dba},\n+ { src : 0x0290, dest : 0x1dbc}, { src : 0x0291, dest : 0x1dbd},\n+ { src : 0x0292, dest : 0x1dbe}, { src : 0x03b8, dest : 0x1dbf},\n+ ]\n+ subscripts = [\n+ { src : 0x0069, dest : 0x1d62}, { src : 0x0072, dest : 0x1d63},\n+ { src : 0x0075, dest : 0x1d64}, { src : 0x0076, dest : 0x1d65},\n+ { src : 0x03b2, dest : 0x1d66}, { src : 0x03b3, dest : 0x1d67},\n+ { src : 0x03c1, dest : 0x1d68}, { src : 0x03c6, dest : 0x1d69},\n+ { src : 0x03c7, dest : 0x1d6a}, { src : 0x006a, dest : 0x2c7c},\n+ { src : 0x0030, dest : 0x2080}, { src : 0x0031, dest : 0x2081},\n+ { src : 0x0032, dest : 0x2082}, { src : 0x0033, dest : 0x2083},\n+ { src : 0x0034, dest : 0x2084}, { src : 0x0035, dest : 0x2085},\n+ { src : 0x0036, dest : 0x2086}, { src : 0x0037, dest : 0x2087},\n+ { src : 0x0038, dest : 0x2088}, { src : 0x0039, dest : 0x2089},\n+ { src : 0x002b, dest : 0x208a}, { src : 0x002d, dest : 0x208b},\n+ { src : 0x003d, dest : 0x208c}, { src : 0x0028, dest : 0x208d},\n+ { src : 0x0029, dest : 0x208e}, { src : 0x0061, dest : 0x2090},\n+ { src : 0x0065, dest : 0x2091}, { src : 0x006f, dest : 0x2092},\n+ { src : 0x0078, dest : 0x2093}, { src : 0x0259, dest : 0x2094},\n+ { src : 0x0068, dest : 0x2095}, { src : 0x006b, dest : 0x2096},\n+ { src : 0x006c, dest : 0x2097}, { src : 0x006d, dest : 0x2098},\n+ { src : 0x006e, dest : 0x2099}, { src : 0x0070, dest : 0x209a},\n+ { src : 0x0073, dest : 0x209b}, { src : 0x0074, dest : 0x209c}\n+ ]\n+ for g in superscripts:\n+ _f.selection.select (g[ src ])\n+ _f.copy ()\n+ _f.selection.select (g[ dest ])\n+ _f.paste ()\n+ for g in subscripts:\n+ _f.selection.select (g[ src ])\n+ _f.copy ()\n+ _f.selection.select (g[ dest ])\n+ _f.paste ()\n+ for g in _f.glyphs ( encoding ):\n+ if g.encoding 0x2c7d:\n+ continue\n+ elif in_scripts (g.encoding, superscripts):\n+ g.transform (psMat.scale (0.75, 0.75))\n+ bb = g.boundingBox ()\n+ g.transform (psMat.translate (0, 244))\n+ align_to_center (g)\n+ elif in_scripts (g.encoding, subscripts):\n+ g.transform (psMat.scale (0.75, 0.75))\n+ bb = g.boundingBox ()\n+ y = -144\n+ if bb[1] -60: # DESCENT - 144\n+ y = -60\n+ g.transform (psMat.translate (0, y))\n+ align_to_center (g)\n+ return _f\n+def in_scripts (encoding, scripts):\n+ for s in scripts:\n+ if encoding == s[ dest ]:\n+ return True\n+ return False\n+def scripts_from (encoding, scripts):\n+ for s in scripts:\n+ if encoding == s[ dest ]:\n+ return s[ src ]\n+ raise ValueError",
    "message_bilingual_indexes": [
      0
    ],
    "diff_bilingual_indexes": [
      1,
      2,
      3,
      4,
      5,
      7,
      8,
      9,
      10,
      11,
      39,
      47,
      53,
      60
    ],
    "message_multi_trans": [
      [
        "Upper and lower case #22",
        "Up and down words #22",
        "Superscript and subscript support #22",
        "Superscript and subscript characters support # 22"
      ]
    ],
    "diff_multi_trans": [
      [
        "+ features",
        "+ Characteristics",
        "+ Features",
        "+ Features:"
      ],
      [
        "+* The following font is a Japanese font, which was later adapted for programming purposes.",
        "+* The following fonts are adjusted after synthesis, programming for Japanese fonts.",
        "+* This is a monospaced Japanese font for programming, adjusted after compositing the following fonts.",
        "+ * adjusted the programming equal width Japanese fonts of the following fonts after synthesis"
      ],
      [
        "+ - English numbers, symbols",
        "+ - English numbers and symbols to [Ubuntu Mono]",
        "+ - for alphanumeric characters and symbols [Ubuntu Mono]",
        "+-alphanumeric, symbol class [Ubuntu Mono]"
      ],
      [
        "+ - Other characters to [Rounded ]",
        "+ - Other words to [Rounded",
        "+ - For other characters [Rounded",
        "+-other characters [Rounded]"
      ],
      [
        "+ - [Nerd nerd-fonts (= Powerlineパッチ、その他適用済、Pomiconsを除く※) ]",
        "+ - [Nerd nerd-fonts (= Powerline patches, other applicable patches, Pomicons except※)",
        "+ - [Nerd nerd-fonts (= Powerline patch, other applied, excluding Pomicons *)",
        "+-[Nerd nerd-fonts (= Powerline patch, others are applicable except Pomicons)"
      ],
      [
        "+* A font name that can be easily configured in various editors (e.g. Hoge Font, Hoge_Font or Hoge Font Regular ARGGGG)",
        "+* Can be configured for various edits (e.g. Hoge Font, Hoge_Font or Hoge Font Regular ARGGGG)",
        "+* Font name that can be set without hesitation in various editors (ex. Hoge Font , Hoge_Font or Hoge Font Regular ARGGGG )",
        "+ * font name, which can be set in various editors without hesitation (ex. Hoge Font,Hoge_Font or Hoge Font Regular ARGGGG)"
      ],
      [
        "+* tmux is compatible with screen split",
        "+* supports tmux image separation",
        "+* Supports tmux split screen",
        "Support + * tmux screen segmentation"
      ],
      [
        "+* Not included in non-HiDPI, non-Retina Windows",
        "+* Not HiDPI Not Retina for Windows Not missing text",
        "+* No missing characters even on non-HiDPI, non-Retina Windows",
        "+ * characters are not missing even in non-HiDPI, non-Retina Windows"
      ],
      [
        "The Pomicons glyphs in Nerd Fonts are excluded from CicaFonts under a non-commercial license.",
        "+※Nerd Fonts contained in Pomicons is a non-commercial license, so it is excluded from Cicafont.",
        "+* * NERDFonts (without Pomicons※)",
        "+ * * NERDFonts (without Pomicons customers)"
      ],
      [
        "+ # ↓ with capital letters",
        "+ # ↓ on with large words",
        "+ *The Pomicons glyphs included in Nerd Fonts are excluded from Cica fonts as they have a license that does not allow commercial use.",
        "The Pomicons Griff included in the Pomicons Nerd Fonts is a license that cannot be used commercially, so it is not in the Cica font."
      ],
      [
        "+ ↓REVERSED N Therefore, N must be reversed left and right",
        "+ ↓REVERSED N So it is necessary to reverse N to the right.",
        "+ # ↓superscript uppercase",
        "Uppercase letters above + # ↓"
      ],
      [
        "+ # ↓ small letters",
        "0 0 0 0 0 0 0 0 0 0 0 0 0 0 0 0",
        "+ ↓REVERSED N, so N needs to be reversed left and right",
        "+ ↓ REVERSED N, so it is necessary to reverse N left and right"
      ],
      [
        "+ ↓TURNED i I need to turn 180 degrees",
        "+ ↓TURNED i so it is necessary to turn 180 degrees",
        "+ # ↓superscript lowercase letter",
        "Lowercase letters above + # ↓"
      ],
      [
        "+ ↓TURNED i, so you need to turn it 180 degrees",
        "+ ↓ needs to rotate 180 degrees because it is TURNED I"
      ]
    ],
    "biterm": [
      "",
      ""
    ]
  },
  "9c801eb367ec5e2597c6f854c0676e8a667a8e7b": {
    "message": " fix #20",
    "diff": "[CHANGELOG.md]\n+# 2018-01-04 v2.0.5\n+ Upper body Gopher resurrection # 20\n[cica.py]\n+VERSION = 2.0.5 \n+ cica = add_gopher (cica)\n+def add_gopher (_f):",
    "message_bilingual_indexes": [],
    "diff_bilingual_indexes": [
      2
    ],
    "message_multi_trans": [],
    "diff_multi_trans": [
      [
        "The Gopher has been resurrected. #20",
        "+ Revived the upper half of Gopher #20",
        "+Revived upper body Gopher #20",
        "+ Upper body Gopher resurrection # 20"
      ]
    ],
    "biterm": [
      "",
      "gopherupper"
    ]
  },
  "c4b0a675dceb6272e55c35795b38f891069a88eb": {
    "message": " fix #18",
    "diff": "[cica.py]\n+def align_to_left (_g):\n+ width = _g.width\n+ _g.left_side_bearing = 0\n+ _g.width = width\n+def align_to_right (_g):\n+ width = _g.width\n+ bb = _g.boundingBox ()\n+ left = width - (bb[2] - bb[0])\n+ _g.left_side_bearing = left\n+ _g.width = width\n+def fix_box_drawings (_f):\n+ left = [\n+ 0x2510, 0x2518, 0x2524, 0x2555, 0x2556, 0x2557, 0x255b, 0x255c, 0x255d,\n+ 0x2561, 0x2562, 0x2563,\n+ ]\n+ right = [\n+ 0x250c, 0x2514, 0x251c, 0x2552, 0x2553, 0x2554, 0x2558, 0x2559, 0x255a,\n+ 0x255e, 0x255f, 0x2560,\n+ ]\n+ for g in _f.glyphs ():\n+ if g.encoding 0x2500 or g.encoding 0x256c:\n+ continue\n+ if g.encoding in left:\n+ align_to_left (g)\n+ elif g.encoding in right:\n+ align_to_right (g)\n+ return _f\n+ if g.encoding = 0x2500 and g.encoding = 0x25af:\n+ g.transform (psMat.compose (psMat.scale (1.024, 1.024), psMat.translate (0, -30)))\n+ g = align_to_center (g)\n+ cica = fix_box_drawings (cica)",
    "message_bilingual_indexes": [],
    "diff_bilingual_indexes": [],
    "message_multi_trans": [],
    "diff_multi_trans": [],
    "biterm": [
      "",
      ""
    ]
  },
  "c8c08d5abd14073127cb6f058090759eb6991ec1": {
    "message": "fix powerline glyphs #17",
    "diff": "[cica.py]\n+ 0xe0d1, 0xe0d2,\n+ 0xe0bf, 0xe0c2, 0xe0c3, 0xe0c5, 0xe0c7, 0xe0ca, 0xe0ce, 0xe0d4,\n+ # Powerline\n+ _g.width = 1024\n+ if _g.encoding = 0xe0b0 and _g.encoding = 0xe0b7:\n+ _g.transform (psMat.compose (psMat.scale (1.0, 0.982), psMat.translate (0, -1)))\n+ if _g.encoding in align_right:\n+ bb = _g.boundingBox ()\n+ left = 1024 - (bb[2] - bb[0])\n+ _g.left_side_bearing = left\n+ _g.width = 1024\n+ if _g.encoding in align_left:\n+ _g.left_side_bearing = 0\n+ _g.width = 1024\n+ _g.transform (psMat.compose (psMat.scale (0.8, 0.982), psMat.translate (0, -1)))\n+ if _g.encoding == 0xe0ce:\n+ _g.transform (psMat.scale (0.8, 1.0))\n+ bb = _g.boundingBox ()\n+ left = 1024 - (bb[2] - bb[0])\n+ _g.left_side_bearing = left\n+ _g.width = 1024\n+ if _g.encoding == 0xe0cf:\n+ _g.transform (psMat.scale (0.9, 1.0))\n+ _g = align_to_center (_g)\n+ if _g.encoding == 0xe0d0:\n+ _g = align_to_center (_g)\n+ if _g.encoding == 0xe0d1:\n+ _g.transform (psMat.compose (psMat.scale (1.0, 0.982), psMat.translate (0, -1)))\n+ _g.left_side_bearing = 0\n+ _g.width = 1024\n+ if _g.encoding == 0xe0d2 or _g.encoding == 0xe0d4:\n+ _g.transform (psMat.compose (psMat.scale (1.0, 0.982), psMat.translate (0, -1)))\n+ if _g.encoding in align_right:\n+ bb = _g.boundingBox ()\n+ left = 1024 - (bb[2] - bb[0])\n+ _g.left_side_bearing = left\n+ _g.width = 1024\n+ if _g.encoding in align_left:\n+ _g.left_side_bearing = 0\n+ _g.width = 1024",
    "message_bilingual_indexes": [],
    "diff_bilingual_indexes": [],
    "message_multi_trans": [],
    "diff_multi_trans": [],
    "biterm": [
      "glyphpowerlin",
      ""
    ]
  },
  "e5c19c39b29364701849e70a22904b52f71077dd": {
    "message": "fix linespace #16",
    "diff": "[cica.py]\n+ASCENT = 820\n+DESCENT = 204\n+ _font.os2_winascent = 0\n+ _font.os2_winascent_add = True\n+ _font.os2_windescent = 0\n+ _font.os2_windescent_add = True\n+ _font.os2_typoascent = -150\n+ _font.os2_typoascent_add = True\n+ _font.os2_typodescent = 100\n+ _font.os2_typodescent_add = True\n+ _font.os2_typolinegap = 0\n+ _font.hhea_ascent = -150\n+ _font.hhea_ascent_add = True\n+ _font.hhea_descent = 100\n+ _font.hhea_descent_add = True",
    "message_bilingual_indexes": [],
    "diff_bilingual_indexes": [],
    "message_multi_trans": [],
    "diff_multi_trans": [],
    "biterm": [
      "",
      ""
    ]
  },
  "8ea42c65ec577a6532a53edba4933b716f63a27b": {
    "message": "fix #15",
    "diff": "[cica.py]\n+VERSION = 2.0.2 \n+ _font.os2_typodescent = -141\n+ _font.os2_typolinegap = 49\n+ _font.hhea_descent = -DESCENT",
    "message_bilingual_indexes": [],
    "diff_bilingual_indexes": [],
    "message_multi_trans": [],
    "diff_multi_trans": [],
    "biterm": [
      "",
      ""
    ]
  },
  "9313b116eac9bfd67ef9dec74ba60896ee9d7d95": {
    "message": "Pytnon version script completed # 12",
    "diff": "[README.md]\n+fontforge -lang=py -script cica.py\n[cica.py]\n+# /usr/bin/env python\n+# -*- coding: utf-8 -*-\n+import fontforge\n+import psMat\n+import os\n+import sys\n+from logging import getLogger, StreamHandler, Formatter, DEBUG\n+logger = getLogger (__name__)\n+handler = StreamHandler ()\n+handler.setLevel (DEBUG)\n+formatter = Formatter ( (asctime)s [ (levelname)s] : (message)s )\n+handler.setFormatter (formatter)\n+logger.setLevel (DEBUG)\n+logger.addHandler (handler)\n+# ASCENT = 850\n+# DESCENT = 174\n+ASCENT = 881\n+DESCENT = 143\n+SOURCE = sourceFonts \n+DIST = dist \n+LICENSE = LICENSE.txt ).read ()\n+COPYRIGHT = COPYRIGHT.txt ).read ()\n+VERSION = 2.0.0-rc1 \n+fonts = [\n+ {\n+ family : CicaTest ,\n+ name : CicaTest-Regular ,\n+ filename : CicaTest-Regular.ttf ,\n+ weight : 400,\n+ weight_name : Regular ,\n+ style_name : Regular ,\n+ ubuntu_mono : UbuntuMono-R.ttf ,\n+ mgen_plus : rounded-mgenplus-1m-regular.ttf ,\n+ ubuntu_weight_reduce : 0,\n+ mgen_weight_add : 0,\n+ italic : False,\n+ }, {\n+ family : CicaTest ,\n+ name : CicaTest-RegularItalic ,\n+ filename : CicaTest-RegularItalic.ttf ,\n+ weight : 400,\n+ weight_name : Regular ,\n+ style_name : Italic ,\n+ ubuntu_mono : UbuntuMono-R.ttf ,\n+ mgen_plus : rounded-mgenplus-1m-regular.ttf ,\n+ ubuntu_weight_reduce : 0,\n+ mgen_weight_add : 0,\n+ italic : True,\n+ }, {\n+ family : CicaTest ,\n+ name : CicaTest-Bold ,\n+ filename : CicaTest-Bold.ttf ,\n+ weight : 700,\n+ weight_name : Bold ,\n+ style_name : Bold ,\n+ ubuntu_mono : UbuntuMono-B.ttf ,\n+ mgen_plus : rounded-mgenplus-1m-bold.ttf ,\n+ ubuntu_weight_reduce : 0,\n+ mgen_weight_add : 0,\n+ italic : False,\n+ }, {\n+ family : CicaTest ,\n+ name : CicaTest-BoldItalic ,\n+ filename : CicaTest-BoldItalic.ttf ,\n+ weight : 700,\n+ weight_name : Bold ,\n+ style_name : BoldItalic ,\n+ ubuntu_mono : UbuntuMono-B.ttf ,\n+ mgen_plus : rounded-mgenplus-1m-bold.ttf ,\n+ ubuntu_weight_reduce : 0,\n+ mgen_weight_add : 0,\n+ italic : True,\n+# }, {\n+# family : CicaTest ,\n+# name : CicaTest-DemiLight ,\n+# filename : CicaTest-DemiLight.ttf ,\n+# weight : 300,\n+# weight_name : DemiLight ,\n+# style_name : DemiLight ,\n+# ubuntu_mono : UbuntuMono-R.ttf ,\n+# mgen_plus : rounded-mgenplus-1m-light.ttf ,\n+# ubuntu_weight_reduce : 10,\n+# mgen_weight_add : 20,\n+# italic : False,\n+# }, {\n+# family : CicaTest ,\n+# name : CicaTest-DemiLightItalic ,\n+# filename : CicaTest-DemiLightItalic.ttf ,\n+# weight : 300,\n+# weight_name : DemiLight ,\n+# style_name : DemiLightItalic ,\n+# ubuntu_mono : UbuntuMono-R.ttf ,\n+# mgen_plus : rounded-mgenplus-1m-light.ttf ,\n+# ubuntu_weight_reduce : 10,\n+# mgen_weight_add : 20,\n+# italic : True,\n+# }, {\n+# family : CicaTest ,\n+# name : CicaTest-Light ,\n+# filename : CicaTest-Light.ttf ,\n+# weight : 200,\n+# weight_name : Light ,\n+# style_name : Light ,\n+# ubuntu_mono : UbuntuMono-R.ttf ,\n+# mgen_plus : rounded-mgenplus-1m-thin.ttf ,\n+# ubuntu_weight_reduce : 20,\n+# mgen_weight_add : 10,\n+# italic : False,\n+# }, {\n+# family : CicaTest ,\n+# name : CicaTest-LightItalic ,\n+# filename : CicaTest-LightItalic.ttf ,\n+# weight : 200,\n+# weight_name : Light ,\n+# style_name : LightItalic ,\n+# ubuntu_mono : UbuntuMono-R.ttf ,\n+# mgen_plus : rounded-mgenplus-1m-thin.ttf ,\n+# ubuntu_weight_reduce : 20,\n+# mgen_weight_add : 10,\n+# italic : True,\n+ }\n+]\n+def log (str):\n+ logger.debug (str)\n+def remove_glyph_from_ubuntu (_font):\nRemove Griff from UbuntuMono who wants to use + u Rounded Mgen+\n+ log ( remove_ambiguous () : s _font.fontname)\n+ glyphs = [\n+ 0x2026 # …\n+ ]\n+ for g in glyphs:\n+ _font.selection.select (g)\n+ _font.clear ()\n+ return _font\n+def check_files ():\n+ err = 0\n+ for f in fonts:\n+ if not s f.get ( ubuntu_mono )):\n+ logger.error ( s not exists. f)\n+ err = 1\n+ if not s f.get ( mgen_plus )):\n+ logger.error ( s not exists. f)\n+ err = 1\n+ if not powerline-fontpatcher ):\n+ logger.error ( powerline-fontpatcher not exists. )\n+ err = 1\n+ if err 0:\n+ sys.exit (err)\n+def modify_usfont ():\n+ pass\n+def modify_jpfont ():\n+ pass\n+def set_os2_values (_font, _weight):\n+ _font.os2_weight = _weight\n+ _font.os2_width = 5\n+ _font.os2_fstype = 0\n+ _font.os2_vendor = TMNM \n+ _font.os2_version = 1\n+ _font.os2_winascent = ASCENT\n+ _font.os2_winascent_add = 0\n+ _font.os2_windescent = DESCENT\n+ _font.os2_windescent_add = 0\n+ _font.os2_typoascent = 693\n+ _font.os2_typoascent_add = 0\n+ _font.os2_typodescent = -165\n+ _font.os2_typodescent_add = 0\n+ _font.os2_typolinegap = 0\n+ _font.hhea_ascent = ASCENT\n+ _font.hhea_ascent_add = 0\n+ _font.hhea_descent = DESCENT\n+ _font.hhea_descent_add = 0\n+ _font.hhea_linegap = 0\n+ _font.os2_panose = (2, 11, _weight 100, 9, 2, 2, 3, 2, 2, 7)\n+ return _font\n+def align_to_center (_g):\n+ width = 0\n+ if _g.width 700:\n+ width = 1024\n+ else:\n+ width = 512\n+ _g.width = width\n+ _g.left_side_bearing = _g.right_side_bearing = (_g.left_side_bearing + 2\n+ _g.width = width\n+ return _g\n+def vertical_line_to_broken_bar (_f):\n+ _f.selection.select (0x00a6)\n+ _f.copy ()\n+ _f.selection.select (0x007c)\n+ _f.paste ()\n+ return _f\n+def emdash_to_broken_dash (_f):\n+ _f.selection.select (0x006c)\n+ _f.copy ()\n+ _f.selection.select (0x2014)\n+ _f.pasteInto ()\n+ _f.intersect ()\n+ return _f\n+def mathglyph_to_double (_f):\n+ pass\n+def zenkaku_space (_f):\n+ _f.selection.select (0x2610)\n+ _f.copy ()\n+ _f.selection.select (0x3000)\n+ _f.paste ()\n+ _f.selection.select (0x271a)\n+ _f.copy ()\n+ _f.selection.select (0x3000)\n+ _f.pasteInto ()\n+ _f.intersect ()\n+ for g in _f.selection.byGlyphs:\n+ g = align_to_center (g)\n+ return _f\n+def build_font (_f):\n+ log ( Generating s ... _f.get ( weight_name ))\n+ ubuntu = s _f.get ( ubuntu_mono ))\n+ ubuntu = remove_glyph_from_ubuntu (ubuntu)\n+ cica = s _f.get ( mgen_plus ))\n+ for g in ubuntu.glyphs ():\n+ if _f.get ( ubuntu_weight_reduce ) = 0:\n+ # g.changeWeight (_f.get ( ubuntu_weight_reduce ), auto , 0, 0, auto )\n+ g.stroke ( circular , _f.get ( ubuntu_weight_reduce ), butt , round , removeexternal )\n+ g = align_to_center (g)\n+ alternate_expands = [\n+ 0x306e,\n+ ]\n+ if _f.get ( mgen_weight_add ) = 0:\n+ for g in cica.glyphs ():\n+ # g.changeWeight (_f.get ( mgen_weight_add ), auto , 0, 0, auto )\n+ g.stroke ( caligraphic , _f.get ( mgen_weight_add ), _f.get ( mgen_weight_add ), 45, removeinternal )\n+ # g.stroke ( circular , _f.get ( mgen_weight_add ), butt , round , removeinternal )\n+ ignoring_center = [\n+ 0x3001, 0x3002, 0x3008, 0x3009, 0x300a, 0x300b, 0x300c, 0x300d,\n+ 0x300e, 0x300f, 0x3010, 0x3011, 0x3014, 0x3015, 0x3016, 0x3017,\n+ 0x3018, 0x3019, 0x301a, 0x301b, 0x301d, 0x301e, 0x3099, 0x309a,\n+ 0x309b, 0x309c,\n+ ]\n+ for g in cica.glyphs ():\n+ g.transform ( (0.91,0,0,0.91,0,0))\n+ if _f.get ( italic ):\n+ g.transform (psMat.skew (0.25))\n+ if g.encoding in ignoring_center:\n+ pass\n+ else:\n+ g = align_to_center (g)\n+ for g in ubuntu.glyphs ():\n+ if g.isWorthOutputting:\n+ if _f.get ( italic ):\n+ g.transform (psMat.skew (0.25))\n+ ubuntu.selection.select (g.encoding)\n+ ubuntu.copy ()\n+ cica.selection.select (g.encoding)\n+ cica.paste ()\n+ cica = zenkaku_space (cica)\n+ cica = vertical_line_to_broken_bar (cica)\n+ cica = emdash_to_broken_dash (cica)\n+ cica = add_powerline (cica)\n+ cica.ascent = ASCENT\n+ cica.descent = DESCENT\n+ cica.upos = 45\n+ cica.fontname = CicaTest \n+ cica.familyname = _f.get ( family )\n+ cica.fullname = _f.get ( name )\n+ cica.weight = _f.get ( weight_name )\n+ cica = set_os2_values (cica, _f.get ( weight ))\n+ cica.appendSFNTName (0x411,0, COPYRIGHT)\n+ cica.appendSFNTName (0x411,1, _f.get ( family ))\n+ cica.appendSFNTName (0x411,2, _f.get ( style_name ))\n+ cica.appendSFNTName (0x411,3, )\n+ cica.appendSFNTName (0x411,4, _f.get ( name ))\n+ cica.appendSFNTName (0x411,5, Version + VERSION)\n+ cica.appendSFNTName (0x411,6, _f.get ( family ) + - + _f.get ( weight_name ))\n+ cica.appendSFNTName (0x411,7, )\n+ cica.appendSFNTName (0x411,8, )\n+ cica.appendSFNTName (0x411,9, )\n+ cica.appendSFNTName (0x411,10, )\n+ cica.appendSFNTName (0x411,11, )\n+ cica.appendSFNTName (0x411,12, )\n+ cica.appendSFNTName (0x411,13, )\n+ cica.appendSFNTName (0x411,14, )\n+ cica.appendSFNTName (0x411,15, )\n+ cica.appendSFNTName (0x411,16, _f.get ( family ))\n+ cica.appendSFNTName (0x411,17, _f.get ( style_name ))\n+ cica.appendSFNTName (0x409,0, COPYRIGHT)\n+ cica.appendSFNTName (0x409,1, _f.get ( family ))\n+ cica.appendSFNTName (0x409,2, _f.get ( style_name ))\n+ cica.appendSFNTName (0x409,3, VERSION + + _f.get ( family ) + - + _f.get ( style_name ))\n+ cica.appendSFNTName (0x409,4, _f.get ( name ))\n+ cica.appendSFNTName (0x409,5, Version + VERSION)\n+ cica.appendSFNTName (0x409,6, _f.get ( name ))\n+ cica.appendSFNTName (0x409,7, )\n+ cica.appendSFNTName (0x409,8, )\n+ cica.appendSFNTName (0x409,9, )\n+ cica.appendSFNTName (0x409,10, )\n+ cica.appendSFNTName (0x409,11, )\n+ cica.appendSFNTName (0x409,12, )\n+ cica.appendSFNTName (0x409,13, LICENSE)\n+ cica.appendSFNTName (0x409,14, )\n+ cica.appendSFNTName (0x409,15, )\n+ cica.appendSFNTName (0x409,16, _f.get ( family ))\n+ cica.appendSFNTName (0x409,17, _f.get ( style_name ))\n+ fontpath = s _f.get ( filename )\n+ cica.generate (fontpath)\n+ # CicaE\n+ cicaE = add_notoemoji (cica)\n+ cicaE = add_devicons (cicaE)\n+ cicaE.fontname = cica.fontname.replace ( Cica , CicaE )\n+ cicaE.familyname = cica.familyname.replace ( Cica , CicaE )\n+ cicaE.fullname = cica.fullname.replace ( Cica , CicaE )\n+ cica.appendSFNTName (0x411,0, COPYRIGHT)\n+ cica.appendSFNTName (0x411,1, _f.get ( family ).replace ( Cica , CicaE ))\n+ cica.appendSFNTName (0x411,2, _f.get ( style_name ).replace ( Cica , CicaE ))\n+ cica.appendSFNTName (0x411,3, )\n+ cica.appendSFNTName (0x411,4, _f.get ( name ).replace ( Cica , CicaE ))\n+ cica.appendSFNTName (0x411,5, Version + VERSION)\n+ cica.appendSFNTName (0x411,6, _f.get ( family ).replace ( Cica , CicaE ) + - + _f.get ( weight_name ))\n+ cica.appendSFNTName (0x411,7, )\n+ cica.appendSFNTName (0x411,8, )\n+ cica.appendSFNTName (0x411,9, )\n+ cica.appendSFNTName (0x411,10, )\n+ cica.appendSFNTName (0x411,11, )\n+ cica.appendSFNTName (0x411,12, )\n+ cica.appendSFNTName (0x411,13, )\n+ cica.appendSFNTName (0x411,14, )\n+ cica.appendSFNTName (0x411,15, )\n+ cica.appendSFNTName (0x411,16, _f.get ( family ).replace ( Cica , CicaE ))\n+ cica.appendSFNTName (0x411,17, _f.get ( style_name ))\n+ cica.appendSFNTName (0x409,0, COPYRIGHT)\n+ cica.appendSFNTName (0x409,1, _f.get ( family ).replace ( Cica , CicaE ))\n+ cica.appendSFNTName (0x409,2, _f.get ( style_name ))\n+ cica.appendSFNTName (0x409,3, VERSION + + _f.get ( family ).replace ( Cica , CicaE ) + - + _f.get ( style_name ))\n+ cica.appendSFNTName (0x409,4, _f.get ( name ).replace ( Cica , CicaE ))\n+ cica.appendSFNTName (0x409,5, Version + VERSION)\n+ cica.appendSFNTName (0x409,6, _f.get ( name ).replace ( Cica , CicaE ))\n+ cica.appendSFNTName (0x409,7, )\n+ cica.appendSFNTName (0x409,8, )\n+ cica.appendSFNTName (0x409,9, )\n+ cica.appendSFNTName (0x409,10, )\n+ cica.appendSFNTName (0x409,11, )\n+ cica.appendSFNTName (0x409,12, )\n+ cica.appendSFNTName (0x409,13, LICENSE)\n+ cica.appendSFNTName (0x409,14, )\n+ cica.appendSFNTName (0x409,15, )\n+ cica.appendSFNTName (0x409,16, _f.get ( family ).replace ( Cica , CicaE ))\n+ cica.appendSFNTName (0x409,17, _f.get ( style_name ))\n+ fontpath = s _f.get ( filename ).replace ( Cica , CicaE )\n+ cicaE.generate (fontpath)\n+ cica.close ()\n+ ubuntu.close ()\n+def add_notoemoji (_f):\n+ notoemoji = NotoEmoji-Regular.ttf )\n+ for g in notoemoji.glyphs ():\n+ if g.isWorthOutputting and g.encoding 0x04f9:\n+ g.transform ( (0.42,0,0,0.42,0,0))\n+ g = align_to_center (g)\n+ notoemoji.selection.select (g.encoding)\n+ notoemoji.copy ()\n+ _f.selection.select (g.encoding)\n+ _f.paste ()\n+ notoemoji.close ()\n+ return _f\n+def add_devicons (_f):\n+ devicon = devicon.ttf )\n+ current = 0xE160\n+ for g in devicon.glyphs ():\n+ if g.isWorthOutputting:\n+ g.transform (psMat.compose (psMat.scale (0.8, 0.8), psMat.translate (0, -55)))\n+ g = align_to_center (g)\n+ devicon.selection.select (g.encoding)\n+ devicon.copy ()\n+ _f.selection.select (current)\n+ _f.paste ()\n+ current = current + 1\n+ devicon.close ()\n+ gopher = gopher.sfd )\n+ for g in gopher.glyphs ():\n+ if g.isWorthOutputting:\n+ gopher.selection.select (0x40)\n+ gopher.copy ()\n+ _f.selection.select (0xE160)\n+ _f.paste ()\n+ g.transform (psMat.compose (psMat.scale (-1, 1), psMat.translate (g.width, 0)))\n+ gopher.copy ()\n+ _f.selection.select (0xE161)\n+ _f.paste ()\n+ gopher.close ()\n+ return _f\n+def add_powerline (_f):\n+ powerline = powerline-symbols.sfd )\n+ for g in powerline.glyphs ():\n+ if g.isWorthOutputting:\n+ scale = psMat.scale (0.4, 0.4)\n+ translate = psMat.translate (0, 0)\n+ if g.unicode = 0xe0b2:\n+ translate = psMat.translate (88, 0)\n+ matrix = psMat.compose (scale, translate)\n+ g.transform (matrix)\n+ g.width = 512\n+ powerline.selection.select (g.encoding)\n+ powerline.copy ()\n+ _f.selection.select (int (hex (g.unicode), 0))\n+ _f.paste ()\n+ powerline.close ()\n+ return _f\n+def main ():\n+ print ( )\n+ print ( Generating Cica started. ### )\n+ check_files ()\n+ for _f in fonts:\n+ build_font (_f)\n+ print ( Succeeded ### )\n+if __name__ == __main__ :\n+ main ()",
    "message_bilingual_indexes": [
      0
    ],
    "diff_bilingual_indexes": [
      128,
      131
    ],
    "message_multi_trans": [
      [
        "Pytnon version script completed #12",
        "Pytnon version script completed #12",
        "Python version script completed #12",
        "Pytnon version script completed # 12"
      ]
    ],
    "diff_multi_trans": [
      [
        "+ u Rounded Mgen+ したいグリフを Ubuntu Monoから削除",
        "+ u Rounded Mgen+ を採用したいグリフを UbuntuMono from remove",
        "+ Delete glyphs that you want to use Rounded Mgen+ from Ubuntu Mono",
        "Remove Griff from UbuntuMono who wants to use + u Rounded Mgen+"
      ],
      [
        "+ 0x2026, # …",
        "+ 0x2026 # …"
      ]
    ],
    "biterm": [
      "",
      "monoubuntu monoubuntu monoubuntu monoubuntu monoubuntu monoubuntu"
    ]
  },
  "cec03a307b58147996439fbdf3e1a0456b582497": {
    "message": " fixes #11",
    "diff": "[README.md]\n+wget NotoEmoji-Regular.ttf -O NotoEmoji-Regular.ttf",
    "message_bilingual_indexes": [],
    "diff_bilingual_indexes": [],
    "message_multi_trans": [],
    "diff_multi_trans": [],
    "biterm": [
      "",
      ""
    ]
  },
  "2a48461e1a17cc532ced6b000448f22d9ba0b888": {
    "message": "Merge pull request #8 from mkdir-added\nworkaround: mkdir automatically",
    "diff": "",
    "message_bilingual_indexes": [],
    "diff_bilingual_indexes": [],
    "message_multi_trans": [],
    "diff_multi_trans": [],
    "biterm": [
      "mkdirworkaround",
      ""
    ]
  },
  "4d1be6fb67b4f17502b4c006987fe66c745eec1f": {
    "message": "fixes underline position #5\nthanks ",
    "diff": "[modify_underline.py]\n+# /usr/bin/env python2\n+# vim:fileencoding=utf-8:noet\n+import argparse\n+import sys\n+import re\n+import os.path\n+from itertools import chain\n+try:\n+except ImportError:\n+def get_argparser (ArgumentParser=argparse.ArgumentParser):\n+FONT_NAME_RE = re.compile (r ([ -]*) ( : (-.*)) )\n+def patch_one_font (target_font):\n+def patch_fonts (target_files):\n+def main (argv):\n+raise SystemExit (main (sys.argv[1:]))",
    "message_bilingual_indexes": [],
    "diff_bilingual_indexes": [],
    "message_multi_trans": [],
    "diff_multi_trans": [],
    "biterm": [
      "",
      ""
    ]
  },
  "99f0f413412579d966d8740fb56b777b4bd84b24": {
    "message": "Merge pull request #1 from trap_err\nfix trapping signals",
    "diff": "",
    "message_bilingual_indexes": [],
    "diff_bilingual_indexes": [],
    "message_multi_trans": [],
    "diff_multi_trans": [],
    "biterm": [
      "",
      ""
    ]
  }
}