{
  "1": {
    "summary": "Prepare README",
    "description": "Because it's still Ricty.\n",
    "summary_bilingual_indexes": [
      0
    ],
    "description_bilingual_indexes": [
      0
    ],
    "summary_multi_trans": [
      [
        "Readme is a good place to start.",
        "Ready to read.",
        "Organize README",
        "Prepare README"
      ]
    ],
    "description_multi_trans": [
      [
        "Because it remains Ricty.",
        "Because it's still Ricty."
      ]
    ],
    "biterm": [
      "",
      ""
    ]
  },
  "5": {
    "summary": "Underline offset display",
    "description": " img width= 324 alt= underline 7caf1874-5398-11e6-8532-a90b51d142c7.png \n (PuTTY DirectWrite version)\nThe value of Underline position seems strange.\n-for every 100 manual changes, it displays very well.\n",
    "summary_bilingual_indexes": [
      0
    ],
    "description_bilingual_indexes": [
      2,
      3
    ],
    "summary_multi_trans": [
      [
        "The bottom line is shown with a dash.",
        "The bottom line is displayed.",
        "Underline appears shifted",
        "Underline offset display"
      ]
    ],
    "description_multi_trans": [
      [
        "The underline position is crazy.",
        "The underline position is strange.",
        "The value of Underline position seems to be incorrect.",
        "The value of Underline position seems strange."
      ],
      [
        "The first is that the user has to make a manual correction to 100/100.",
        "- 100 to manually modified to do is shown in good shape.",
        "When I manually corrected it around -100, it was displayed nicely.",
        "-for every 100 manual changes, it displays very well."
      ]
    ],
    "biterm": [
      "",
      ""
    ]
  },
  "8": {
    "summary": "workaround: mkdir automatically",
    "description": "If you keep git clone, there is no directory, and the composite script will be interrupted, so we automatically generate the directory.\n",
    "summary_bilingual_indexes": [],
    "description_bilingual_indexes": [
      0
    ],
    "summary_multi_trans": [],
    "description_multi_trans": [
      [
        "The synthesis script would be interrupted if git clone didn't have a directory, so the directory was automatically generated.",
        "git clone ままだとディレクトリが無く、合成スクリプトが中断してしまう so that the directory is generated automatically.",
        "If I keep git cloned, the synthesis script will be interrupted because there is no directory, so I created a directory automatically.",
        "If you keep git clone, there is no directory, and the composite script will be interrupted, so we automatically generate the directory."
      ]
    ],
    "biterm": [
      "mkdirworkaround",
      ""
    ]
  },
  "11": {
    "summary": "The acquisition of README.md NotoEmoji is not written.",
    "description": "It's not written.\n",
    "summary_bilingual_indexes": [
      0
    ],
    "description_bilingual_indexes": [
      0
    ],
    "summary_multi_trans": [
      [
        "Readme.md NotoEmoji is not available",
        "README.md No comments on NotoEmoji",
        "README.md There is no information about obtaining NotoEmoji",
        "The acquisition of README.md NotoEmoji is not written."
      ]
    ],
    "description_multi_trans": [
      [
        "Not written",
        "is not written.",
        "Unwritten",
        "It's not written."
      ]
    ],
    "biterm": [
      "",
      ""
    ]
  },
  "12": {
    "summary": "One day it will be rewritten into Python.",
    "description": "One day.",
    "summary_bilingual_indexes": [
      0
    ],
    "description_bilingual_indexes": [
      0
    ],
    "summary_multi_trans": [
      [
        "I'll write it all in Python someday.",
        "Everything will be changed to Python.",
        "I will rewrite everything to Python someday.",
        "One day it will be rewritten into Python."
      ]
    ],
    "description_multi_trans": [
      [
        "someday···",
        "One day."
      ]
    ],
    "biterm": [
      "",
      ""
    ]
  },
  "15": {
    "summary": "There is an anomaly between the lines",
    "description": "Windows's GVim, Mac's MacVim and so on are not abnormal.\n# IntelliJ IDEA\nIf it's Cica, the cursor line will get weird.\n [untitled 2017-10-11 31413976-bc9b5ca8-ae56-11e7-9dcc-5de0473f79bf.png\nUbuntu Mono is normal.\n [untitled 2017-10-11 31413948-9f1afe72-ae56-11e7-91f3-d8fa09379a90.png\n",
    "summary_bilingual_indexes": [
      0
    ],
    "description_bilingual_indexes": [
      0,
      2,
      4
    ],
    "summary_multi_trans": [
      [
        "There's an anomaly in the column.",
        "Unusual amongst them.",
        "There is an abnormality between the lines",
        "There is an anomaly between the lines"
      ]
    ],
    "description_multi_trans": [
      [
        "Windows' GVim, Mac's MacVim and so on are not unusual",
        "There is nothing unusual with Windows GVim, Mac MacVim and so on.",
        "There is no problem with GVim on Windows, MacVim on Mac, etc.",
        "Windows's GVim, Mac's MacVim and so on are not abnormal."
      ],
      [
        "The CICA is going to drive cars crazy",
        "Cica is going crazy.",
        "When using Cica, the cursor line becomes strange.",
        "If it's Cica, the cursor line will get weird."
      ],
      [
        "Ubuntu Mono is normal",
        "Ubuntu is Mono.",
        "Normal on Ubuntu Mono",
        "Ubuntu Mono is normal."
      ]
    ],
    "biterm": [
      "",
      "vimwindow"
    ]
  },
  "16": {
    "summary": "The lower end of Gjy is broken.",
    "description": "Confirm on Windows cmder and Mac terminal (Thx)",
    "summary_bilingual_indexes": [
      0
    ],
    "description_bilingual_indexes": [
      0
    ],
    "summary_multi_trans": [
      [
        "The bottom of the cage is cut off.",
        "Gary’s bottom can be cut.",
        "The lower end of gjy is cut off",
        "The lower end of Gjy is broken."
      ]
    ],
    "description_multi_trans": [
      [
        "Confirm with Windows cmder and Mac terminal (thx)",
        "Windows cmder and Mac terminal (thx)",
        "Check with cmder on Windows and terminal (thx) on Mac",
        "Confirm on Windows cmder and Mac terminal (Thx)"
      ]
    ],
    "biterm": [
      "",
      ""
    ]
  },
  "17": {
    "summary": "There is a gap in the glyph of Powerline",
    "description": "It is said that Merala burns the guy 0xE0C0 near the full width, so he didn't notice.\n 0xE0B0 - 0xE0B7 \n [cica - vim 2017-10-13 31518678-02662e04-afdb-11e7-8b4e-f4d71839bf5b.png\n",
    "summary_bilingual_indexes": [
      0
    ],
    "description_bilingual_indexes": [
      0
    ],
    "summary_multi_trans": [
      [
        "The powerline's glyphs open up",
        "The powerline grip is opened.",
        "Gaps open in Powerline glyphs",
        "There is a gap in the glyph of Powerline"
      ]
    ],
    "description_multi_trans": [
      [
        "The girl said that she did not notice the burning thing because it was so close and wide.",
        "Melanoma burning and the 0xE0C0 near, full-angle wide due to not noticed.",
        "He says he didn&#39;t notice it because he was setting it to full width around 0xE0C0. .",
        "It is said that Merala burns the guy 0xE0C0 near the full width, so he didn't notice."
      ]
    ],
    "biterm": [
      "glyphpowerlin",
      "setwidth"
    ]
  },
  "18": {
    "summary": "The grid deviated.",
    "description": "Use CicaTest_iss16-17_02.zip on the mintty in the msys2-x86_64-20161025.exe of [msys2] to segment the window in tmux\nTheir way of life.\nAnd (of)\nFor sure:\nThere's a slight deviation between the left and the right.\n [tmux-keisen-zure1]/19299/31541181-cb1477f8-b048-11e7-8c0c-1f031da27c57.png\n [tmux-keisen-zure2]/19299/31541194-d5c9e5b6-b048-11e7-8c62-ce74d358de9f.png\nIt's something.\nWhat?\nMost important of all\nYeah, no problem.",
    "summary_bilingual_indexes": [
      0
    ],
    "description_bilingual_indexes": [
      0,
      1,
      2,
      3,
      4,
      7,
      8,
      9,
      10
    ],
    "summary_multi_trans": [
      [
        "The wires are loose.",
        "The line can be left.",
        "The lines are misaligned",
        "The grid deviated."
      ]
    ],
    "description_multi_trans": [
      [
        "[msys2] の msys2-x86_64-20161025.exe で入れたmintty on CicaTest_iss16-17_02.zip and then split it with tmuxでウィンドウ",
        "[msys2] for msys2-x86_64-20161025.exe in mintty on CicaTest_iss16-17_02.zip using tmux to divide the window and",
        "When dividing windows with tmux using CicaTest_iss16-17_02.zip on mintty installed with msys2-x86_64-20161025.exe of [msys2]",
        "Use CicaTest_iss16-17_02.zip on the mintty in the msys2-x86_64-20161025.exe of [msys2] to segment the window in tmux"
      ],
      [
        "The image is slightly to the left.",
        "It is a little left.",
        "┤",
        "Their way of life."
      ],
      [
        "It's all right.",
        "It is OK.",
        "and",
        "And (of)"
      ],
      [
        "├",
        "For sure:"
      ],
      [
        "is slightly shifted to the left and right.",
        "There's a slight deviation between the left and the right."
      ],
      [
        "┴",
        "It's something."
      ],
      [
        "┼",
        "What?"
      ],
      [
        "┬",
        "Most important of all"
      ],
      [
        "is okay.",
        "Yeah, no problem."
      ]
    ],
    "biterm": [
      "",
      ""
    ]
  },
  "19": {
    "summary": "There is a prominent Griff in FontAwesome",
    "description": "When I tried to display the battery of the tmux, I found\n [vim]/468745/31589839-d68b1c6c-b242-11e7-9e9a-2bfef25498f4.png\n",
    "summary_bilingual_indexes": [
      0
    ],
    "description_bilingual_indexes": [
      0
    ],
    "summary_multi_trans": [
      [
        "FontAwesome has a glyph",
        "In FontAwesome there is a graffiti.",
        "Some glyphs are sticking out in FontAwesome",
        "There is a prominent Griff in FontAwesome"
      ]
    ],
    "description_multi_trans": [
      [
        "I woke up trying to use tmux's battery display",
        "tmux's battery display for use.",
        "Discovered when trying to use it for tmux battery display",
        "When I tried to display the battery of the tmux, I found"
      ]
    ],
    "biterm": [
      "",
      ""
    ]
  },
  "20": {
    "summary": "The resurrection of Cica v2-GOPHER",
    "description": "[the upper body Gopher has been deleted from the DevIcon NERDFonts ef07ccef5fef9f80b2e671dd440f0b292c7e10b.\nDevIcon and upper-body Gopher are considered different things and will not be deleted during migration.\n [2017-11-15_3nw3p]/20859/32806406-bcf70e56-c9cf-11e7-9401-49a6b49ad351.png\nReference:\n* upper body Gopher Utility E160J UBG E161 [Home Cica wiki]\n",
    "summary_bilingual_indexes": [
      0
    ],
    "description_bilingual_indexes": [
      0,
      1,
      3,
      4
    ],
    "summary_multi_trans": [
      [
        "Cica v2 - The Rise of GOPHER",
        "Cica v2 - The Revival of Gopher",
        "Cica v2 - Return of the GOPHER",
        "The resurrection of Cica v2-GOPHER"
      ]
    ],
    "description_multi_trans": [
      [
        "[DevIcon from NERDFonts ef07ccef5fef9f80b2e671dd440f0b292cc7e10bされた, there is a problem with the upper half of the Gopher being removed.]",
        "[DevIcon from NERDFonts ef07ccef5fef9f80b2e671dd440f0b292cc7e10b has a problem with Gopher being removed.",
        "[There is an issue where the upper body Gopher is deleted when NERDFonts ef07ccef5fef9f80b2e671dd440f0b292cc7e10b is removed from DevIcon.",
        "[the upper body Gopher has been deleted from the DevIcon NERDFonts ef07ccef5fef9f80b2e671dd440f0b292c7e10b."
      ],
      [
        "DevIcon and Upper Half Gopher are recognized as separate and not deleted during the migration.",
        "DevIcon and the upper body Gopher are recognized as other things and are not removed during the migration.",
        "We recognize that DevIcon and Gopher are separate entities, and we do not think they will be deleted during migration.",
        "DevIcon and upper-body Gopher are considered different things and will not be deleted during migration."
      ],
      [
        "The following are links to the articles:",
        "Reference to:",
        "reference:",
        "Reference:"
      ],
      [
        "* Upper half of the body Gopher U+E160, U+E161 [Home Cica wiki]",
        "Gopher U+E160 and U+E161 [Home Cica wiki]",
        "* Upper body Gopher U+E160, U+E161 [Home Cica wiki",
        "* upper body Gopher Utility E160J UBG E161 [Home Cica wiki]"
      ]
    ],
    "biterm": [
      "",
      "gopherupper"
    ]
  },
  "22": {
    "summary": "Increase the size of the top and bottom characters",
    "description": "Source of creativity (thank you)\n/genkuroki/status/961211685846446080\nIt's really small.\n [preview 2018-02-10 36053202-1653bf82-0e34-11e8-8b51-07025de6f88b.png\n(superscript 1) U+00B9 00B2 (superscript 2 and superscript 3)\nThe following picture is U+2070~U+2094\n [cica-regular cica-regular ttf unicodefull 2018-02-10 36052900-eb69ae54-0e32-11e8-92a1-177a61f3aba3.png\nBy the way, in the case of Vim and ambiwidth=double, the equal symbol is full-width, the 0 of subscript is half-width, but the 1 of subscript is full-width.",
    "summary_bilingual_indexes": [
      0
    ],
    "description_bilingual_indexes": [
      0,
      2,
      4,
      5,
      7
    ],
    "summary_multi_trans": [
      [
        "Enlarge the size of the upper and lower case",
        "Increase the size of the above and below words.",
        "Slightly increase the size of superscript and subscript",
        "Increase the size of the top and bottom characters"
      ]
    ],
    "description_multi_trans": [
      [
        "I'm not sure what to say.",
        "The idea (thank you)",
        "Idea source (thank you)",
        "Source of creativity (thank you)"
      ],
      [
        "It's really small.",
        "Certainly small.",
        "It&#39;s certainly small.",
        "It's really small."
      ],
      [
        "- U+2070, U+2071, U+2074 〜 U+209C and U+00B9 (上付きの1) U+00B2, U+00B3 (上付きの2と3) are covered",
        "- U+2070, U+2071, U+2074 〜 U+209C および、 U+00B9 (upon付きの1) U+00B2, U+00B3 (upon付きの2と3 が対象)",
        "- U+2070, U+2071, U+2074 ~ U+209C and U+00B9 (superscript 1) U+00B2, U+00B3 (superscript 2 and 3 are applicable)",
        "(superscript 1) U+00B9 00B2 (superscript 2 and superscript 3)"
      ],
      [
        "The following image shows U+2070 to U+2094.",
        "The following image is U+2070 ~ U+2094",
        "The images below are U+2070 ~ U+2094",
        "The following picture is U+2070~U+2094"
      ],
      [
        "In the case of Vim, ambiwidth=double, where the symbol becomes full width, or where the 0 is half-width and the 1 is full width.",
        "For example, in the case of Vim, if ambiwidth=double, the symbol becomes full-angle, or the 0 below is half-angle, but the 1 below becomes full-angle.",
        "By the way, in the case of Vim, if ambiwidth=double, symbols such as become full-width, and subscript 0 becomes half-width width, but subscript 1 becomes full-width width.",
        "By the way, in the case of Vim and ambiwidth=double, the equal symbol is full-width, the 0 of subscript is half-width, but the 1 of subscript is full-width."
      ]
    ],
    "biterm": [
      "",
      ""
    ]
  },
  "27": {
    "summary": "Update the download URL of Ubuntu Mono",
    "description": "",
    "summary_bilingual_indexes": [
      0
    ],
    "description_bilingual_indexes": [],
    "summary_multi_trans": [
      [
        "Updated the download URL for Ubuntu Mono",
        "Update the Ubuntu Mono download URL",
        "Updated Ubuntu Mono download URL",
        "Update the download URL of Ubuntu Mono"
      ]
    ],
    "description_multi_trans": [],
    "biterm": [
      "downloadurl updaturl monoubuntu monourl monourl updaturl",
      ""
    ]
  },
  "29": {
    "summary": "There is no version of Noto Emoji",
    "description": "Reference: 1007079705705500672\nBlack and white Noto Emoji is displayed in an environment where DirectX is effective in Windows, but the visibility is poor.\nI think there are people I like, so study the version without Noto Emoji.",
    "summary_bilingual_indexes": [
      0
    ],
    "description_bilingual_indexes": [
      0,
      1,
      2
    ],
    "summary_multi_trans": [
      [
        "Noto Emoji free version",
        "Noto Emoji Release",
        "Noto Emoji version",
        "There is no version of Noto Emoji"
      ]
    ],
    "description_multi_trans": [
      [
        "The following is a list of the most commonly used words in the English language:",
        "Reference Opinions : 1007079705705500672",
        "Reference opinion: 1007079705705500672",
        "Reference: 1007079705705500672"
      ],
      [
        "In Windows, DirectX-enabled environments display black and white Note Emoji, but it feels visually poor.",
        "In Windows, a black-and-white Note Emoji is displayed in an environment where DirectX is active, but the visibility feels bad.",
        "Black and white Noto Emoji is displayed in a Windows environment where DirectX is enabled, but I feel that visibility is poor.",
        "Black and white Noto Emoji is displayed in an environment where DirectX is effective in Windows, but the visibility is poor."
      ],
      [
        "I think some people like it, so we're thinking about a version without the Noto Emoji.",
        "I think there are people who like Noto Emoji.",
        "I think some people like it, so I&#39;m considering a version without Noto Emoji.",
        "I think there are people I like, so study the version without Noto Emoji."
      ]
    ],
    "biterm": [
      "",
      "emojinoto"
    ]
  },
  "30": {
    "summary": "The width of each character contained in the Ignoring_center is slightly smaller",
    "description": "The environment at hand.\n* openSUSE Leap 15.0 (non-HiDPI)\n* autohint and hinting in fonts.conf (Fontconfig) are false\n* Emacs 25.3.1\nWhen displayed, as shown in the following figure, the width of symbols such as punctuation and parentheses is slightly narrow and cannot be well aligned.\n [Cica-3.0.0]/1675738/41503732-3ab3428a-7216-11e8-88eb-0598b063a0f7.png\nThe [align_to_center] / miiton/Cica/blob/c128e210934a440c3d8471b693332d747f64d40b/cica.py function sets the width as it does and adjusts it to align correctly.\n [fixed]/1675738/41504213-2c253108-7223-11e8-9cb3-d7bbba962aaa.png\nBy the way, the position of italics is also adjusted slightly.\n",
    "summary_bilingual_indexes": [
      0
    ],
    "description_bilingual_indexes": [
      0,
      1,
      2,
      4,
      6,
      8
    ],
    "summary_multi_trans": [
      [
        "The characters in ignoring_center are slightly smaller",
        "The length of the text contained in ignoring_center is slightly small",
        "The width of each character in ignoring_center is slightly smaller",
        "The width of each character contained in the Ignoring_center is slightly smaller"
      ]
    ],
    "description_multi_trans": [
      [
        "The environment",
        "The Hand Environment.",
        "environment at hand",
        "The environment at hand."
      ],
      [
        "* openSUSE Leap 15.0 (not included in HiDPI)",
        "OpenSUSE Leap 15.0 (not HiDPI)",
        "* openSUSE Leap 15.0 (non-HiDPI)",
        "* openSUSE Leap 15.0 (non-HiDPI)"
      ],
      [
        "The symbols are a little narrower and not in the right order, as shown in the figure below.",
        "In other words, the scope of the signs like the phrase reading point and the corner of the corner is slightly narrower, as shown below, and it is not good enough.",
        "* autohint and hinting set to false in fonts.conf (fontconfig)",
        "* autohint and hinting in fonts.conf (Fontconfig) are false"
      ],
      [
        "[ align_to_center ]/miiton/Cica/blob/c128e210934a440c3d8471b693332d747f64d40b/cica.py I set the width as I did in the function, and tried to adjust it properly.",
        "[ align_to_center ]/miiton/Cica/blob/c128e210934a440c3d8471b693332d747f64d40b/cica.py Functions are performed in a manner that allows you to adjust the width.",
        "When displayed as shown in the image below, the width of symbols such as punctuation marks and angle brackets is slightly narrower and does not line up properly.",
        "When displayed, as shown in the following figure, the width of symbols such as punctuation and parentheses is slightly narrow and cannot be well aligned."
      ],
      [
        "The position of the slope is also slightly adjusted.",
        "After all, the location of the slope is also slightly adjusted.",
        "[ align_to_center ]/miiton/Cica/blob/c128e210934a440c3d8471b693332d747f64d40b/I tried setting the width as done in the cica.py function and adjusting it to align properly.",
        "The [align_to_center] / miiton/Cica/blob/c128e210934a440c3d8471b693332d747f64d40b/cica.py function sets the width as it does and adjusts it to align correctly."
      ],
      [
        "I also adjusted the position of the italics a little.",
        "By the way, the position of italics is also adjusted slightly."
      ]
    ],
    "biterm": [
      "charactwidth centerignor charactsmaller centercharact lengthtext smallerwidth centerwidth",
      ""
    ]
  },
  "36": {
    "summary": "v4",
    "description": "Summary: summary.\n-set the license to SIL Open Font License v1.1\n-change to-\n-fine-tune part of Griff\nLicense summary\nSource Font license reference Link\n \n Hack MIT BITSTREAM VERA .md at master LICENSE.md \nRounded Mgen+SIL OFL1.1 [Rounded Mgen+SIL OFL1.1 [Rounded Mgen+SIL OFL1.1\n DevIcons MIT devicons: Devicons - An iconic font made for devicons \n Powerline Extra Symbols MIT -symbols: Extra glyphs for your powerline powerline-extra-symbols \n Font Awesome Font Awesome Free (SIL OFL 1.1) .txt at master LICENSE.txt \n Font Awesome Extension MIT -extension: Simple Font Awesome font-awesome-extension \n Octicons MIT octicons: A scalable set of icons handcrafted with 3 by octicons \n IEC Power Symbols MIT Unicode: Proposal to add IEC power symbols to Unicode \n Powerline Symbols Free LICENSE at develop LICENSE \n Noto Emoji Apache License 2.0 -emoji: Noto Emoji noto-emoji \nDejaVu Sans Mono Free [DejaVu Fonts-License.html\n Seti-UI + Custom MIT -ui: A subtle dark colored UI theme for seti-ui \n",
    "summary_bilingual_indexes": [],
    "description_bilingual_indexes": [
      0,
      1,
      2,
      3,
      4,
      5,
      8,
      17
    ],
    "summary_multi_trans": [],
    "description_multi_trans": [
      [
        "Summary of the report",
        "summary",
        "overview",
        "Summary: summary."
      ],
      [
        "- to change",
        "to change it.",
        "- Change license to SIL Open Font License v1.1",
        "-set the license to SIL Open Font License v1.1"
      ],
      [
        "- A little bit of a griff.",
        "Adjust a graffiti.",
        "- change to",
        "-change to-"
      ],
      [
        "Source Font License Reference link",
        "Source font license reference link",
        "- Tweak some glyphs",
        "-fine-tune part of Griff"
      ],
      [
        "License summary",
        "License summary"
      ],
      [
        "Source font license reference link",
        "Source Font license reference Link"
      ],
      [
        "Rounded Mgen+ SIL OFL 1.1 [Rounded Mgen+ Rounded Mugen Plus",
        "Rounded Mgen+SIL OFL1.1 [Rounded Mgen+SIL OFL1.1 [Rounded Mgen+SIL OFL1.1"
      ],
      [
        " DejaVu Sans Mono Free [DejaVu Fonts — License.html ",
        "DejaVu Sans Mono Free [DejaVu Fonts-License.html"
      ]
    ],
    "biterm": [
      "",
      "bitstreamvera bitstreamvera fonticon powerlinsymbol extrasymbol extrasymbol awesomfont oflsil extensfont awesomextens extensfont awesomfont extensfont awesomextens iecpower powerlinsymbol freelicens apachlicens emojinoto emojinoto fontsil fontopen changlicens oflsil oflsil oflsil"
    ]
  },
  "37": {
    "summary": "I want the Vue icon",
    "description": "I saw your opinion on Twitter.\nSince the devicons contained in NerdFonts is not maintained, consider whether to replace it with [Icons for iconsfordevs]. The license should be MIT, so there is no problem.\n-[x] whether the Unicode address is the same as DevIcons.-different, just add it.\n-[x] can you display the icons added in vim-devicons? after all, you can do without Pullick [Add support for.vue. Topic # 235 235\n-[x] is there nothing wrong with the license?-MIT license\nReference (reference)\n- 1041279932905578496",
    "summary_bilingual_indexes": [
      0
    ],
    "description_bilingual_indexes": [
      0,
      1,
      2,
      3,
      4,
      5
    ],
    "summary_multi_trans": [
      [
        "I want a Vue icon",
        "I want an icon.",
        "I want a Vue icon",
        "I want the Vue icon"
      ]
    ],
    "description_multi_trans": [
      [
        "I saw your comment on Twitter.",
        "I saw your opinion on Twitter.",
        "I saw your comment on Twitter",
        "I saw your opinion on Twitter."
      ],
      [
        "Since the devicons built into NerdFonts are not maintained, [Icons for iconsfordevs] is being considered for replacement. The license is not a problem with MIT.",
        "NerdFonts built-in devicons are notined, so [Icons for iconsfordevs can be replaced.",
        "The devicons built into NerdFonts is not maintained, so consider replacing it with Icons for iconsfordevs. The license is MIT, so there shouldn&#39;t be any problems.",
        "Since the devicons contained in NerdFonts is not maintained, consider whether to replace it with [Icons for iconsfordevs]. The license should be MIT, so there is no problem."
      ],
      [
        "- [x] Unicode address is the same as DevIcons - No, just add OK",
        "- [x] Unicode Address is the same as DevIcons? - Ok only to add",
        "- [x] Is the Unicode address the same as DevIcons? - It&#39;s not, so just add it.",
        "-[x] whether the Unicode address is the same as DevIcons.-different, just add it."
      ],
      [
        "- [x] can I display the icon added with vim-devicons - とりあえずプルリクなしでいける [Add support for .vue .",
        "- [x] vim-devicons with addedしたアイコン表示できるか - とりあえずプルリクなしでいける [Add support for .vue . Issue #235 235",
        "- [x] Is it possible to display icons added with vim-devicons - I can do it without a pull request for the time being [Add support for .vue . Issue #235 235",
        "-[x] can you display the icons added in vim-devicons? after all, you can do without Pullick [Add support for.vue. Topic # 235 235"
      ],
      [
        "- [x] License is not an issue - MIT License",
        "[x] Is the license a problem? - MIT license",
        "- [x] Is the license okay? - MIT License",
        "-[x] is there nothing wrong with the license?-MIT license"
      ],
      [
        "References",
        "Reference to",
        "reference",
        "Reference (reference)"
      ]
    ],
    "biterm": [
      "",
      "iconiconsfordev"
    ]
  },
  "38": {
    "summary": "Use Hack instead of Ubuntu Mono to modify Docker build settings",
    "description": "Modified to use Hack because Docker's build settings continue to use Ubuntu Mono.",
    "summary_bilingual_indexes": [
      0
    ],
    "description_bilingual_indexes": [
      0
    ],
    "summary_multi_trans": [
      [
        "Fixed to use Hack instead of Ubuntu Mono in Docker build settings",
        "Configuration of the build by Docker instead of using Ubuntu Mono",
        "Modified Docker build settings to use Hack instead of Ubuntu Mono",
        "Use Hack instead of Ubuntu Mono to modify Docker build settings"
      ]
    ],
    "description_multi_trans": [
      [
        "The Docker build settings were still using Ubuntu Mono, so the hack was corrected.",
        "Fixed so that Ubuntu Mono was still used in the build settings by Docker so that Hack was used.",
        "Ubuntu Mono was still being used in the Docker build settings, so I changed it to use Hack.",
        "Modified to use Hack because Docker's build settings continue to use Ubuntu Mono."
      ]
    ],
    "biterm": [
      "buildconfigur configurdocker monoubuntu dockermono dockermodifi hackmono buildmodifi",
      "monoubuntu"
    ]
  },
  "39": {
    "summary": "There is an exception in the ttf file other than Regular in V4.1.0",
    "description": "# 37 follow up\n []/31730505/45605947-08bb3e00-ba7c-11e8-8cf5-816d4a714fee.png",
    "summary_bilingual_indexes": [
      0
    ],
    "description_bilingual_indexes": [
      0
    ],
    "summary_multi_trans": [
      [
        "There is an error in the ttf file other than v4.1.0's Regular",
        "v4.1.1 There is an abnormality in the TFT file.",
        "There is an abnormality in the ttf file other than Regular in v4.1.0",
        "There is an exception in the ttf file other than Regular in V4.1.0"
      ]
    ],
    "description_multi_trans": [
      [
        "#37 and #37",
        "Following by 37.",
        "Continuation of #37",
        "# 37 follow up"
      ]
    ],
    "biterm": [
      "",
      ""
    ]
  },
  "41": {
    "summary": "On the text width of three-point reader",
    "description": "I would like to ask whether this can be done by a layman in the matter of fonts. Can the text width of the three-point reader group be specified as half-width?\nAs a motive, I want to align numbers when displaying arrays on the Julia language REPL. It's useful because it shows a lot of marks. Thank you.\n [ss_julia]/480049/52911846-83ff7500-32e4-11e9-92e5-33668650b002.png\n",
    "summary_bilingual_indexes": [
      0
    ],
    "description_bilingual_indexes": [
      0,
      1
    ],
    "summary_multi_trans": [
      [
        "The three-hour reading of the letter",
        "Three points of leadership.",
        "About the character width of the three-dot leader",
        "On the text width of three-point reader"
      ]
    ],
    "description_multi_trans": [
      [
        "Sorry, I don't know if you can do that for a novice, but is it possible to specify the width of the three-point lead group (U+22EE, U+22EF, U+22F0, U+22F0) as a hemisphere?",
        "すみません, fontのことは素人でそういうことができるのかわかっていないのですが, it is possible to specify the width of the three-point leads (U+22EE, U+22EF, U+22F0, U+22F0) at the half-angle?",
        "Sorry, I&#39;m an amateur when it comes to fonts and I don&#39;t know if it&#39;s possible to do something like that, but specifying the character width of the three-point reader group (U+22EE, U+22EF, U+22F0, U+22F0) to half-width. Is it possible?",
        "I would like to ask whether this can be done by a layman in the matter of fonts. Can the text width of the three-point reader group be specified as half-width?"
      ],
      [
        "The motivation is to use the word \"julia\" to represent the sequence of digits in the REPL language.",
        "The motivation for this is to display the array when it is used in the language of julia REPL. Many symbols can be represented. Thank you.",
        "The motivation is to align the digits when displaying an array on the julia language REPL. This is useful because it can display many symbols. thank you.",
        "As a motive, I want to align numbers when displaying arrays on the Julia language REPL. It's useful because it shows a lot of marks. Thank you."
      ]
    ],
    "biterm": [
      "leaderwidth",
      ""
    ]
  },
  "42": {
    "summary": "Corresponding to the New year's number.",
    "description": "U+4EE4 and UF548C will be tightly extruded into U+32FF\nReference: [The Unicode Blog:New Japanese new-japanese-era.html",
    "summary_bilingual_indexes": [
      0
    ],
    "description_bilingual_indexes": [
      0,
      1
    ],
    "summary_multi_trans": [
      [
        "New number",
        "The new number responds.",
        "New era name compatible",
        "Corresponding to the New year's number."
      ]
    ],
    "description_multi_trans": [
      [
        "The U+4EE4 and U+548C are now shortened to U+32FF",
        "Let U+4EE4 and U+548C hang to U+32FF",
        "Squeeze the order U+4EE4 and sum U+548C to U+32FF",
        "U+4EE4 and UF548C will be tightly extruded into U+32FF"
      ],
      [
        "The Unicode Blog: New Japanese new-japanese-era.html is a free and open source project that is developed by the Japanese language.",
        "The Unicode Blog: New Japanese new-japanese-era.html",
        "Reference: [The Unicode Blog: New Japanese new-japanese-era.html",
        "Reference: [The Unicode Blog:New Japanese new-japanese-era.html"
      ]
    ],
    "biterm": [
      "",
      ""
    ]
  },
  "43": {
    "summary": "Support for 3-point reader # 41",
    "description": "# Overview\nWhen operating the Julia language in the console, display a vertical and horizontal tilted 3-point reader in a two-dimensional arrangement\nIf the width is full-width, the offset is displayed, so the corresponding glyph is changed to half-width.\nBefore and after the change\n : : : : \n []/480049/52911846-83ff7500-32e4-11e9-92e5-33668650b002.png []/468745/58381471-566b4b80-7ff8-11e9-9420-65dee5b9e3a5.png \n# expected impact\n* according to the circumstances... May have an impact on the description of dark mood Markdown and so on. Maybe...",
    "summary_bilingual_indexes": [
      0
    ],
    "description_bilingual_indexes": [
      0,
      1,
      2,
      3,
      6,
      7
    ],
    "summary_multi_trans": [
      [
        "3 reader response #41",
        "4 Responses to #41",
        "3-point leader compatible #41",
        "Support for 3-point reader # 41"
      ]
    ],
    "description_multi_trans": [
      [
        "# Summary",
        "# summary",
        "# overview",
        "# Overview"
      ],
      [
        "When using Julia language on a console, the three-point reader is displayed vertically and horizontally in a two-dimensional array.",
        "When you operate the Julia language in the console, a 3 point leader is displayed in the 2D array.",
        "When operating the Julia language on the console, three-dot leaders are displayed vertically and horizontally on a two-dimensional array, but",
        "When operating the Julia language in the console, display a vertical and horizontal tilted 3-point reader in a two-dimensional arrangement"
      ],
      [
        "The appropriate glyphs have been changed to semicolon to avoid the need to indicate that the width is full.",
        "In order to change the corresponding griff to the half-angle width, the width becomes full-angle.",
        "If the width is full-width, the display will be shifted, so change the corresponding glyph to half-width width.",
        "If the width is full-width, the offset is displayed, so the corresponding glyph is changed to half-width."
      ],
      [
        "Before and after the change",
        "Change before change.",
        "before after",
        "Before and after the change"
      ],
      [
        "# The expected impact",
        "The expected impact",
        "# Expected impact",
        "# expected impact"
      ],
      [
        "* Depending on the environment... maybe Markdown, which is a dark word... maybe...",
        "* The environment may be influenced by... dark feelings written by Markdown etc. ...",
        "* Depending on the environment... Markdown that describes dark feelings may be affected...",
        "* according to the circumstances... May have an impact on the description of dark mood Markdown and so on. Maybe..."
      ]
    ],
    "biterm": [
      "leaderpoint",
      "pointreader"
    ]
  },
  "44": {
    "summary": "fetch fonts on docker build",
    "description": "Download dependent fonts in docker-compose build, and copy cica.py, etc.\nWhen upgrading to Docker Hub, etc., ordinary users can only build in docker run-v dist cica after pull.",
    "summary_bilingual_indexes": [],
    "description_bilingual_indexes": [
      0,
      1
    ],
    "summary_multi_trans": [],
    "description_multi_trans": [
      [
        "The docker-compose build is now depending on font downloads, but it's also copied from cic.py.",
        "Docker-compose build depends on the font to download and copy cica.py.",
        "Download dependent fonts and copy cica.py etc. during docker-compose build.",
        "Download dependent fonts in docker-compose build, and copy cica.py, etc."
      ],
      [
        "If you upgrade to Docker Hub, you can build Docker Run-v dist cica after pulling.",
        "In the case of Docker Hub and so on, the general user can only pull it and build it with docker run -v dist cica.",
        "If you upload it to Docker Hub, etc., general users will only be able to build it with docker run -v dist cica after pulling it.",
        "When upgrading to Docker Hub, etc., ordinary users can only build in docker run-v dist cica after pull."
      ]
    ],
    "biterm": [
      "fetchfont builddocker buildfont",
      ""
    ]
  },
  "45": {
    "summary": "Unable to display icons used in Vista.vim",
    "description": "Some of the characters used in the Vista.vim plug-in are not displayed or are different from NerdTree font.\nExample:\nuf794: \nuf71b: \nMove neovim on gnome-terminal (font has been changed to Cica) in ubuntu 18.04.",
    "summary_bilingual_indexes": [
      0
    ],
    "description_bilingual_indexes": [
      0,
      1,
      4
    ],
    "summary_multi_trans": [
      [
        "Icon used in Vista.vim cannot be displayed",
        "I cannot display the icons used in Vista.vim",
        "Unable to display icons used in Vista.vim",
        "Unable to display icons used in Vista.vim"
      ]
    ],
    "description_multi_trans": [
      [
        "The script used in the Vista.vim plugin is shown as either not displayed or different from the NerdTree font.",
        "The text used in the Vista.vim plugin is one, not represented, or different from the NerdTree font.",
        "Some characters used by the Vista.vim plugin are not displayed or are displayed in a different font than the NerdTree font.",
        "Some of the characters used in the Vista.vim plug-in are not displayed or are different from NerdTree font."
      ],
      [
        "Examples:",
        "Example of:",
        "example:",
        "Example:"
      ],
      [
        "I'm running neovim on ubuntu 18.04's gnome-terminal (font is changed to Cica).",
        "Ubuntu 18.04 GNOME-Terminal (Font is modified to Cica)",
        "I am running neovim on gnome-terminal (font has been changed to Cica) on ubuntu18.04.",
        "Move neovim on gnome-terminal (font has been changed to Cica) in ubuntu 18.04."
      ]
    ],
    "biterm": [
      "",
      ""
    ]
  },
  "46": {
    "summary": "Nerd font update, add glyph, support adjustment v5",
    "description": "",
    "summary_bilingual_indexes": [
      0
    ],
    "description_bilingual_indexes": [],
    "summary_multi_trans": [
      [
        "Nerd font updates, added glyphs, and adjustments for v5",
        "Nerd Font Updates, Griff Added, Adjusted for v5",
        "Nerd font update, glyph addition, adjustment v5 compatible",
        "Nerd font update, add glyph, support adjustment v5"
      ]
    ],
    "description_multi_trans": [],
    "biterm": [
      "additglyph adglyph adadjust griffupdat adadjust adjustsupport",
      ""
    ]
  }
}