{
  "1": {
    "summary": "WEIXIN UI ",
    "description": "= =..issue 一血。\n"
  },
  "2": {
    "summary": "“微信JSAPI”那篇 wiki 有过时之处，如 addContact 添加好友已禁用",
    "description": "“[微信JSAPI]/weui/weui/wiki/ E5 BE AE E4 BF A1JSAPI”那篇 wiki 有过时之处，\n譬如通过 WeixinJSBridge.invoke ( addContact ,... ) 添加好友已禁用。\n ref: 66fb98d5261259cb083a9f475382a237.html \n"
  },
  "3": {
    "summary": "React-weui",
    "description": "React-weui有没有时间表呀 \n"
  },
  "4": {
    "summary": "AngularJS 有计划支持吗",
    "description": ""
  },
  "5": {
    "summary": "有没有计划提供scss版 ",
    "description": ""
  },
  "6": {
    "summary": "请问下面这段代码中的hack是为了解决什么问题 ",
    "description": ".weui_btn_area.weui_btn_area_inline .weui_btn {\n ...\n display: inline-block 9 \n width: 48 9 \n margin-left: 1 9 \n margin-right: 1 9 \n}\n"
  },
  "7": {
    "summary": "能否增加对话UI",
    "description": "对话列表UI，类似web版微信的UI 不过那套的样式已经比较古老了 \n"
  },
  "9": {
    "summary": "WeUI新增组件需求",
    "description": "目前WeUI整理出来的组件有 \n- button\n- cell\n- dialog\n- toast\n- article\n- icon\n使用场景是移动端，微信内。\n我们知道，一套完整的 Wap 端UI库肯定不止以上这些组件，所以我们希望借助开源社区的力量，来丰富 WeUI 的组件库。\n各位在开发微信内的Web应用时，希望使用哪些组件，可以提出建议，谢谢 \n目前感谢 同学提出“图片列表” #8， 将加入我们的开发计划。\n"
  },
  "11": {
    "summary": "add travis-ci update README.md",
    "description": "add travis-ci update README.md\n"
  },
  "12": {
    "summary": "don t copy example.less to example",
    "description": ""
  },
  "17": {
    "summary": "fix cells没有title的时候缺乏margin-top",
    "description": ""
  },
  "18": {
    "summary": "optimization bug fix",
    "description": ""
  },
  "24": {
    "summary": "fix bugs on button.weui_btn_plain_primary",
    "description": "fix 当在button标签上应用.weui_btn_plain_primary的时候，会出现背景色灰色填充，并且由于样式优先级的问题，在button上border被设为0了。\n"
  },
  "26": {
    "summary": "Router in wechat webview",
    "description": "Hey, nice work guys.\n我注意到你们使用 history.pushState () 实现了简单的路由，我在微信 webview 中测试了一下，有一个问题有点奇怪 使用微信 webview 上方的 Back 和使用“屏幕边缘左滑返回” 的效果完全不一样\n当使用 Webview Back 时，所有的路由都很正常\n但当通过屏幕边缘左滑返回时，路由好像失效了，直接退出了整个 webview。\n我发现好像所有使用 pushState 实现路由的 web app 都有这个问题，\n但是使用原始的 locatin.hash hashchange 做路由的却没有这个问题……\n但是它们确实都给 history.length +1 了……\n是微信 webview 做了什么处理吗 还是 pushState 的表现在 iOS WebView 上本来有有不同 Safari 是没有这个问题的 \n"
  },
  "30": {
    "summary": "fix 按钮间的间距10px - 15px",
    "description": "fix 按钮间的间距10px - 15px\n"
  },
  "32": {
    "summary": "remove example comment",
    "description": "remove example comment\n"
  },
  "41": {
    "summary": "添加 npm start 解决 pushState 微信iOS下无法从屏幕左边缘滑动返回的问题",
    "description": ""
  },
  "42": {
    "summary": "fix typo",
    "description": ""
  },
  "44": {
    "summary": "example.less use autoprefixer and minify build backdrop-filter",
    "description": ""
  },
  "45": {
    "summary": "update snapshot optimize backdrop filter",
    "description": ""
  },
  "49": {
    "summary": "add weui_icon_info_circle icon",
    "description": ""
  },
  "51": {
    "summary": "add weui_switch",
    "description": "add weui_switch\n"
  },
  "53": {
    "summary": "update cell snapshot",
    "description": ""
  },
  "54": {
    "summary": "add weui_progress widget",
    "description": ""
  },
  "56": {
    "summary": "bugfix",
    "description": "1. set cell title font-size to 14px\n2. remove iOS9 backdrop-filter \n3. change weui_progress cancel icon size to 22px\n"
  },
  "57": {
    "summary": "add actionsheet",
    "description": ""
  },
  "58": {
    "summary": "fix mask",
    "description": ""
  },
  "59": {
    "summary": "修改style为相对路径",
    "description": "将目录 替换为 \n"
  },
  "60": {
    "summary": "ios微信下input[type=date]失效",
    "description": "在ios微信浏览器中将Input的type设为date后无法点击和输入……\n 在Android设备中没有问题，在chrome中使用设备模式也没问题 \n \n div div \n div class= weui_cells weui_cells_form \n div class= weui_cell \n div class= weui_cell_hd \n label label \n div \n div class= weui_cell_bd weui_cell_primary \n input type= date class= weui_input \n div \n div \n /div \n div class= weui_btn_area \n button class= weui_btn weui_btn_primary button \n /div \n \n设备 iphone 5s\n系统 ios 8.1.3\n截图如下 \n [699982646500440699]/assets/1651946/10813372/ab2d91c2-7e59-11e5-9f4a-e5c47a7a79ed.jpg\n"
  },
  "62": {
    "summary": "#60 修复iOS下input[type=date]失效的bug",
    "description": ""
  },
  "65": {
    "summary": "use local zepto",
    "description": ""
  },
  "67": {
    "summary": "add actionSheet README,add actionSheet icon",
    "description": ""
  },
  "70": {
    "summary": "unite widget name",
    "description": ""
  },
  "74": {
    "summary": "fix weui_input line-height",
    "description": ""
  },
  "75": {
    "summary": "change ActionSheet position to fixed",
    "description": ""
  },
  "78": {
    "summary": "样式优化",
    "description": "1. 删除 weui_vimg_wrp扩展类，用weui_cells_form做父类可达到同样效果\n2. 增加 weui_btn_area增加margin-top: 20px\n3. 增加 weui_btn_area增加margin-bottom\n4. 删除 weui_btn_area_inline为WinPhone7写的hack\n5. 增加 weui_cells_tips\n6. 修改 weui_cell的border-color\n7. 修改 weui_cells_form的weui_cell_hd的padding-right改为0.3em\n8. 修改 weui_cells的font-size改为17px\n9. 修改 weui_cells_title的margin\n10. 增加 weui_cell_switch来控制weui_switch那个cell的高度，让其保持44px\n11. 修改 weui_msg的间距\n"
  },
  "82": {
    "summary": "统一代码风格，提高可读性",
    "description": "1. color变量统一使用大写\n2. 每个style占一行\n3. weui_step_list.less\n"
  },
  "83": {
    "summary": "optimize gulpfile.js",
    "description": ""
  },
  "84": {
    "summary": "使用weuiCellHeight变量控制高度",
    "description": ""
  },
  "86": {
    "summary": "小米Android4.1.2的Toast失效",
    "description": "weui_icon_toast图标不出现\n"
  },
  "88": {
    "summary": "rename weui_progress_cancel to weui_progress_opr ",
    "description": "rename weui_progress_cancel to weui_progress_opr \n"
  },
  "90": {
    "summary": "#86 修复某些Android机型下字体图标无法显示的bug",
    "description": ""
  },
  "93": {
    "summary": "update dialog snapshot",
    "description": ""
  },
  "94": {
    "summary": "update dialog1 snapshot",
    "description": ""
  },
  "95": {
    "summary": "add 3rd extension",
    "description": ""
  },
  "98": {
    "summary": "rename variable name",
    "description": ""
  },
  "99": {
    "summary": " table-cell to flex ",
    "description": "- cell 组件 table-cell 布局改为 flex 布局\n- setOnepx.less 中定义的 .setLine 方法，改用 .setTopLine 、 .setLeftLine 等方法\n- weui_dialog_confirm 中的按钮，由 float 改为 flex \n"
  },
  "103": {
    "summary": "Use the dialpad",
    "description": "让需要输入数字的输入框自动唤起拨号键盘 数字九宫格 ，提高输入体验。\n"
  },
  "105": {
    "summary": "update README for weui usage after bower or npm installation",
    "description": ""
  },
  "111": {
    "summary": "optimize package.json add header to output css",
    "description": ""
  },
  "115": {
    "summary": "weui_cells_access ft gap",
    "description": ""
  },
  "118": {
    "summary": "建议按下背景色使用lighten darken ",
    "description": "建议按下背景色使用lighten darken \n"
  },
  "119": {
    "summary": "#118 add weui_dialog button s active color",
    "description": ""
  },
  "120": {
    "summary": "remove no use class name weui_cells_split ",
    "description": ""
  },
  "121": {
    "summary": "fix weui_button mini line-height",
    "description": ""
  },
  "122": {
    "summary": "Add link for Rails gems",
    "description": ""
  },
  "123": {
    "summary": "fix textarea在weui_cell_warn下没有变色",
    "description": ""
  },
  "124": {
    "summary": "add weui-sketch link",
    "description": ""
  },
  "126": {
    "summary": "Update README.md",
    "description": "「第三方扩展」的 rails 扩展地址改为作者 Github 地址而不是 rubygem 地址，方便开发者阅读相关文档。\n"
  },
  "127": {
    "summary": "add weui_textarea_counter",
    "description": ""
  },
  "130": {
    "summary": "weui_dialog align",
    "description": ""
  },
  "131": {
    "summary": "add weui_icon_search ",
    "description": ""
  },
  "132": {
    "summary": "resize icon_nav_msg.png",
    "description": ""
  },
  "134": {
    "summary": "cell链接到另一个网页后，回退后cell上会有黑线。",
    "description": "cell链接到另一个网页后，回退后cell上会有黑线。\n"
  },
  "137": {
    "summary": "#134 修复iOS平台下跳转新页面，返回时 Cell 出现黑边的bug",
    "description": ""
  },
  "139": {
    "summary": "update example.js ",
    "description": ""
  },
  "141": {
    "summary": "拆分demo代码",
    "description": ""
  },
  "143": {
    "summary": "No used cell style for example home page",
    "description": ""
  },
  "144": {
    "summary": "deprecated gulp-minify-css, use gulp-cssnano instead",
    "description": ""
  },
  "146": {
    "summary": "add weui-practice link",
    "description": ""
  },
  "147": {
    "summary": "add jquery-weui link",
    "description": ""
  },
  "149": {
    "summary": "weiui的bower插件，wiredep无法识别，插不进index.html",
    "description": "我在bower.json配置好weui，其他bower安装好后wiredep会自动把css插进指定index.html，weui装好就不行。\n"
  },
  "150": {
    "summary": "#149 add bower.json file",
    "description": ""
  },
  "152": {
    "summary": "Merge branch develop ",
    "description": ""
  },
  "156": {
    "summary": "修复 Dialog 中按钮会多次触发事件的 Bug",
    "description": "当前情况下，如果多次打开 Dialog，按钮会被多次绑定事件\n"
  },
  "165": {
    "summary": "update README.md add snapshot",
    "description": ""
  },
  "166": {
    "summary": "fix source map problem",
    "description": "当前设置下，由于 autoprefixer 的原因，导致 source map 不能正常工作\n"
  },
  "169": {
    "summary": "add CHANGELOG.md update README.md",
    "description": ""
  },
  "172": {
    "summary": "update radio icon position, remove unused property, update source map",
    "description": "1. radio 的图标并没有完全居中\n 参照 checkbox 的解决方案，将 icon 设置为 block，但是存在 inline 元素中放了 block 元素的问题。\n2. 删除 -webkit-display 和 -webkit-flex，交给 autoprefixer 处理。\n3. 使用 postcss 官方提供的 gulp-postcss + autoprefixer 替代了 gulp-autoprefixer 来处理 source map 问题。\n"
  },
  "174": {
    "summary": "update desc",
    "description": ""
  },
  "179": {
    "summary": "去掉weui_cells_form的input textareat label[for]的点击阴影",
    "description": ""
  },
  "180": {
    "summary": "add weui_icon_clear ",
    "description": ""
  },
  "183": {
    "summary": "input type form tel to number",
    "description": ""
  },
  "185": {
    "summary": "update README.md",
    "description": ""
  },
  "193": {
    "summary": "font-face 中引用的文件资源不正确",
    "description": "通过解码 weui.css 中的 truetype 字体文件，发现文件二进制如下 \n [image]/assets/716935/12673486/058b8c5e-c6b8-11e5-8306-5726a21fe825.png\n前四个字符是 wOFF\n根据 woff woff-spec-latest.html\n WOFFHeader\n UInt32 signature 0x774F4646 wOFF \n而 woff 文件的支持情况为 iOS 5.1+ Android 4.4+ \n这也是导致之前图标无法在 Android * 上显示的 原因。\n需要替换引入的 truetype 字体文件为正确的内容。\nPS 处理之后，可以删除引入的 woff 和 svg 文件，来减小 css 文件的大小\n"
  },
  "195": {
    "summary": "样例中的showActionSheet方法会多次绑定事件",
    "description": " \n #showActionSheet : {\n click: function () {\n 。。。\n mask.show ().addClass ( weui_fade_toggle ).click (function () {\n hideActionSheet (weuiActionsheet, mask) \n }) \n ( #actionsheet_cancel ).click (function () {\n hideActionSheet (weuiActionsheet, mask) \n }) \n 。。。\n }\n }\n \n这里的两个 .click (function () {} 应该改成 \n.one ( click ,function (){}\n"
  },
  "196": {
    "summary": "init tabbar",
    "description": ""
  },
  "205": {
    "summary": "navbar",
    "description": ""
  },
  "208": {
    "summary": "iphone6使用cell demo向左切换页面时，抖动 看到前一页文字内容 ，不流畅",
    "description": ""
  },
  "211": {
    "summary": "add weui card",
    "description": ""
  },
  "214": {
    "summary": "move weui_tabbar padding to weui_tabbar_item",
    "description": ""
  },
  "217": {
    "summary": "修复 demo 浏览历史记录错乱的问题 location.hash",
    "description": "demo 页面没处理好浏览历史记录，例如在 页面刷新浏览器后，再点回退，就回不到首页了，这个提交修复了这样的问题。\n"
  },
  "218": {
    "summary": "为什么用gulp启动修改HTML不会自动更新 ",
    "description": "RT\n其他JS，LESS都可以自动更新\n修改HTML必需要重启GULP才行\n谢谢\n"
  },
  "228": {
    "summary": " .weui_tab_bd add -webkit-overflow-scrolling property",
    "description": ""
  },
  "232": {
    "summary": "add searchbar",
    "description": "增加search bar组件\n"
  },
  "233": {
    "summary": "rename tab bar s active class name",
    "description": ""
  },
  "235": {
    "summary": "add weui card skin",
    "description": ""
  },
  "237": {
    "summary": "add widget icon",
    "description": ""
  },
  "242": {
    "summary": "fix setRightLine problem",
    "description": "调整 setRightLine 中的 transform-origin，使其表现与其他一致。使用时不再需要 right:-1px 进行\nhack。\n"
  },
  "243": {
    "summary": "add third-party extension: vux",
    "description": ""
  },
  "244": {
    "summary": "父级设置height: 100 时使用weui_cells_title会出现滚动条",
    "description": "示例页tab就出现了这个问题，建议将weui_cells_title中的margin-top修改为padding-top。\n"
  },
  "245": {
    "summary": "#244 修复 tab demo 页出滚动条的bug",
    "description": ""
  },
  "254": {
    "summary": "Avoid using overwrite mixin name as SASS not support.",
    "description": "So I hope official weui can sync with SASS version [PR 10. (if possible)\n"
  },
  "259": {
    "summary": "fix flexbox layout problem",
    "description": "fix #258\n"
  },
  "263": {
    "summary": "add CONTRIBUTING.md",
    "description": ""
  },
  "265": {
    "summary": "fix lang",
    "description": "调整 html 的 lang 属性，防止某些浏览器出现翻译选项。\n [1 e1edbcf0-e64b-11e5-8d17-efad80ad18c1.jpg\n例如 iOS 上的 QQ 浏览器\n"
  },
  "273": {
    "summary": "add dialog content word wrap",
    "description": ""
  },
  "290": {
    "summary": "disable cssnano zindex",
    "description": ""
  },
  "295": {
    "summary": "navbar的切换色彩差别不大，能不能稍微调整下色彩差别",
    "description": "navbar切换颜色差别过小，在苹果机器勉强看得到，对于色彩分辨较弱的人可能就看不出差别了\n"
  },
  "298": {
    "summary": "improve navbar touched behavior on ios",
    "description": "#247 improve navbar touched behavior on ios\n"
  },
  "299": {
    "summary": "#295 fixed navbar active background-color",
    "description": ""
  },
  "301": {
    "summary": "Enhanced iOS experiance for switch",
    "description": "Modified style and animation for switch, with a bounce effect and color change animation.\n"
  },
  "304": {
    "summary": "fixed search bar border-top border-bottom position bug",
    "description": ""
  },
  "307": {
    "summary": "v0.4.1",
    "description": ""
  },
  "328": {
    "summary": "standard weui select gap",
    "description": ""
  },
  "330": {
    "summary": "优化demo",
    "description": "为tab中navbar和tabbar里标签添加点击事件交互，方便查看实际效果\n"
  },
  "333": {
    "summary": "修复actionsheet蒙版不触发动画的bug",
    "description": "因为display属性不是有粒度的属性，所以当一个事件让display属性发生改变时，transition将不会触发。解决的办法是触发在切换display属性之后，强行触发一次页面的重排 (reflow)。\n所以使用foucus ()在切换display之后触发一次reflow。\n"
  },
  "339": {
    "summary": "add article img",
    "description": ""
  },
  "341": {
    "summary": "word wrap weui label",
    "description": ""
  },
  "342": {
    "summary": "v0.4.2",
    "description": ""
  },
  "345": {
    "summary": "在dialog页面，点击确定按钮出现的样式问题",
    "description": "在dialog页面，PC上点击确定按钮鼠标不放\n圆角变成直角。\n不知是否有意为之。\n"
  },
  "346": {
    "summary": "#345 improve dialog btn active style",
    "description": ""
  },
  "360": {
    "summary": "add class weui_tab_bd_item_active",
    "description": "add class weui_tab_bd_item_active\n"
  },
  "362": {
    "summary": "show toptips to demo",
    "description": ""
  },
  "365": {
    "summary": "解决搜索框取消按钮换行的问题",
    "description": "使搜索取消按钮不换行，输入框随着按钮长度自适应。\n"
  },
  "376": {
    "summary": "九宫格如果只有一个或两个的时候，旁边会多一条线。",
    "description": " [qq 55f20496-232b-11e6-9ff8-ed147724f0ac.png\n"
  },
  "388": {
    "summary": "图片上传组件无法选中图片",
    "description": " \n安卓下图片上传组件BUG，无法选中图片。\n \n [qq 5e17fffa-3180-11e6-92a9-27b20470f1a3.jpg\n 当选择1 图片 时，手机屏幕变成白色，无法选中图片。\n [823833729354064362]/assets/1116346/16000731/98b74378-3180-11e6-8b05-6d50f673199b.jpg\n 但是当选择2 图库 时，一切正常。使用[weui.io] (url)上的上传组件也出现同样的情况。手机为 荣耀6 ，系统型号见下图 \n [85127381064647280]/assets/1116346/16000763/e0c26cd8-3180-11e6-94fc-054202cfbf7f.jpg\n微信版本 6.3.18 \n"
  },
  "401": {
    "summary": "发新版本0.4.3",
    "description": "/kevyu/weui-sass/pull/20\nsass版本引入了all variables can be override，官方版本已经有一个月没更新了，能否发一个版本号，以便sass版本也能发布 \n"
  },
  "402": {
    "summary": "bugfix",
    "description": ""
  },
  "403": {
    "summary": "#401 指定 autoprefixer 浏览器范围",
    "description": ""
  },
  "404": {
    "summary": "#376 Fix grids top line bug with less than 2 item",
    "description": ""
  },
  "405": {
    "summary": "disable autoprefixer transform for cssnano",
    "description": "cssnano 默认会移除不必要的 prefixer。\n在使用了 autoprefixer 并且指定了浏览器的情况下，需要禁用，以防与预期浏览器不一致。\n"
  },
  "406": {
    "summary": "#401 update demo router",
    "description": ""
  },
  "407": {
    "summary": "vertical mediabox appmsg thumb",
    "description": "#354\n"
  },
  "415": {
    "summary": "standard weui zindex",
    "description": "#373\n"
  },
  "418": {
    "summary": "v0.4.3版本发布。",
    "description": "发布了小版本0.4.3，消息修改请看CHANGELOG.md\n"
  },
  "459": {
    "summary": "Guess should be weui-select ",
    "description": ""
  },
  "465": {
    "summary": "fix preview下button的样式问题",
    "description": "fix preview下button的样式问题\n"
  },
  "481": {
    "summary": "Small refactoring",
    "description": "在port 1.0.1的所有改动到weui-sass的时候，发现的bug 至少我认为是。。 \n"
  },
  "483": {
    "summary": "grids使用时发现UI bug",
    "description": "[我使用weui-grids类，就是上面给出的例子，如果单元格中的文字中有中文逗号，每个单元格之间的衔接会出问题]\n [qq 34bf8462-8bd4-11e6-931c-1cbc442f5433.png\n"
  },
  "514": {
    "summary": "构建参数 alias",
    "description": "添加构建参数名称全称alias\n"
  },
  "527": {
    "summary": "Replace loading svg with clean compressed data URI",
    "description": "length: 2738 - 1898"
  },
  "559": {
    "summary": "期待开发向左滑动出现删除,等操作组件",
    "description": "无论是手机QQ,微信几乎都有向左滑动出现删除,等操作,这个在以前几个Issues早有人提过了,希望支持这个功能的都来点赞支持下"
  },
  "579": {
    "summary": "weui.css weui-icon-safe_success class和内容不对应",
    "description": "/weui/weui/blob/master/dist/style/weui.css\n两个content 好像也写反了。success 应该是05\n/*58行*/\n.weui-icon-safe_success:before {\n content: EA04 \n}\n/* \n.weui-icon-safe_warn:before {\n content: EA05 \n}\n/*158行*/\n.weui-icon-safe-success {\n color: #09BB07 \n}\n.weui-icon-safe-warn {\n color: #FFBE00 \n}\n"
  },
  "598": {
    "summary": "Input 的实例代码报错",
    "description": "你好，貌似缺少input的end-tag， input type= radio class= weui-check name= radio1 加了‘ ’后可以成功编译。是实例代码有误吗 "
  },
  "602": {
    "summary": "form-preview 的语义细节问题",
    "description": "after表示之后，一般用于放底部边框。\n less\n.weui-form-preview__ft{\n :after {\n .setTopLine ( ) \n }\n}\n \n应该改为 \n less\n.weui-form-preview__ft{\n :before {\n .setTopLine ( ) \n }\n}\n "
  },
  "606": {
    "summary": "调整字体大小后，搜索框样式问题",
    "description": "调整字体大小后，搜索框的icon没有居中"
  },
  "614": {
    "summary": "Translate README",
    "description": "Close #613.\nMy Chinese is not so good. Please feel free to comment if the translation is wrong."
  },
  "617": {
    "summary": "actionSheet和picker调整",
    "description": ""
  },
  "640": {
    "summary": "Add license notices",
    "description": ""
  },
  "642": {
    "summary": "Fix url after the transfer to Tencent Group",
    "description": ""
  },
  "682": {
    "summary": "media query iphone x",
    "description": ""
  },
  "683": {
    "summary": "Add WeUI for work .",
    "description": ""
  },
  "686": {
    "summary": "iphone media query",
    "description": ""
  }
}