{
  "1": {
    "summary": "[Support Carthage]",
    "description": "[Support Carthage]",
    "summary_bilingual_indexes": [],
    "description_bilingual_indexes": []
  },
  "7": {
    "summary": "Update podspec",
    "description": "Add missing resources bundle to podspec file.",
    "summary_bilingual_indexes": [],
    "description_bilingual_indexes": []
  },
  "8": {
    "summary": "fix typo",
    "description": "",
    "summary_bilingual_indexes": [],
    "description_bilingual_indexes": []
  },
  "12": {
    "summary": "NSMutableArray has been changed to strong, and the wrong spelling has been changed.",
    "description": "",
    "summary_bilingual_indexes": [
      0
    ],
    "description_bilingual_indexes": []
  },
  "33": {
    "summary": "[Fix] Both controllers require a hold bug",
    "description": "",
    "summary_bilingual_indexes": [
      0
    ],
    "description_bilingual_indexes": []
  },
  "34": {
    "summary": "Fix incorrect property naming",
    "description": "Should be Attributes not Attributeds ",
    "summary_bilingual_indexes": [],
    "description_bilingual_indexes": []
  },
  "47": {
    "summary": "Master",
    "description": "",
    "summary_bilingual_indexes": [],
    "description_bilingual_indexes": []
  },
  "50": {
    "summary": "add paging effect",
    "description": "better user experience",
    "summary_bilingual_indexes": [],
    "description_bilingual_indexes": []
  },
  "53": {
    "summary": "fixed typo error",
    "description": "use _livePhoto",
    "summary_bilingual_indexes": [],
    "description_bilingual_indexes": []
  },
  "58": {
    "summary": "Minor improvements to the QMUI classification",
    "description": "1. Fixed - A CGImageRef instance in the [UIImage (QMUI) qmui_grayImage] method was not released.\nFixed - [UIImage (QMUI) qmui_imageWithAlpha:] The method corrected the problem of improper transparency adjustment when the original image was not in alpha channel.\n3. Improved + [UIImage (QMUI) ]\nqmui_imageWithColor:size:cornerRadius:] method, which allows the creation of a pure-color image without an alpha channel, with a zero-angle and opaque color.",
    "summary_bilingual_indexes": [
      0
    ],
    "description_bilingual_indexes": [
      0,
      1,
      2,
      3
    ]
  },
  "81": {
    "summary": "Master",
    "description": "Set separatorColor only after the separatorLayer is successfully created",
    "summary_bilingual_indexes": [],
    "description_bilingual_indexes": [
      0
    ]
  },
  "127": {
    "summary": "fix QMUIButton s bug when It s load from a nib file.",
    "description": "If contentEdgeInsets has a value at initialization, then contentEdgeInsets should not be forced.",
    "summary_bilingual_indexes": [],
    "description_bilingual_indexes": [
      0
    ]
  },
  "139": {
    "summary": "Added Nullability to QMUITips",
    "description": "Nullability added to ensure that Swift can be used in Detail",
    "summary_bilingual_indexes": [
      0
    ],
    "description_bilingual_indexes": [
      0
    ]
  },
  "144": {
    "summary": "Fixed flashes that could be caused when imageData is empty",
    "description": "The image data here is probably empty, so protection is needed.",
    "summary_bilingual_indexes": [
      0
    ],
    "description_bilingual_indexes": [
      0
    ]
  },
  "191": {
    "summary": "Photos imported through iTunes, list of photos not seen",
    "description": "Please fill in the operating environment\n- [x] device iPhone iPad simulator\n- [x] system iOS 10.x is the latest version of the operating system.\n- [x] Xcode version 8.x\n- [x] QMUI iOS version 1.x.x. The first version of QMUI was released in August 2010.\nPlease describe the specific issues\nRelated snapshots Stack of intersections, log of the control panel\n",
    "summary_bilingual_indexes": [
      0
    ],
    "description_bilingual_indexes": [
      0,
      1,
      2,
      3,
      4,
      5,
      6
    ]
  },
  "197": {
    "summary": "Allows QMUIAssetsManager to use the local path of the image to save to the system directory",
    "description": "Some RAW image formats, such as Sony's ARW format, cannot be converted to UIImage, but can be saved to the system library by converting to NSData, thus increasing the method of saving by using image paths.\n2. Fix some typos.",
    "summary_bilingual_indexes": [
      0
    ],
    "description_bilingual_indexes": [
      0,
      1
    ]
  },
  "222": {
    "summary": "Fixing the problem of the agent calling back multiple times, modifying the callback time of the AlertAction",
    "description": "Fixing the problem of the re-calling agent calling multiple times, modifying the re-call time for the AlertAction to AlertController after it disappears",
    "summary_bilingual_indexes": [
      0
    ],
    "description_bilingual_indexes": [
      0
    ]
  },
  "228": {
    "summary": "Fixed Error displaying button and label sizes when using xib storyboard",
    "description": "When using xib storyboard, if the button and label are restricted to x, y, then the system will use\nintrinsicContentSize: The size of the method returned.\nIf we are to use our own way of calculating the size, then we should also rewrite the system's intrinsic ContentSize to maintain the consistency of the calculation.",
    "summary_bilingual_indexes": [
      0
    ],
    "description_bilingual_indexes": [
      0,
      1,
      2
    ]
  },
  "230": {
    "summary": "UIView convertRect:fromView: possible error conversion in iOS 8",
    "description": "Please fill in the operating environment\n- [x] device simulator\n- [x] system iOS 8.x is the latest version of the operating system.\n- [x] Xcode version 9.x\n- [x] QMUI iOS version 2.0.0 is the latest version of QMUI\nPlease describe the specific issues\niPad side screen, test code is as follows.\n Objective-C\n// Clearly navigationBar.x is 0, but after conversion it gets 1408\nCGRect navigationBarFrameInView = [self.view convertRect:self.navigationController.navigationBar.frame fromView:self.navigationController.navigationBar.superview] \n ",
    "summary_bilingual_indexes": [
      0
    ],
    "description_bilingual_indexes": [
      0,
      1,
      2,
      3,
      4,
      5,
      6,
      8
    ]
  },
  "261": {
    "summary": "QMUINavigationController pushes present at the same time, then dismiss, the original push interface is not visible, and subsequent pushes are not responsive",
    "description": "Please fill in the operating environment\n- [x] device simulator\n- [x] system iOS 11.2 and later\n- [x] Xcode version 9.2\n- [x] QMUI iOS version 2.2.2 is the latest version of QMUI\nPlease describe the specific issues\n Objective-C\n// 1. present a vc\nUIViewController *vc = [[UIViewController alloc] init] \n[self presentViewController:vc animated:YES completion:NULL] \n// 2. push a vc at the same time\nUIViewController *vc2 = [[UIViewController alloc] init] \n[self.navigationController pushViewController:vc2 animated:YES] \nIt's been a while...\n// 3. Get the vc dismiss in present\nvc dismissX \n// 4. push again, and finds that it can't push\nUIViewController *vc3 = [[UIViewController alloc] init] \n[self.navigationController pushViewController:vc3 animated:YES] \n \nCause and Effect\nIn QMUINavigationController, to protect the previous push from the crash, the next push is added, adding the isViewControllerTransiting protection, which is set to YES at push, and to NO after push, so long as isViewControllerTransiting does not respond to any pushpop operations.\nIn the above scenario, the QMUINavigationController is presentedViewController overridden, so the push does not go to navigationController:didShowViewController: , and the isViewControllerTransiting property is not reset correctly, which affects the subsequent push operation.\n",
    "summary_bilingual_indexes": [
      0
    ],
    "description_bilingual_indexes": [
      0,
      1,
      2,
      3,
      4,
      5,
      7,
      10,
      13,
      14,
      16,
      20,
      21,
      22
    ]
  },
  "263": {
    "summary": "QMUICellHeightCache controls are passed to cell sizeThatFits: width error under the iPhone X cross-screen",
    "description": "Please fill in the operating environment\n- [x] device simulator\n- [x] system iOS 11.2 and later\n- [x] Xcode version 9.2\n- [x] QMUI iOS version 2.2.2 is the latest version of QMUI\nPlease describe the specific issues\nWhen the UITableView bounds and safeAreaInsets are updated at different times when the iPhone X is rotating, each update requires recalculating the cell height because both the width of the list and the list insets affect the cell height, and when using QMUICellHeightCache to calculate cell height, the safeAreaInsets are not correctly determined in qmui_safeAreaDidChange if there is a change in the value of the horizontal direction, which results in the height of the data cell being calculated incorrectly at certain times without calling the reload.\n",
    "summary_bilingual_indexes": [
      0
    ],
    "description_bilingual_indexes": [
      0,
      1,
      2,
      3,
      4,
      5,
      6
    ]
  },
  "264": {
    "summary": "QMUIConfigurationTemplate does not guarantee the execution time",
    "description": "Please fill in the operating environment\n- [x] device simulator\n- [x] system iOS 11.2 and later\n- [x] Xcode version 9.2\n- [x] QMUI iOS version 2.2.2 is the latest version of QMUI\nPlease describe the specific issues\nSome QMUI controls have not yet initialized the configuration table when using the configuration table values, resulting in a UI error for the controls.\nAccording to the documentation, the current time of use of the QMUI configuration table is in the project application:didFinishLaunchingWithOptions: but the appearance of many QMUI controls is that the value of the configuration table is already used in +initialize, at which time the configuration table is not set properly, resulting in the value of this time error.",
    "summary_bilingual_indexes": [
      0
    ],
    "description_bilingual_indexes": [
      0,
      1,
      2,
      3,
      4,
      5,
      6,
      7
    ]
  },
  "268": {
    "summary": "After the QMUINavigationControllerDelegate customNavigationBarTransition function is activated, the vc.qmui_navigationBarMaxYInViewCoordinator is set to 0 at the pop, causing the layout to pop",
    "description": "Please fill in the operating environment\n- [x] device simulator\n- [x] system iOS 11.2 and later\n- [x] Xcode version 9.2\n- [x] QMUI iOS version 2.2.2 is the latest version of QMUI\nPlease describe the specific issues\n1. When a view of a vc is laid out in the DidLayoutSubviews method, use self.qmui_navigationBarMaxYInViewCoordinator to get the position of the navigation bar and lay it out relative to it.\n2. Enable related methods to optimize the navigationBar effect when pop in the QMUINavigationControllerDelegate, such as shouldCustomNavigationBarTransitionWhenPopDisappearing.\n3. Remove the vc pop.\n4. find the layout to be upward swinging.\nRelated screenshots\n [image]/1190261/34640299-014c6270-f32b-11e7-80d7-057c7f38ba67.png\n [image]/1190261/34640304-119a2d4c-f32b-11e7-9a8e-93ec70facadc.png\n",
    "summary_bilingual_indexes": [
      0
    ],
    "description_bilingual_indexes": [
      0,
      1,
      2,
      3,
      4,
      5,
      6,
      7,
      8,
      9,
      10
    ]
  },
  "270": {
    "summary": "The interface created by QMUIDialogTextFieldViewController, where neither the undo nor the confirm button is visible, is called \"QMUIDialogTextFieldViewController\".",
    "description": "Please fill in the operating environment\n- [x] device iPhone iPad simulator\n- [x] system iOS 11.x is the latest version of the operating system.\n- [x] Xcode version 9.2\n- [x] QMUI iOS version 2.2.2 is the latest version of QMUI\nPlease describe the specific issues\nThe interface created using the QMUIDialogTextFieldViewController, and the undo and confirm buttons are not visible.\n - (void)showQMUIDialogTextFieldView {\n QMUIDialogTextFieldViewController *dialogViewController = [[QMUIDialogTextFieldViewController alloc] init] \ndialogViewController.title = Please enter the title\n dialogViewController.textField.delegate = self \n [simulator screen shot - iphone x - 2018-01-08 at 20 33 34671169-709a8230-f4b4-11e7-94eb-0cff2cfd6333.png\nThe name of the field is displayed in the dialog box.\n dialogViewController.textField.maximumTextLength = 16 \n[dialogViewController add CancelButtonWithText: cancel block:nil] The following is a list of all the different ways [dialogViewController add CancelButtonWithText: cancel block:nil] is credited in the database.\n self.currentTextFieldDialogViewController = dialogViewController \n[dialogViewController addSubmitButtonWithText: the block is defined by:\n [dialogViewController hide] \n }] \n [dialogViewController show] \n} \nRelated snapshots Stack of intersections, log of the control panel\nSee also:\n",
    "summary_bilingual_indexes": [
      0
    ],
    "description_bilingual_indexes": [
      0,
      1,
      2,
      3,
      4,
      5,
      6,
      9,
      12,
      14,
      16,
      21,
      22
    ]
  },
  "321": {
    "summary": "Fixed bug for QMUIMultipleDelegates",
    "description": "When the responding objects in delegates are released while executing -methodSignatureForSelector: method, they return nil, which causes the program to crash.",
    "summary_bilingual_indexes": [],
    "description_bilingual_indexes": [
      0
    ]
  },
  "389": {
    "summary": "Nullability and Objective-C",
    "description": "Added some nonnull and nullable to better match Swift",
    "summary_bilingual_indexes": [],
    "description_bilingual_indexes": [
      0
    ]
  },
  "432": {
    "summary": "[fix] ScrollToRowAtIndexPath to determine whether indexPath is valid",
    "description": "Not judged when section is empty\n img width= 494 alt= 2018-11-14 4 36 54 48470966-cf117400-e82d-11e8-812c-3574b7cc8a22.png \n",
    "summary_bilingual_indexes": [
      0
    ],
    "description_bilingual_indexes": [
      0
    ]
  },
  "436": {
    "summary": "[fix] ScrollToRowAtIndexPath to determine whether indexPath is valid",
    "description": "When indexPath.row==NSNotFound, you can scroll whether or not the current tableview has rows.",
    "summary_bilingual_indexes": [
      0
    ],
    "description_bilingual_indexes": [
      0
    ]
  },
  "453": {
    "summary": "Update README.md",
    "description": "",
    "summary_bilingual_indexes": [],
    "description_bilingual_indexes": []
  },
  "465": {
    "summary": "[fix] NSNotFound logical judgment rolls back to the wrong version",
    "description": "When indexPath.row == NSNotFound, there is no need to take numberOfRowsInSection to make judgments.",
    "summary_bilingual_indexes": [
      0
    ],
    "description_bilingual_indexes": [
      0
    ]
  },
  "468": {
    "summary": "fix: request image for asset memory leaks",
    "description": "fix the issue 376] (url)\nIf the image is too big and use the requestImageForAsset function will lead to memory leaks.\n requestImageDataForAsset function will fix this issue. and it default uses the PHImageManagerMaximumSize and PHImageContentModeDefault compared with the requestImageForAsset .\nAlready tested by Xcode instrument leaks .\n",
    "summary_bilingual_indexes": [],
    "description_bilingual_indexes": []
  },
  "470": {
    "summary": "fix request image for asset memory leaks",
    "description": "",
    "summary_bilingual_indexes": [],
    "description_bilingual_indexes": []
  }
}