{
  "1": {
    "summary": "Jad command adds options to support the display of line numbers",
    "description": "",
    "summary_bilingual_indexes": [
      0
    ],
    "description_bilingual_indexes": []
  },
  "3": {
    "summary": "The issuing address of the arthas zip packet",
    "description": "There are several places to put it.\n1. Maven central repository, easy to download, but troublesome to send a version\n1. Github release. Domestic downloading is easy to be blocked, and sending version is easy. Type tag first, and then upload the zip package.\n1. Under arthas, that is, download it in the gh-pages branch. Currently, there is no problem with downloading, but there is also a risk of being blocked. In addition, the sub-distribution version is not standard.\nAll things considered, it is better to send zip to maven warehouse.",
    "summary_bilingual_indexes": [
      0
    ],
    "description_bilingual_indexes": [
      0,
      1,
      2,
      3,
      4
    ]
  },
  "4": {
    "summary": "Version number policy for arthas",
    "description": "\nUse a version number like 3.0.0. In order to ensure that the version works properly, it is not allowed to contain letters and so on.\nAt present, a 3.0 is defined in as-package.sh, and then the current time is stitched together. The version number is similar to 3.0.20171103142340.\nIn order to ensure that the subsequent new version number can work properly, when the subsequent version is issued, it starts directly from 3.0.3. When developing locally, the version number is 3.0.3 + date, that is, similar to 3.0.3.20171103142340.\nMake sure the latest version is available for local development.",
    "summary_bilingual_indexes": [
      0
    ],
    "description_bilingual_indexes": [
      1,
      2,
      3,
      4
    ]
  },
  "6": {
    "summary": "Check whether the jdk version of target vm is consistent before attach",
    "description": "",
    "summary_bilingual_indexes": [
      0
    ],
    "description_bilingual_indexes": []
  },
  "15": {
    "summary": "Arthas web console feature support",
    "description": "At present, in fact, after agent attach goes up, it opens the websocket port, and you need to do a page to show the web console.\n* HttpTermServer\n* ",
    "summary_bilingual_indexes": [
      0
    ],
    "description_bilingual_indexes": [
      0
    ]
  },
  "18": {
    "summary": "fix path in description",
    "description": "",
    "summary_bilingual_indexes": [],
    "description_bilingual_indexes": []
  },
  "19": {
    "summary": "Support travis and codecov",
    "description": "",
    "summary_bilingual_indexes": [],
    "description_bilingual_indexes": []
  },
  "21": {
    "summary": "Disable the data return function",
    "description": "1. There is currently no suitable server\ntwo。 External user information should not be collected unless the user agrees\n3. If you have a deployment server, you can consider a subsequent option to allow the user to configure to turn on the data return function.",
    "summary_bilingual_indexes": [
      0
    ],
    "description_bilingual_indexes": [
      0,
      1,
      2
    ]
  },
  "23": {
    "summary": "Remove the code of reflection calling com.sun.tools.attach.VirtualMachine in com.taobao.arthas.core.Arthas and call it directly.",
    "description": "\n com.taobao.arthas.core.Arthas \nAdd a dependency, because there is a com.sun.tools.attach.VirtualMachine api in it. When you package fat jar, it will not be typed in, but will be compiled with\n xml\n dependency \n groupId \n artifactId \n scope \n optional \n dependency \n \nTools.jar is not used because the jar package is no longer available after jdk9.\n",
    "summary_bilingual_indexes": [
      0
    ],
    "description_bilingual_indexes": [
      2,
      11
    ]
  },
  "24": {
    "summary": "Web console under java 10 throws an exception",
    "description": "\n java\njava.lang.NoClassDefFoundError: TypeParameterMatcher\n at java.lang.Class.forName0 (Native Method) [na:na]\n at java.lang.Class.forName (Class.java:374) [na:na]\n at io.netty.util.internal.JavassistTypeParameterMatcherGenerator.generate (JavassistTypeParameterMatcherGenerator.java:66) [arthas-core.jar:3.0.1-RC-SNAPSHOT]\n at io.netty.util.internal.JavassistTypeParameterMatcherGenerator.generate (JavassistTypeParameterMatcherGenerator.java:58) [arthas-core.jar:3.0.1-RC-SNAPSHOT]\n at io.netty.util.internal.TypeParameterMatcher.get (TypeParameterMatcher.java:42) [arthas-core.jar:3.0.1-RC-SNAPSHOT]\n at io.netty.util.internal.TypeParameterMatcher.find (TypeParameterMatcher.java:78) [arthas-core.jar:3.0.1-RC-SNAPSHOT]\n at io.netty.channel.SimpleChannelInboundHandler. init (SimpleChannelInboundHandler.java:67) [arthas-core.jar:3.0.1-RC-SNAPSHOT]\n at io.netty.channel.SimpleChannelInboundHandler. init (SimpleChannelInboundHandler.java:57) [arthas-core.jar:3.0.1-RC-SNAPSHOT]\n at io.termd.core.http.netty.HttpRequestHandler. init (HttpRequestHandler.java:45) [arthas-core.jar:3.0.1-RC-SNAPSHOT]\n at io.termd.core.http.netty.TtyServerInitializer.initChannel (TtyServerInitializer.java:50) [arthas-core.jar:3.0.1-RC-SNAPSHOT]\n at io.termd.core.http.netty.TtyServerInitializer.initChannel (TtyServerInitializer.java:34) [arthas-core.jar:3.0.1-RC-SNAPSHOT]\n at io.netty.channel.ChannelInitializer.channelRegistered (ChannelInitializer.java:68) [arthas-core.jar:3.0.1-RC-SNAPSHOT]\n at io.netty.channel.AbstractChannelHandlerContext.invokeChannelRegistered (AbstractChannelHandlerContext.java:141) [arthas-core.jar:3.0.1-RC-SNAPSHOT]\n at io.netty.channel.AbstractChannelHandlerContext.invokeChannelRegistered (AbstractChannelHandlerContext.java:127) [arthas-core.jar:3.0.1-RC-SNAPSHOT]\n at io.netty.channel.AbstractChannelHandlerContext.fireChannelRegistered (AbstractChannelHandlerContext.java:120) [arthas-core.jar:3.0.1-RC-SNAPSHOT]\n at io.netty.channel.DefaultChannelPipeline HeadContext.channelRegistered (DefaultChannelPipeline.java:1293) [arthas-core.jar:3.0.1-RC-SNAPSHOT]\n at io.netty.channel.AbstractChannelHandlerContext.invokeChannelRegistered (AbstractChannelHandlerContext.java:141) [arthas-core.jar:3.0.1-RC-SNAPSHOT]\n at io.netty.channel.AbstractChannelHandlerContext.invokeChannelRegistered (AbstractChannelHandlerContext.java:127) [arthas-core.jar:3.0.1-RC-SNAPSHOT]\n at io.netty.channel.DefaultChannelPipeline.fireChannelRegistered (DefaultChannelPipeline.java:799) [arthas-core.jar:3.0.1-RC-SNAPSHOT]\n at io.netty.channel.AbstractChannel AbstractUnsafe.register0 (AbstractChannel.java:498) [arthas-core.jar:3.0.1-RC-SNAPSHOT]\n at io.netty.channel.AbstractChannel AbstractUnsafe.access 200 (AbstractChannel.java:412) [arthas-core.jar:3.0.1-RC-SNAPSHOT]\n at io.netty.channel.AbstractChannel AbstractUnsafe 1.run (AbstractChannel.java:471) [arthas-core.jar:3.0.1-RC-SNAPSHOT]\n at io.netty.util.concurrent.SingleThreadEventExecutor.runAllTasks (SingleThreadEventExecutor.java:339) [arthas-core.jar:3.0.1-RC-SNAPSHOT]\n at io.netty.channel.nio.NioEventLoop.run (NioEventLoop.java:393) [arthas-core.jar:3.0.1-RC-SNAPSHOT]\n at io.netty.util.concurrent.SingleThreadEventExecutor 5.run (SingleThreadEventExecutor.java:742) [arthas-core.jar:3.0.1-RC-SNAPSHOT]\n at io.netty.util.concurrent.DefaultThreadFactory DefaultRunnableDecorator.run (DefaultThreadFactory.java:145) [arthas-core.jar:3.0.1-RC-SNAPSHOT]\n at java.lang.Thread.run (Thread.java:844) [na:na]\nCaused by: java.lang.ClassNotFoundException: io.netty.util.internal.TypeParameterMatcher\n at jdk.internal.loader.BuiltinClassLoader.loadClass (BuiltinClassLoader.java:582) [na:na]\n at jdk.internal.loader.ClassLoaders AppClassLoader.loadClass (ClassLoaders.java:190) [na:na]\n at java.lang.ClassLoader.loadClass (ClassLoader.java:499) [na:na]\n ... 27 common frames omitted\n ",
    "summary_bilingual_indexes": [
      0
    ],
    "description_bilingual_indexes": []
  },
  "25": {
    "summary": "Script startup error",
    "description": "",
    "summary_bilingual_indexes": [
      0
    ],
    "description_bilingual_indexes": []
  },
  "28": {
    "summary": "The jdk version described in the pom file is 1.6, but the class is missing and cannot be compiled.",
    "description": "Missing classes such as java.lang.management.BufferPoolMXBean, java.util.concurrent.ThreadLocalRandom. It is also recommended to add jdk version description.",
    "summary_bilingual_indexes": [
      0
    ],
    "description_bilingual_indexes": [
      0
    ]
  },
  "37": {
    "summary": "Added instructions for manual splicing command line startup",
    "description": "When the user fails to start using the script, you can consider letting the user splice the command line to start it.",
    "summary_bilingual_indexes": [
      0
    ],
    "description_bilingual_indexes": [
      0
    ]
  },
  "39": {
    "summary": "Add maven wrapper to ensure the stability of packaging environment",
    "description": "",
    "summary_bilingual_indexes": [
      0
    ],
    "description_bilingual_indexes": []
  },
  "42": {
    "summary": "Mvn clean install failed",
    "description": "mvn clean install error \n \n \n T E S T S\n \nRunning com.taobao.arthas.core.view.ObjectViewTest\nTests run: 19, Failures: 1, Errors: 0, Skipped: 0, Time elapsed: 0.07 sec FAILURE \ntestObjectTooLarge (com.taobao.arthas.core.view.ObjectViewTest) Time elapsed: 0.004 sec FAILURE \norg.junit.ComparisonFailure: expected: ... exceeds size limit:[100] but was: ... exceeds size limit:[ 100, try to specify -M size_limit in your command, check the help command for more.] \n at org.junit.Assert.assertEquals (Assert.java:115)\n at org.junit.Assert.assertEquals (Assert.java:144)\n at com.taobao.arthas.core.view.ObjectViewTest.testObjectTooLarge (ObjectViewTest.java:244)\n at sun.reflect.NativeMethodAccessorImpl.invoke0 (Native Method)\n at sun.reflect.NativeMethodAccessorImpl.invoke (NativeMethodAccessorImpl.java:62)\n at sun.reflect.DelegatingMethodAccessorImpl.invoke (DelegatingMethodAccessorImpl.java:43)\n at java.lang.reflect.Method.invoke (Method.java:498)\n at org.junit.runners.model.FrameworkMethod 1.runReflectiveCall (FrameworkMethod.java:47)\n at org.junit.internal.runners.model.ReflectiveCallable.run (ReflectiveCallable.java:12)\n at org.junit.runners.model.FrameworkMethod.invokeExplosively (FrameworkMethod.java:44)\n at org.junit.internal.runners.statements.InvokeMethod.evaluate (InvokeMethod.java:17)\n at org.junit.runners.ParentRunner.runLeaf (ParentRunner.java:271)\n at org.junit.runners.BlockJUnit4ClassRunner.runChild (BlockJUnit4ClassRunner.java:70)\n at org.junit.runners.BlockJUnit4ClassRunner.runChild (BlockJUnit4ClassRunner.java:50)\n at org.junit.runners.ParentRunner 3.run (ParentRunner.java:238)\n at org.junit.runners.ParentRunner 1.schedule (ParentRunner.java:63)\n at org.junit.runners.ParentRunner.runChildren (ParentRunner.java:236)\n at org.junit.runners.ParentRunner.access 000 (ParentRunner.java:53)\n at org.junit.runners.ParentRunner 2.evaluate (ParentRunner.java:229)\n at org.junit.runners.ParentRunner.run (ParentRunner.java:309)\n at org.apache.maven.surefire.junit4.JUnit4Provider.execute (JUnit4Provider.java:252)\n at org.apache.maven.surefire.junit4.JUnit4Provider.executeTestSet (JUnit4Provider.java:141)\n at org.apache.maven.surefire.junit4.JUnit4Provider.invoke (JUnit4Provider.java:112)\n at sun.reflect.NativeMethodAccessorImpl.invoke0 (Native Method)\n at sun.reflect.NativeMethodAccessorImpl.invoke (NativeMethodAccessorImpl.java:62)\n at sun.reflect.DelegatingMethodAccessorImpl.invoke (DelegatingMethodAccessorImpl.java:43)\n at java.lang.reflect.Method.invoke (Method.java:498)\n at org.apache.maven.surefire.util.ReflectionUtils.invokeMethodWithArray (ReflectionUtils.java:189)\n at org.apache.maven.surefire.booter.ProviderFactory ProviderProxy.invoke (ProviderFactory.java:165)\n at org.apache.maven.surefire.booter.ProviderFactory.invokeProvider (ProviderFactory.java:85)\n at org.apache.maven.surefire.booter.ForkedBooter.runSuitesInProcess (ForkedBooter.java:115)\n at org.apache.maven.surefire.booter.ForkedBooter.main (ForkedBooter.java:75)\nResults :\nFailed tests: testObjectTooLarge (com.taobao.arthas.core.view.ObjectViewTest): expected: ... exceeds size limit:[100] but was: ... exceeds size limit:[ 100, try to specify -M size_limit in your command, check the help command for more.] \n ",
    "summary_bilingual_indexes": [
      0
    ],
    "description_bilingual_indexes": [
      0
    ]
  },
  "51": {
    "summary": "Call for document translation",
    "description": "The current document is written only in Chinese.\nI am planning to translate them into English. \nAny volunteer who is willing to help on this \n Table of content Assignee Status \n \n README DONE \n Installatoin DONE \n Quick start DONE \n Advanced usage DONE \n Commands DONE \n Commands/dashboard DONE \n Commands/thread DONE \n Commands/jvm DONE \n Commands/sysprop DONE \n Commands/getstatic DONE \n Commands/sc DONE \n Commands/sm DONE \n Commands/dump DONE \n Commands/jad DONE \n Commands/classloader DONE \n Commands/redefine DONE \n Commands/monitor DONE \n Commands/watch DONE \n Commands/trace DONE \n Commands/stack DONE \n Commands/tt DONE \n Commands/options DONE \n Commands/Basic commands DONE \nUser cases \n Release note Done #138 \nQuestions and Answers \n CONTRIBUTING Done #139 ",
    "summary_bilingual_indexes": [],
    "description_bilingual_indexes": []
  },
  "56": {
    "summary": "Add English doc support ",
    "description": "\nAt present, the documents are placed under site/src/site/sphinx, so consider adding an en directory for English documents.\nLink the static resource directories _ static, _ template, and some images to the en directory.\nConfigure two execution in sphinx-maven-plugin to build doc.\nThe final generated static website in the Chinese document in the home page arthas, English documents in en.",
    "summary_bilingual_indexes": [],
    "description_bilingual_indexes": [
      1,
      2,
      3,
      4
    ]
  },
  "57": {
    "summary": "ReadMe and Installation translated",
    "description": "",
    "summary_bilingual_indexes": [],
    "description_bilingual_indexes": []
  },
  "60": {
    "summary": "The reference link is incomplete, please fill it in.",
    "description": " [image]/10692769/45674950-b738af00-bb60-11e8-8406-55ca9bf35b8d.png\n",
    "summary_bilingual_indexes": [
      0
    ],
    "description_bilingual_indexes": []
  },
  "62": {
    "summary": "Can you explain that the source code com.taobao.arthas.core.ArthasConsole can't find this class?",
    "description": " else\n # for compatibility\n # use default console\n ARGS= {TARGET_IP} {TELNET_PORT} \n if [ {BATCH_MODE} = true ] then\n ARGS= ARGS -b \n fi\n if [ -z {BATCH_SCRIPT} ] then\n ARGS= ARGS -f BATCH_SCRIPT \n fi\n eval java {ARTHAS_OPTS} \n -cp arthas-core.jar \n com.taobao.arthas.core.ArthasConsole \n {ARGS}\n fi\nI can't find this com.taobao.arthas.core.ArthasConsole in the source code, so I don't understand how this works.",
    "summary_bilingual_indexes": [
      0
    ],
    "description_bilingual_indexes": [
      15
    ]
  },
  "67": {
    "summary": "Making English README as default",
    "description": "Hi All,\nAs Arthas is getting more and more attention, we have observed Non-Chinese users and contributors start participating in this project.\nI d like to propose that making the English README as default, and add link to Chinese README.\nHow do you guys think ",
    "summary_bilingual_indexes": [],
    "description_bilingual_indexes": []
  },
  "68": {
    "summary": "quick-start and advanced-usage",
    "description": "",
    "summary_bilingual_indexes": [],
    "description_bilingual_indexes": []
  },
  "74": {
    "summary": "Can't the download node provide a domestic one?",
    "description": "Use curl-L install.sh sh to download, well, update as soon as you get in, it's not good to update for half a day, and you can't update it even if you hang on VPN.\nProvide offline download, right? take a look at the maven.org link, whether the local will come down in the second half of the day, and whether the VPN will also come down.\nI really don't understand. If you provide Chinese documents, you can't provide a link that can be downloaded quickly.\nI'm not capable enough, so I don't need this tool, okay?",
    "summary_bilingual_indexes": [
      0
    ],
    "description_bilingual_indexes": [
      0,
      1,
      2,
      3
    ]
  },
  "84": {
    "summary": "Weird output when packaging arthas",
    "description": " \nArchive: arthas-3.0.5-SNAPSHOT-bin.zip\ncaution: filename not matched: Downl\ncaution: filename not matched: Downl\ncaution: filename not matched: Downl\ncaution: filename not matched: Progr\ncaution: filename not matched: Downl\ncaution: filename not matched: Downl\ncaution: filename not matched: Downl\ncaution: filename not matched: Downl\ncaution: filename not matched: Downl\ncaution: filename not matched: Progr\ncaution: filename not matched: Progr\ncaution: filename not matched: \n/Users/ /.arthas size: 204M\n ",
    "summary_bilingual_indexes": [],
    "description_bilingual_indexes": []
  },
  "88": {
    "summary": "Fix some typos and translated commands.md and dashboard.md",
    "description": "#88 ",
    "summary_bilingual_indexes": [],
    "description_bilingual_indexes": []
  },
  "92": {
    "summary": "Remove com.taobao.arthas.core.ArthasConsole in script",
    "description": "as.sh and as.bat ",
    "summary_bilingual_indexes": [],
    "description_bilingual_indexes": []
  },
  "104": {
    "summary": "Sysprop translated",
    "description": "",
    "summary_bilingual_indexes": [],
    "description_bilingual_indexes": []
  },
  "105": {
    "summary": "Getstatic translated",
    "description": "",
    "summary_bilingual_indexes": [],
    "description_bilingual_indexes": []
  },
  "106": {
    "summary": "sc en",
    "description": "",
    "summary_bilingual_indexes": [],
    "description_bilingual_indexes": []
  },
  "107": {
    "summary": "Sm en",
    "description": "",
    "summary_bilingual_indexes": [],
    "description_bilingual_indexes": []
  },
  "108": {
    "summary": "Dump en",
    "description": "",
    "summary_bilingual_indexes": [],
    "description_bilingual_indexes": []
  },
  "109": {
    "summary": "Jad en",
    "description": "",
    "summary_bilingual_indexes": [],
    "description_bilingual_indexes": []
  },
  "110": {
    "summary": "Classloader en",
    "description": "",
    "summary_bilingual_indexes": [],
    "description_bilingual_indexes": []
  },
  "112": {
    "summary": "Call for test cases",
    "description": "Hi community,\nAs we all know that this project lack of unit tests. For an open source project, unit test means quality and stability. I am planning to improve the test cases. If you would like to help please comment on this issue.\nSome of the codes may be difficult to be tested, we need a framework to bootstrap that. But we can start from simple tests.\nI would suggest to start from package com.taobao.arthas.core.view and com.taobao.arthas.core.util ",
    "summary_bilingual_indexes": [],
    "description_bilingual_indexes": []
  },
  "114": {
    "summary": "translate options",
    "description": "issue #51 ",
    "summary_bilingual_indexes": [],
    "description_bilingual_indexes": []
  },
  "116": {
    "summary": "redefine en",
    "description": "",
    "summary_bilingual_indexes": [],
    "description_bilingual_indexes": []
  },
  "117": {
    "summary": "format fix",
    "description": "",
    "summary_bilingual_indexes": [],
    "description_bilingual_indexes": []
  },
  "121": {
    "summary": "monitor en",
    "description": "",
    "summary_bilingual_indexes": [],
    "description_bilingual_indexes": []
  },
  "122": {
    "summary": "monitor-cn typo fix",
    "description": "",
    "summary_bilingual_indexes": [],
    "description_bilingual_indexes": []
  },
  "123": {
    "summary": "watch en",
    "description": "",
    "summary_bilingual_indexes": [],
    "description_bilingual_indexes": []
  },
  "124": {
    "summary": "trace en",
    "description": "",
    "summary_bilingual_indexes": [],
    "description_bilingual_indexes": []
  },
  "125": {
    "summary": "stack en",
    "description": "",
    "summary_bilingual_indexes": [],
    "description_bilingual_indexes": []
  },
  "126": {
    "summary": "Unit test",
    "description": "",
    "summary_bilingual_indexes": [],
    "description_bilingual_indexes": []
  },
  "128": {
    "summary": "as.sh debug fail",
    "description": "\n \nas.sh debug\nArthas script version: 3.0.4\nFound existing java process, please choose one and hit RETURN.\n* [1]: 48944 Demo\n [2]: 22647 org.jetbrains.jps.cmdline.Launcher\n [3]: 37063\n [4]: 21736\nCalculating attach execution time...\nAttaching to 48944 using version 3.0.4...\nERROR: JDWP option syntax error: -agentlib:jdwp=transport=dt_socket,address=8888,server=y,suspend=n -Djava.awt.headless=true\nattach to target jvm (48944) failed, check arthas.log or stderr of target jvm for any exceptions.\n \n as.sh debug 48944 is ok. \nIt seems that cause by n .",
    "summary_bilingual_indexes": [],
    "description_bilingual_indexes": []
  },
  "129": {
    "summary": "tt en",
    "description": "",
    "summary_bilingual_indexes": [],
    "description_bilingual_indexes": []
  },
  "130": {
    "summary": "Refactor as.sh , support more arguments",
    "description": "* support arthas home\n* support load arthas in as.sh directory\n* support more arguments\n* support detect process already using port 3658",
    "summary_bilingual_indexes": [],
    "description_bilingual_indexes": []
  },
  "131": {
    "summary": "When target-ip is 127.0.0.1, it is replaced with 0.0.0.0",
    "description": "\n com.taobao.arthas.core.config.Configure :\n java\n private String normalizeIp (String ip){\n if ( 127.0.0.1 .equals (ip)) {\n bind to all network interfaces, allowing remote connections\n return 0.0.0.0 \n }\n return ip \n }\n ",
    "summary_bilingual_indexes": [],
    "description_bilingual_indexes": []
  },
  "135": {
    "summary": "NullPointerException at WildcardMatcher",
    "description": "- [x] I have searched the issues of this repository and believe that this is not a duplicate.\n Environment\n* Arthas version: 3.x\n* Operating System version: MAC OS X 10.13.4\n* Java version of target JVM: 1.8\n* Java version of JVM used to attach: 1.8\n Actual Result\nDidn t check NULL for inputs at com.taobao.arthas.core.util.matcher.WildcardMatcher#match (String string,String pattern,int stringStartNdx,int patternStartNdx) .\nmaybe the method should return false, if string or pattern is NULL. just like the logic in RegexMatcher \n \njava.lang.NullPointerException\nat com.taobao.arthas.core.util.matcher.WildcardMatcher.match (WildcardMatcher.java:27)\nat com.taobao.arthas.core.util.matcher.WildcardMatcher.matching (WildcardMatcher.java:18)\nat com.taobao.arthas.core.util.matcher.WildcardMatcherTest.testMatchingWithNullInputs (WildcardMatcherTest.java:13)\n \n",
    "summary_bilingual_indexes": [],
    "description_bilingual_indexes": []
  },
  "136": {
    "summary": "unit test for matcher package",
    "description": "",
    "summary_bilingual_indexes": [],
    "description_bilingual_indexes": []
  },
  "149": {
    "summary": "README-minor-changes.md",
    "description": "Some improvements in Grammer of Documentation",
    "summary_bilingual_indexes": [],
    "description_bilingual_indexes": []
  },
  "150": {
    "summary": "manual-install en",
    "description": "#51",
    "summary_bilingual_indexes": [],
    "description_bilingual_indexes": []
  },
  "151": {
    "summary": "advice-class en",
    "description": "#51",
    "summary_bilingual_indexes": [],
    "description_bilingual_indexes": []
  },
  "154": {
    "summary": "improve the descriptions and fix some typos",
    "description": "",
    "summary_bilingual_indexes": [],
    "description_bilingual_indexes": []
  },
  "155": {
    "summary": "when starting as.sh,that has a error message : The target pid (64) does not exist ",
    "description": "- [ ] I have searched the issues of this repository and believe that this is not a duplicate.\n Environment\n* Arthas version: 3.0.4\n* Operating System version: 3.10.0-693.el7.x86_64\n* Java version: 1.7.0_79\n Steps to reproduce this issue\n1.PID\n [1537840863 45988593-518d7b00-c0aa-11e8-9726-fd9dd582bafb.jpg\n2. start\n [image]/40824190/45988750-1770a900-c0ab-11e8-81e0-387ec403bfe7.png\n Expected Result\nstarted successful\n Actual Result\nThe target pid (64) does not exist \n",
    "summary_bilingual_indexes": [],
    "description_bilingual_indexes": []
  },
  "163": {
    "summary": "Grammar and rewording for clarity",
    "description": "Fixed grammatical errors and reworded portions of text for better clarity",
    "summary_bilingual_indexes": [],
    "description_bilingual_indexes": []
  },
  "166": {
    "summary": "bugfix test case. #165",
    "description": "bugfix test case. #165",
    "summary_bilingual_indexes": [],
    "description_bilingual_indexes": []
  },
  "168": {
    "summary": " /logs/arthas/arthas.log do not exist problem",
    "description": "1. In version 3.0.4, log path is incorrectly set to arthas.log\n1. Arthas directory may fail",
    "summary_bilingual_indexes": [],
    "description_bilingual_indexes": [
      0,
      1
    ]
  },
  "171": {
    "summary": "Check telnet port and http port before attach",
    "description": "\n1. Find the process using the port\n \n lsof -nP -iTCP:3658 grep LISTEN\n \n1. Check if the process ID is the same as the one want to attach\n",
    "summary_bilingual_indexes": [],
    "description_bilingual_indexes": []
  },
  "172": {
    "summary": "bug fix when unzip not found",
    "description": "#158 ",
    "summary_bilingual_indexes": [],
    "description_bilingual_indexes": []
  },
  "173": {
    "summary": "When the java command is a symbolic link, the script cannot set JAVA_HOME itself by filtering the started java process without setting JAVA_HOME",
    "description": "- [x] I have searched the issues of this repository and believe that this is not a duplicate.\n Environment\n* Arthas version: 3.0.4\n* Operating System version: macOS high Sierra 10.13.6 \n* Java version of target JVM: jdk_1.8.0_181\n* Java version of JVM used to attach: jdk_1.8.0_181\n Steps to reproduce this issue\n1. Do not set JAVA_HOME and symbolic connection when java command\ntwo。 Use the java command to start jar, such as java-jar zipkin.jar\n3. Start arthas and report that JAVA_HOME is not set correctly\n Expected Result\nWhat do you expected from the above steps \nArthas can be started correctly\n Actual Result\nWhat actually happens \nBecause the java command is a symbolic link rather than being set directly to PATH, if JAVA_HOME is not set in the environment variable, the JAVA_HOME may not be set successfully in the script by filtering the java process\nIf there is an exception, please attach the exception trace:\n \nJust put your stack trace here \n \n",
    "summary_bilingual_indexes": [
      0
    ],
    "description_bilingual_indexes": [
      7,
      8,
      9,
      12,
      15
    ]
  },
  "175": {
    "summary": "[WIP] fix some logic and descriptions issues in doc",
    "description": "#",
    "summary_bilingual_indexes": [],
    "description_bilingual_indexes": []
  },
  "180": {
    "summary": "Window starts error reporting binary operator expected",
    "description": "\nArthas script version: 3.0.2\n./as.sh: line 89: [: Program: binary operator expected\n./as.sh: line 92: [: Program: binary operator expected\nillegal ENV, please set JAVA_HOME to JDK6+\nBash-x as.sh output\n \n bash -x as.sh\n+ .arthas\n+ lib\n+ tmp\n+ ARTHAS_VERSION=\n+ ARTHAS_SCRIPT_VERSION=3.0.2\n+ select m.taobao.arthas 22+AND+a: 22arthas-packaging 22 \n+ remotecontent arthas-packaging \n+ SO_TIMEOUT=5\n+ DEFAULT_TARGET_IP=127.0.0.1\n+ DEFAULT_TELNET_PORT=3658\n+ DEFAULT_HTTP_PORT=8563\n+ JVM_OPTS=\n+ BATCH_MODE=false\n+ ATTACH_ONLY=false\n+ BATCH_SCRIPT=\n+ ARTHAS_OPTS=-Djava.awt.headless=true\n+ main\n+ echo Arthas script version: 3.0.2 \nArthas script version: 3.0.2\n+ check_permission\n+ [ -w Administrator.XKZCNO ] \n+ reset_for_env\n+ mkdir -p lib\n+ [ -z Program jdk1.8.0_77 ] \nas.sh: line 89: [: Program: binary operator expected\n+ [ -d Program jdk1.8.0_77 ] \nas.sh: line 92: [: Program: binary operator expected\n++ Program java -version\n++ awk -F 2 1.5 {print 2} \n+ local JAVA_VERSION_STR=\n+ [[ -x Program jdk1.8.0_77 ]]\n+ [[ -z ]]\n+ exit_on_err 1 illegal ENV, please set JAVA_HOME to JDK6+ \n+ [[ -z illegal ENV, please set JAVA_HOME to JDK6+ ]]\n+ echo illegal ENV, please set JAVA_HOME to JDK6+ \nillegal ENV, please set JAVA_HOME to JDK6+\n+ exit 1\n",
    "summary_bilingual_indexes": [
      0
    ],
    "description_bilingual_indexes": [
      5
    ]
  },
  "181": {
    "summary": "as.bat support jdk11",
    "description": "There is no tools.jar in jdk11.",
    "summary_bilingual_indexes": [],
    "description_bilingual_indexes": []
  },
  "195": {
    "summary": "Test case for DateUtils",
    "description": "",
    "summary_bilingual_indexes": [],
    "description_bilingual_indexes": []
  },
  "196": {
    "summary": "VirtualMachine.attach failed to solve when debugging and running LocalDebugTest on this machine.",
    "description": "VirtualMachine.attach failed to find the list size=0 returned by AttachProvider.providers ()\npid:244676\n \n[Ljava.lang.String arthas failed, exception stack trace: \nDisconnected from the target VM, address: 127.0.0.1:50732 , transport: socket \njava.lang.NullPointerException\nat com.sun.tools.attach.VirtualMachine.attach (VirtualMachine.java:182)\nat com.taobao.arthas.core.Arthas.attachAgent (Arthas.java:68)\nat com.taobao.arthas.core.Arthas. init (Arthas.java:26)\nat com.taobao.arthas.core.Arthas.main (Arthas.java:98)\nat LocalDebugTest 1.run (LocalDebugTest.java:33)\nat java.lang.Thread.run (Thread.java:748)\nProcess finished with exit code -1\n \n",
    "summary_bilingual_indexes": [
      0
    ],
    "description_bilingual_indexes": [
      0
    ]
  },
  "209": {
    "summary": "fix some typos in error prompts",
    "description": "Just grammatical issues - simple fix",
    "summary_bilingual_indexes": [],
    "description_bilingual_indexes": []
  },
  "212": {
    "summary": "as.sh support git Cygwin",
    "description": "",
    "summary_bilingual_indexes": [],
    "description_bilingual_indexes": []
  },
  "213": {
    "summary": "welcome timestamp replace with readable date time",
    "description": "",
    "summary_bilingual_indexes": [],
    "description_bilingual_indexes": []
  },
  "219": {
    "summary": "-d and -D are not working as expected in tt",
    "description": "- [x] I have searched the issues of this repository and believe that this is not a duplicate.\n Environment\n* Arthas version: 3.0.5.2018101114330\n* Operating System version: ubuntu 16.04\n* Java version of target JVM: jdk1.8.0_144\n* Java version of JVM used to attach: jdk1.8.0_144\n Steps to reproduce this issue\n1. 1. follow this to create the demo first: quick-start.md\n \n as.sh\n 3 # select the demo\n tt -t -n 3 *Demo addTwoLists\nPress Ctrl+C to abort.\nAffect (class-cnt:1 , method-cnt:1) cost in 54 ms.\n INDEX TIMESTAMP COST (ms) IS-RET IS-EXP OBJECT CLASS METHOD \n \n 1000 2018-10-11 19:21:58 1.930901 true false NULL Demo addTwoLists \n 1001 2018-10-11 19:21:58 0.096511 true false NULL Demo addTwoLists \n 1002 2018-10-11 19:21:58 0.09073 true false NULL Demo addTwoLists \nCommand execution times exceed limit: 3, so command will exit. You can set it with -n option.\n tt -l\n INDEX TIMESTAMP COST (ms) IS-RET IS-EXP OBJECT CLASS METHOD \n \n 1000 2018-10-11 19:21:58 1.930901 true false NULL Demo addTwoLists \n 1001 2018-10-11 19:21:58 0.096511 true false NULL Demo addTwoLists \n 1002 2018-10-11 19:21:58 0.09073 true false NULL Demo addTwoLists \nAffect (row-cnt:3) cost in 3 ms.\n tt -D\nError during processing the command: Time fragment index is expected, please type -i to specify\n \n Expected Result\ndelete all recorded items\n Actual Result\n \n tt -D\nError during processing the command: Time fragment index is expected, please type -i to specify\n \n F.Y.I\n \n01 2018-10-11 19:22:03.551 ERROR [as-command-execute-daemon:arthas] [] [] [] Error during processing the command:\njava.lang.IllegalArgumentException: Time fragment index is expected, please type -i to specify\n at com.taobao.arthas.core.command.monitor200.TimeTunnelCommand.checkArguments (TimeTunnelCommand.java:209) [arthas-core.jar:3.0.5-SNAPSHOT]\n at com.taobao.arthas.core.command.monitor200.TimeTunnelCommand.process (TimeTunnelCommand.java:241) [arthas-core.jar:3.0.5-SNAPSHOT]\n at com.taobao.arthas.core.shell.command.impl.AnnotatedCommandImpl.process (AnnotatedCommandImpl.java:82) [arthas-core.jar:3.0.5-SNAPSHOT]\n at com.taobao.arthas.core.shell.command.impl.AnnotatedCommandImpl.access 100 (AnnotatedCommandImpl.java:18) [arthas-core.jar:3.0.5-SNAPSHOT]\n at com.taobao.arthas.core.shell.command.impl.AnnotatedCommandImpl ProcessHandler.handle (AnnotatedCommandImpl.java:111) [arthas-core.jar:3.0.5-SNAPSHOT]\n at com.taobao.arthas.core.shell.command.impl.AnnotatedCommandImpl ProcessHandler.handle (AnnotatedCommandImpl.java:108) [arthas-core.jar:3.0.5-SNAPSHOT]\n at com.taobao.arthas.core.shell.system.impl.ProcessImpl CommandProcessTask.run (ProcessImpl.java:370) [arthas-core.jar:3.0.5-SNAPSHOT]\n at java.util.concurrent.ThreadPoolExecutor.runWorker (ThreadPoolExecutor.java:1149) [na:1.8.0_144]\n at java.util.concurrent.ThreadPoolExecutor Worker.run (ThreadPoolExecutor.java:624) [na:1.8.0_144]\n at java.lang.Thread.run (Thread.java:748) [na:1.8.0_144]\n \n",
    "summary_bilingual_indexes": [],
    "description_bilingual_indexes": []
  },
  "222": {
    "summary": "Debug Arthas In IDEA",
    "description": "Tips:\n1. It is better to run as-package.sh before start debugging, it will install the newest version.\n2. If you want to debug Arthas core like Commands , please check the second part.\n \nThe first part, debug Arthas how to attach to target JVM.\n Debug com.taobao.arthas.core.Arthas \n Start com.taobao.arthas.core.Arthas \n bash\n as.sh --debug-attach\nArthas script version: 3.0.5\nFound existing java process, please choose one and hit RETURN.\n* [1]: 56707 org.jetbrains.idea.maven.server.RemoteMavenServer\n [2]: 56612\n [3]: 442\n [4]: 56879 Demo\n4\nCalculating attach execution time...\nAttaching to 56879 using version 3.0.5.20180927185309...\nListening for transport dt_socket at address: 8888\n \nActually as.sh start the java process: \n \njava -agentlib:jdwp=transport=dt_socket,address=8888,server=y,suspend=y -Djava.awt.headless=true tools.jar -jar arthas-core.jar -pid 56879 -target-ip 127.0.0.1 -telnet-port 3658 -http-port 8563 -core arthas-core.jar -agent arthas-agent.jar\n \nThe main class of arthas-core.jar is com.taobao.arthas.core.Arthas .\n IDEA remote debug\n1. Edit Configurations\n 46815581-bc7ac980-cdad-11e8-9414-2b77d5a5cc3b.png\n1. Add new remote configuration \n 46815695-fc41b100-cdad-11e8-9fd8-eb3dac73b276.png\n1. Add breakpoint at com.taobao.arthas.core.Arthas#main , then start debugging\n 46815872-5c385780-cdae-11e8-92cf-f07a32c5ebb9.png\n",
    "summary_bilingual_indexes": [],
    "description_bilingual_indexes": []
  },
  "227": {
    "summary": "adding time cost for watching methods",
    "description": "",
    "summary_bilingual_indexes": [],
    "description_bilingual_indexes": []
  },
  "228": {
    "summary": "JUL is actually java.util.concurrency.lock",
    "description": "",
    "summary_bilingual_indexes": [],
    "description_bilingual_indexes": []
  },
  "234": {
    "summary": "sort sc command ouput",
    "description": "#233 ",
    "summary_bilingual_indexes": [],
    "description_bilingual_indexes": []
  },
  "239": {
    "summary": "upgrade termd version",
    "description": "/alibaba/termd/issues/1 ",
    "summary_bilingual_indexes": [],
    "description_bilingual_indexes": []
  },
  "240": {
    "summary": "Add new command ognl to execute expressions",
    "description": "\nCurrently, getstatic command can get the static field, but do not support invoke the static method.\nAcutally, ognl support Calling Static Methods and Getting Static Fields : language-guide.html\nThe ognl command will work like:\n \nognl -c dfsff456 () \nognl -c dfsff456 \n ",
    "summary_bilingual_indexes": [],
    "description_bilingual_indexes": []
  },
  "243": {
    "summary": "add maven-jdk-tools-wrapper to support tools.jar ",
    "description": "A better way to support tools.jar. \n#23",
    "summary_bilingual_indexes": [],
    "description_bilingual_indexes": []
  },
  "246": {
    "summary": "classloader command support load class",
    "description": "Currently, classloader command can load the resource, support load class will be better.",
    "summary_bilingual_indexes": [],
    "description_bilingual_indexes": []
  },
  "256": {
    "summary": "CustomClassResolver#classes is HashMap, do not support multiple threads",
    "description": "",
    "summary_bilingual_indexes": [],
    "description_bilingual_indexes": []
  },
  "260": {
    "summary": "We need an elegant and simple Demo needs a simple and elegant example.",
    "description": "Currently, Arthas only has a simple Demo: quick-start.html\n java\nimport java.util.concurrent.TimeUnit \nimport java.util.concurrent.atomic.AtomicInteger \npublic class Demo {\n static class Counter {\n private static AtomicInteger count = new AtomicInteger (0) \n public static void increment () {\n count.incrementAndGet () \n }\n public static int value () {\n return count.get () \n }\n }\n public static void main (String[] args) throws InterruptedException {\n while (true) {\n Counter.increment () \n System.out.println ( counter: + Counter.value ()) \n TimeUnit.SECONDS.sleep (1) \n }\n }\n}\n \n1. The demo can not show all command usage\n2. The users have to compile the Demo by themselves\n \nWe should provide an as-demo.jar in release zip file, the user can start the demo: java -jar as-demo.jar .\nWe need an elegant and simple Demo to show all commands of Arthas, please make suggestions.\nWe need a simple and elegant example to show all the commands of Arthas, please make suggestions.",
    "summary_bilingual_indexes": [
      0
    ],
    "description_bilingual_indexes": [
      28
    ]
  },
  "264": {
    "summary": "upgrade ognl to 3.1.19 ",
    "description": "/jkuhnert/ognl/issues/58",
    "summary_bilingual_indexes": [],
    "description_bilingual_indexes": []
  },
  "272": {
    "summary": "Add pure java telnet client support",
    "description": "\n1. We need a pure java telnet client\n Some users do not have native telnet client, such as windows user. When users do not have native telnet client, we need to use the pure java telnet client to connect Arthas Server\n1. Currently, com.taobao.arthas.client.TelnetConsole only support batch mode, do not support Ctrl Ctrl +D \n1. Use jline2 and can implement a pure java telnet client, demo here: java-telnet-client-demo",
    "summary_bilingual_indexes": [],
    "description_bilingual_indexes": []
  },
  "278": {
    "summary": "Add an arthas-boot module to support all platforms",
    "description": "Currently as.sh only supports linux, as.bat is difficult to maintain, we need a pure java tools as-boot.jar to support all platforms.\n* run java -jar as-boot.jar to start\n* as-boot.jar will list all java processes, and let the user choose. In short, as-boot.jar is similar to as.sh",
    "summary_bilingual_indexes": [],
    "description_bilingual_indexes": []
  },
  "284": {
    "summary": "Allow skip bind telnet port or http port",
    "description": "Currently, Arthas server will bind both telnet port and HTTP port. Provide a way to skip bind telnet port or HTTP port will be better.\nWhen the port number 0, will skip binding.",
    "summary_bilingual_indexes": [],
    "description_bilingual_indexes": []
  },
  "288": {
    "summary": "add sysenv command",
    "description": "Display system env.",
    "summary_bilingual_indexes": [],
    "description_bilingual_indexes": []
  },
  "296": {
    "summary": "Support session timeout configuration",
    "description": "Currently, the default session timeout is 5m, users cannot configure it.",
    "summary_bilingual_indexes": [],
    "description_bilingual_indexes": []
  },
  "298": {
    "summary": "Add history command",
    "description": "",
    "summary_bilingual_indexes": [],
    "description_bilingual_indexes": []
  },
  "300": {
    "summary": "Upgrade termd to 1.1.7, better web console support",
    "description": "/alibaba/termd/milestone/1",
    "summary_bilingual_indexes": [],
    "description_bilingual_indexes": []
  },
  "301": {
    "summary": "jad command do not match inner class",
    "description": " java\n jad com.sun.proxy. Proxy0\nAffect (row-cnt:0) cost in 67 ms.\n \n java\n jad Proxy0\nClassLoader:\nLocation:\n/*\n * Decompiled with CFR 0_132.\n \npackage com.sun.proxy \nimport java.lang.annotation.Retention \nimport java.lang.annotation.RetentionPolicy \nimport java.lang.reflect.InvocationHandler \nimport java.lang.reflect.Method \nimport java.lang.reflect.Proxy \nimport java.lang.reflect.UndeclaredThrowableException \npublic final class Proxy0\n ",
    "summary_bilingual_indexes": [],
    "description_bilingual_indexes": []
  },
  "302": {
    "summary": "SearchUtils replace to . , can not match classes created by lambda method",
    "description": "\n java\n// com.taobao.arthas.core.util.SearchUtils.classNameMatcher (String, boolean)\n public static Matcher String classNameMatcher (String classPattern, boolean isRegEx) {\n if (StringUtils.isEmpty (classPattern)) {\n classPattern = isRegEx .* : * \n }\n classPattern = StringUtils.replace (classPattern, , . ) \n return isRegEx new RegexMatcher (classPattern) : new WildcardMatcher (classPattern) \n }\n \nBefore: 1876631416 \nAfter: Test Lambda 1.1876631416 \n",
    "summary_bilingual_indexes": [],
    "description_bilingual_indexes": []
  },
  "305": {
    "summary": "jad command do not support classes created by lambda method",
    "description": "Refer to #302",
    "summary_bilingual_indexes": [],
    "description_bilingual_indexes": []
  },
  "307": {
    "summary": "support history-search-forward and history-search-backward",
    "description": "Provide better history match experience.",
    "summary_bilingual_indexes": [],
    "description_bilingual_indexes": []
  },
  "312": {
    "summary": "clean issues in code",
    "description": "",
    "summary_bilingual_indexes": [],
    "description_bilingual_indexes": []
  },
  "318": {
    "summary": "Command long name option completion do not work as expected",
    "description": "\n \n tt --d\n \nInput tab , result is:\n \n tt --ddelete\n \nExpected:\n \n tt --delete\n ",
    "summary_bilingual_indexes": [],
    "description_bilingual_indexes": []
  },
  "322": {
    "summary": "upgrade cli to 1.0.2 to support case sensitive options",
    "description": "#321 \n#219",
    "summary_bilingual_indexes": [],
    "description_bilingual_indexes": []
  },
  "325": {
    "summary": "can t satisfy target Java home which define in system path",
    "description": "- [ ] I have searched the issues of this repository and believe that this is not a duplicate.\n Environment\n* Arthas version: 3.0.5\n* Operating System version: Windows 10\n* Java version of target JVM: 1.8.0_181\n* Java version of JVM used to attach:1.8.0_181\n Steps to reproduce this issue\n [image]/27680463/49217197-ee9cc500-f407-11e8-8179-f08d3c86b954.png\n [image]/27680463/49217183-e17fd600-f407-11e8-8345-55065815bf10.png\nIn addition, an error will be reported when you try to delete the jre in the following figure, that is, the jre used by Arthas\n arthas java -jar arthas-boot.jar\nError: could not open Program jvm.cfg \n [image]/27680463/49217375-57843d00-f408-11e8-9d5a-327e80beab8c.png\nFinally, in the program uninstall, after deleting a duplicate version of jdk, you can use it.\nTherefore, when installing multiple jdk, Arthas runs itself with a non-system environment variable version of jdk, and in the Arthas program, System.getProperty (java.home) returns the jdk path of the non-system environment variable.\nHope to fix and correctly use the jdk configured in the system environment variables.\n",
    "summary_bilingual_indexes": [],
    "description_bilingual_indexes": [
      9,
      13,
      14,
      15
    ]
  },
  "330": {
    "summary": "There is one character which is not displayed correctly. (one character is not displayed correctly)",
    "description": "- [x] I have searched the issues of this repository and believe that this is not a duplicate.\n Steps to reproduce this issue\n1. go to CONTRIBUTING.md\n2. You will see there is one character which is not displayed correctly (depicted in the following pic)\n [image]/3983683/49348357-eb435b00-f6df-11e8-8858-4633b81d0b80.png\n",
    "summary_bilingual_indexes": [
      0
    ],
    "description_bilingual_indexes": []
  },
  "331": {
    "summary": "-that.-which one?",
    "description": "-that.-which one?\n [image]/3983683/49348296-a0c1de80-f6df-11e8-9a17-22ff545ab327.png\n",
    "summary_bilingual_indexes": [
      0
    ],
    "description_bilingual_indexes": [
      0
    ]
  },
  "334": {
    "summary": " sysenv grep MAIN return an unexpected result",
    "description": "- [ ] I have searched the issues of this repository and believe that this is not a duplicate.\n Environment\n* Arthas version: \n* Operating System version: \n* Java version of target JVM: \n* Java version of JVM used to attach: \n Steps to reproduce this issue\n1. java -jar arthas-boot.jar\n2. select a process to attach\n3. sysenv grep MAIN\n Expected Result\ndemo.MathGame as quick-start.html\n Actual Result\n USERDOMAIN DESKTOP-BDEGJ0O\n USERDOMAIN_ROAMINGPROFILE DESKTOP-BDEGJ0O\n",
    "summary_bilingual_indexes": [],
    "description_bilingual_indexes": []
  },
  "336": {
    "summary": "ognl express do not support get private field",
    "description": "\n \n watch demo.MathGame primeFactors target.illegalArgumentCount \nPress Ctrl+C to abort.\nAffect (class-cnt:1 , method-cnt:1) cost in 37 ms.\nwatch failed, condition is: null, express is: target.illegalArgumentCount, ognl.NoSuchPropertyException: demo.MathGame.illegalArgumentCount, visit arthas.log for more details.\n \n* The arthas demo need to change field illegalArgumentCount to public.",
    "summary_bilingual_indexes": [],
    "description_bilingual_indexes": []
  },
  "338": {
    "summary": "Prefer to use java under jdk, not jre",
    "description": "\n System.getProperty ( java.home ) maybe . \n jps may under two directories:\n \n/opt/jdk/bin/jps\n/opt/jdk/jre/bin/jps\n \nIt is better to use java under jdk, not jre. ",
    "summary_bilingual_indexes": [],
    "description_bilingual_indexes": []
  },
  "339": {
    "summary": "maven-assembly-plugin support Implementation-Version",
    "description": "",
    "summary_bilingual_indexes": [],
    "description_bilingual_indexes": []
  },
  "340": {
    "summary": "Fix quick-start.md: Demo process should be the second one.",
    "description": "",
    "summary_bilingual_indexes": [],
    "description_bilingual_indexes": []
  },
  "349": {
    "summary": "When using jdk 7 , use http to download to avoid SSL Exception",
    "description": "",
    "summary_bilingual_indexes": [],
    "description_bilingual_indexes": []
  },
  "352": {
    "summary": "More user-friendly prompts when selecting pid.",
    "description": "When users accidentally enter a non-integer, prompt instead of printing\nstack trace.\n \n[INFO] Process 3027 already using port 3658\n[INFO] Process 3027 already using port 8563\n* [1]: 3027 jar\na\nException in thread main java.util.InputMismatchException\nat java.util.Scanner.throwFor (Scanner.java:913)\nat java.util.Scanner.next (Scanner.java:1534)\nat java.util.Scanner.nextInt (Scanner.java:2164)\nat java.util.Scanner.nextInt (Scanner.java:2123)\nat com.taobao.arthas.boot.ProcessUtils.select (ProcessUtils.java:71)\nat com.taobao.arthas.boot.Bootstrap.main (Bootstrap.java:252)\n ",
    "summary_bilingual_indexes": [],
    "description_bilingual_indexes": []
  },
  "354": {
    "summary": "sysenv.md URL fix.",
    "description": "",
    "summary_bilingual_indexes": [],
    "description_bilingual_indexes": []
  },
  "356": {
    "summary": "Improve get Java version",
    "description": "1. I think now that we have the JavaVersionUtils utility class, we should try to use it when getting the Java version.\n2. Java and jps are both binary files of JAVA. Can they unify their search process?",
    "summary_bilingual_indexes": [],
    "description_bilingual_indexes": [
      0,
      1
    ]
  },
  "361": {
    "summary": "arthas-boot run jps with -l argument",
    "description": "\n \n jps\n78562 Jps\n78487 jar\n22342\n78526 jar\n \n \n jps -l\n78487 arthas-demo.jar\n22342\n78573 sun.tools.jps.Jps\n78526 arthas-boot.jar\n ",
    "summary_bilingual_indexes": [],
    "description_bilingual_indexes": []
  },
  "363": {
    "summary": "as.sh do not support batch mode",
    "description": " \nas.sh -c sysprop thread 81719\nArthas script version: 3.0.5\n \n \ncom.taobao.middleware.cli.CLIException: Cannot inject value for argument 1 \nat com.taobao.middleware.cli.annotations.CLIConfigurator.inject (CLIConfigurator.java:270)\nat com.taobao.arthas.client.TelnetConsole.main (TelnetConsole.java:168)\nCaused by: com.taobao.middleware.cli.InvalidValueException: The value -p is not accepted by the argument port \nat com.taobao.middleware.cli.impl.DefaultCommandLine.create (DefaultCommandLine.java:315)\nat com.taobao.middleware.cli.impl.DefaultCommandLine.getArgumentValue (DefaultCommandLine.java:171)\nat com.taobao.middleware.cli.annotations.CLIConfigurator.getArgumentValue (CLIConfigurator.java:230)\nat com.taobao.middleware.cli.annotations.CLIConfigurator.inject (CLIConfigurator.java:264)\n... 1 more\nCaused by: java.lang.IllegalArgumentException: java.lang.NumberFormatException: For input string: -p \nat com.taobao.middleware.cli.converters.ConstructorBasedConverter.fromString (ConstructorBasedConverter.java:70)\nat com.taobao.middleware.cli.converters.Converters.create (Converters.java:52)\nat com.taobao.middleware.cli.impl.DefaultCommandLine.create (DefaultCommandLine.java:312)\n... 4 more\nCaused by: java.lang.NumberFormatException: For input string: -p \nat java.lang.NumberFormatException.forInputString (NumberFormatException.java:65)\nat java.lang.Integer.parseInt (Integer.java:580)\nat java.lang.Integer. init (Integer.java:867)\nat sun.reflect.NativeConstructorAccessorImpl.newInstance0 (Native Method)\nat sun.reflect.NativeConstructorAccessorImpl.newInstance (NativeConstructorAccessorImpl.java:62)\nat sun.reflect.DelegatingConstructorAccessorImpl.newInstance (DelegatingConstructorAccessorImpl.java:45)\nat java.lang.reflect.Constructor.newInstance (Constructor.java:423)\nat com.taobao.middleware.cli.converters.ConstructorBasedConverter.fromString (ConstructorBasedConverter.java:67)\n... 6 more\nUsage: arthas-client [-w value ] [--help] [-c value ] [-f value ] [-h\n value ] [target-ip] [port]\n \n",
    "summary_bilingual_indexes": [],
    "description_bilingual_indexes": []
  },
  "364": {
    "summary": "Support build docker image",
    "description": "Like nginx: ",
    "summary_bilingual_indexes": [],
    "description_bilingual_indexes": []
  },
  "376": {
    "summary": "The printed object has garbled codes when using arthas-boot.",
    "description": "-[x] I have searched issues and there is no duplicate issue.\nEnvironmental information\n* version 3.0.5.1 of arthas-boot.jar\n* operating system version: Linux 3.10.0-862.2.3.el7.x86_64\n* JDK version of the target process: 1.8\n* JVM version of the target process: 25.144-b01\n* the character set of the system is as follows\n [image]/5311716/50070404-bddecd00-0208-11e9-9cc1-dda83481543b.png\n [image]/5311716/50070408-c505db00-0208-11e9-8c6b-262b1e5d1fc2.png\nSteps to reproduce the problem\n1. Start the demo project\n2. Chinese parameters received by arthas listening API\n3. Chinese content returned by arthas listening API\n4. hello\n [image]/5311716/50070430-dfd84f80-0208-11e9-80c6-02d9be48c763.png\n [image]/5311716/50070447-f1b9f280-0208-11e9-98a1-1b10259bf4a4.png\nThe monitoring demo is developed based on spring boot 2.1.1.RELEASE, and the code is as follows\n[demo2018.zip]/alibaba/arthas/files/2684736/demo2018.zip\nExpected result\nNormal display in Chinese\nThe result of actual operation\nChinese garbled code\n [image]/5311716/50070456-fd0d1e00-0208-11e9-8bc9-90479eb7897e.png\nHowever, through telnet connection arthas monitoring will display Chinese normally.\n [image]/5311716/50070490-2a59cc00-0209-11e9-85a7-83d91de02f46.png\n",
    "summary_bilingual_indexes": [
      0
    ],
    "description_bilingual_indexes": [
      0,
      1,
      2,
      3,
      4,
      5,
      6,
      9,
      10,
      11,
      12,
      16,
      18,
      19,
      20,
      21,
      23
    ]
  },
  "379": {
    "summary": "Removing unused imports",
    "description": "Signed-off by: Sergio Escalante sergioescala .com",
    "summary_bilingual_indexes": [],
    "description_bilingual_indexes": []
  },
  "380": {
    "summary": "Fixing typos",
    "description": "Signed-off by: Sergio Escalante sergioescala .com",
    "summary_bilingual_indexes": [],
    "description_bilingual_indexes": []
  },
  "382": {
    "summary": "Fix #381: improve find tools.jar logic",
    "description": "1. I think the behavior of as.sh should be consistent with that of arthas-boot. Although we can find a possible JAVA_HOME through environment variables and java commands, in fact we are not sure that it is the same as arthas-boot. In the version below java9, while looking for the tools.jar file, we correct the JAVA_HOME we found earlier.\n2. (call_jps) grep-v sun.tools.jps.Jps this statement will report a command not found error because the result of (call_jps) will be executed as a command\nFix #381 ",
    "summary_bilingual_indexes": [],
    "description_bilingual_indexes": [
      0,
      1
    ]
  },
  "383": {
    "summary": "ProcessUtils found tools.jar in the wrong way, so it could not be found.",
    "description": "- [ ] I have searched in issues and there are no duplicate issues.\n environmental information\n* arthas-boot.jar or version of as.sh 3.0.5.1\n* Arthas Version: 3.0.5.1\n* OS version: Win10\n* JVM version of target process:jdk8\n* Version that executes arthas-boot: 3.0.5.1\n Steps to reproduce the problem\n1. ProcessUtils looks for tools.jar incorrectly, resulting in failure to find\nactual path javahome + tools.jar\nCode lookup path javahome tools.jar\n \n at com.taobao.arthas.boot.ProcessUtils.findToolsJar (ProcessUtils.java:321)\n at com.taobao.arthas.boot.ProcessUtils.startArthasCore (ProcessUtils.java:203)\n at com.taobao.arthas.boot.Bootstrap.main (Bootstrap.java:411)\n \n",
    "summary_bilingual_indexes": [
      0
    ],
    "description_bilingual_indexes": [
      0,
      1,
      2,
      3,
      4,
      5,
      6,
      7,
      8,
      9,
      10
    ]
  },
  "386": {
    "summary": "arthas version mirror use --build-arg",
    "description": "default 3.0.5\n \ndocker build --build-arg ARTHAS_VERSION=3.0.3 . -t \n ",
    "summary_bilingual_indexes": [],
    "description_bilingual_indexes": []
  },
  "388": {
    "summary": "Create Dockerfile-No-Jdk",
    "description": "ref doc docker.html\nIn this scenario\nbase on openjdk:8-alpine, the image size 110MB\n \ndocker build --build-arg MIRROR=true . -t arthas:jdk\n \nbase on alpine only 15MB\n \ndocker build -f Dockerfile-No-Jdk --build-arg MIRROR=true . -t arthas:no-jdk\n \n [image]/15098916/50277928-bcb7d500-0480-11e9-93f3-5280471a42b3.png\n",
    "summary_bilingual_indexes": [],
    "description_bilingual_indexes": []
  },
  "389": {
    "summary": "Change docker hub repository url.",
    "description": "The previous link needs to be accessed by logging in to docker hub and modified to be accessible without logging in.",
    "summary_bilingual_indexes": [],
    "description_bilingual_indexes": [
      0
    ]
  },
  "407": {
    "summary": "Use uppercase L to declare variables",
    "description": "Long or Long initial assignment must use uppercase L, not lowercase l, lowercase is easy to be confused with the number 1, resulting in misunderstanding.\n",
    "summary_bilingual_indexes": [],
    "description_bilingual_indexes": [
      0
    ]
  },
  "412": {
    "summary": "Thread-n 1 grep main (in the document introduction, this sentence is not as expected.",
    "description": "thread -n 1 grep main ( \nWhat do you mean by \"medium\"\n [image]/18010792/50505297-cb6c4080-0aad-11e9-9f57-e78fbed2103d.png\n[documentation] / arthas/quick-start.html\n",
    "summary_bilingual_indexes": [
      0
    ],
    "description_bilingual_indexes": [
      1,
      3
    ]
  },
  "424": {
    "summary": "add known user",
    "description": "add known user tashequ",
    "summary_bilingual_indexes": [],
    "description_bilingual_indexes": []
  },
  "438": {
    "summary": "add 2dfire user",
    "description": "add 2dfire user",
    "summary_bilingual_indexes": [],
    "description_bilingual_indexes": []
  }
}