{
  "1": {
    "summary": "Master, would you consider splitting the source code files?",
    "description": "Reading a document is so tiring...\n",
    "summary_bilingual_indexes": [
      0
    ],
    "description_bilingual_indexes": [
      0
    ]
  },
  "9": {
    "summary": "It seems that br will output repeatedly",
    "description": " js\nvar HelloWorld = Component.defineComponent ({ \n template: div ,\n initData: function () {\n return {\n name: hello world \n } \n }\n}) \nvar foo = new HelloWorld () \nfoo.attach (document.body) \n \n [image]/assets/104052/22020887/77d9846a-dcf5-11e6-98ab-bfdd6c7e8915.png\n",
    "summary_bilingual_indexes": [
      0
    ],
    "description_bilingual_indexes": []
  },
  "10": {
    "summary": "It seems that sometimes Element.bindEvents is called repeatedly",
    "description": "Element.prototype._created and Element.prototype.attach both have logic for calling bindEvents.",
    "summary_bilingual_indexes": [
      0
    ],
    "description_bilingual_indexes": [
      0
    ]
  },
  "11": {
    "summary": "In the value bind handler of select, input.attr returns undefined.",
    "description": " [image]/assets/104052/22615247/d774c8ec-eacb-11e6-9df2-94ef188c103c.png\n",
    "summary_bilingual_indexes": [
      0
    ],
    "description_bilingual_indexes": []
  },
  "12": {
    "summary": "new Tag",
    "description": "- fix #9 Add self-closing tag list\n- Add svg support\n- Fixed a test issue",
    "summary_bilingual_indexes": [],
    "description_bilingual_indexes": [
      0,
      1,
      2
    ]
  },
  "13": {
    "summary": "example/todos-amd cannot run, san-router does not contain the compiled dist",
    "description": "RT",
    "summary_bilingual_indexes": [
      0
    ],
    "description_bilingual_indexes": []
  },
  "15": {
    "summary": "property addEventListener : object is null or undefined",
    "description": "Reproduction steps\n1. Download san’s git directory\n2. Try to run san’s slot example in 360’s IE compatibility mode, the mode is IE8, as shown below\n [image]/assets/6822604/23286803/ee0fd750-fa74-11e6-9815-1ece1a20782b.png\n",
    "summary_bilingual_indexes": [],
    "description_bilingual_indexes": [
      0,
      1,
      2
    ]
  },
  "16": {
    "summary": "View update error caused by multiple sets",
    "description": "san version\n3.0.3-rc.6\ndescribe\ntemplate\n \n span class= page-num san-if= current - 2 totalPage {{ current - 2 span \n span class= page-num san-if= current - 1 totalPage {{ current - 1 span \n span class= page-num san-if= current totalPage {{ current span \n button button \n \ninitial value\n \n{\n totalPage: 5,\n current: 5\n}\n \nevent handling\n js\n{\n changeVal () {\n this.data.set ( current , 19) \n this.data.set ( totalPage , 19) \n }\n}\n \noperate\nclick button\nWrong result\nnull\nLooking forward to the results\n \n span 17 /span span 18 /span \n \nidentify the problem\nIn the first set, two dispose child tasks are generated to remove the 1st and 2nd spans.\nThe second set generates two update child tasks to update the 1st and 2nd spans.\nThe root cause is that tasks are executed asynchronously, and the view is inconsistent with the model before the tasks are completed. Both sets made a diff to the view in the basic state. The second set should calculate the diff based on the view after the previous set.\nsolution\nIf the full amount of diff is done synchronously every set, just clear the task queue.\n",
    "summary_bilingual_indexes": [
      0
    ],
    "description_bilingual_indexes": [
      0,
      2,
      3,
      10,
      17,
      26,
      27,
      28,
      29,
      30,
      34,
      35,
      36,
      37,
      38,
      39
    ]
  },
  "18": {
    "summary": "Subcomponent data updates with finer granularity",
    "description": " javascript\n san.defineComponent ({\n components: {\n ui-user : UserInfo\n },\n template: div ui-user div \n }) \n \nWhen data.set (md.user.name), update the info.name of the data item inside the user component, do not fill in the entire info",
    "summary_bilingual_indexes": [
      0
    ],
    "description_bilingual_indexes": [
      8
    ]
  },
  "19": {
    "summary": "When the array item contains a data reference to the array itself and the array operation causes the array to change, the view of the existing array item will not be refreshed.",
    "description": " \n a title= {{1 + list.length}} san-for= item in a \n \n \ninitData: function () {\n return {\n list: [1,2],\nthis.data.push ( list , 3)\n \n",
    "summary_bilingual_indexes": [
      0
    ],
    "description_bilingual_indexes": []
  },
  "24": {
    "summary": "The problem that the multiple attribute assignment in input [type=file] cannot be parsed correctly",
    "description": "Problems encountered when implementing a file upload component\nIn file input, when controlling file single selection and multiple selection through a boolean value, it cannot be parsed correctly. code show as below\n [image]/assets/8756716/24289517/9ef61fe0-10bc-11e7-93e6-24055f1d125a.png\n",
    "summary_bilingual_indexes": [
      0
    ],
    "description_bilingual_indexes": [
      0,
      1
    ]
  },
  "25": {
    "summary": "support ime composition",
    "description": "fix #6 ",
    "summary_bilingual_indexes": [],
    "description_bilingual_indexes": []
  },
  "26": {
    "summary": "fix param error",
    "description": "Error in modifying parameters",
    "summary_bilingual_indexes": [],
    "description_bilingual_indexes": [
      0
    ]
  },
  "28": {
    "summary": "fix typo error",
    "description": "A problem often encountered by novices, but the spelling is wrong",
    "summary_bilingual_indexes": [],
    "description_bilingual_indexes": [
      0
    ]
  },
  "30": {
    "summary": "When a component has a parent-child relationship, the created life cycle does not meet expectations.",
    "description": "environment\n- Library version 3.0.3\n- Browser version Chrome 58\n- System version macOS Sierra 10.12.4\ndescribe\nWhen a component has a parent-child relationship, the created hook function of the parent component is executed twice, and the created hook function of the child component obtains the el attribute of the instance as undefined. The parent and child components behave inconsistently in the same life cycle.\nCase\nOnline demo\n/Dafrok/pen/oWEZYE\nBusiness logic\nCreate two components with a parent-child relationship and mount them. The el attribute of the current instance is output to the console during the create cycle.\nexpected output\n \nparent el: div div ​\nchildren el: div div ​\n \nactual output\n \nparent el: div div ​\nchildren el: undefined\nparent el: div div ​\n ",
    "summary_bilingual_indexes": [
      0
    ],
    "description_bilingual_indexes": [
      0,
      1,
      2,
      3,
      4,
      5,
      6,
      7,
      9,
      10,
      11,
      16
    ]
  },
  "32": {
    "summary": "Anonymous Boolean type variables are used as variable names in properties, instructions, and event parameters.",
    "description": "Reproducible use cases\n[Codepen]/Dafrok/pen/XRBGwB\nexpected output\n- Boolean Prop: true\n- Named Variable Prop: false\n- Number Prop: 666\n \ntrue - log (true)\nfalse - log (false)\n \nactual output\n- Boolean Prop:\n- Named Variable Prop: It s a variable named false \n- Number Prop: 666\nYou can never see me if san-if= true .\nYou can see me although san-if= false .\n \nundefined - log (true)\nIt s a variable named false - log (false)\n \nAdditional information\nThere is no point in using anonymous variables in san-if directives, they are just used to enumerate a situation.\nSource code\n javascript\nconst Children = san.defineComponent ({\n template: ul \n li Boolean Prop: li \n li Named Variable Prop: li \n li Number Prop: li \n ul \n})\nconst Parent = san.defineComponent ({\n components: {\n child-comp : Children\n },\n template: div \n child-comp\n booleanProp= {{true}} \n namedVariableProp= {{false}} \n numberProp= {{666}} \n child-comp \n p san-if= true You can never see me if p \n p san-if= false You can see me although p \n button button \n button button \n div ,\n initData () {\n return {\n false: It s a variable named false \n }\n },\n log (msg) {\n console.log (msg)\n }\n})\nconst comp = new Parent ()\ncomp.attach (document.body)\n ",
    "summary_bilingual_indexes": [
      0
    ],
    "description_bilingual_indexes": [
      0,
      2,
      10,
      20,
      21,
      22
    ]
  },
  "34": {
    "summary": "The options traversed cannot be selected correctly.",
    "description": "environment\n- Chrome \n- san .1.0\nReproducible use cases\n/Dafrok/pen/OmrqgZ\nexpected output\nThe select element value is bar\nactual output\nThe select element value is foo",
    "summary_bilingual_indexes": [
      0
    ],
    "description_bilingual_indexes": [
      0,
      3,
      5,
      6,
      7,
      8
    ]
  },
  "36": {
    "summary": "Data cannot be synchronized when two-way binding uses square brackets to declare properties.",
    "description": "environment\n- Chrome \n- san .1.0-alpha.1\nReproducible use cases\n/Dafrok/pen/LyqdxG\nexpected output\nWhen any input value is changed, the remaining tags will be synchronized to the current value.\n \nactual output\nWhen the input value marked in red is changed, the remaining tags are not synchronized, and the model layer does not change.",
    "summary_bilingual_indexes": [
      0
    ],
    "description_bilingual_indexes": [
      0,
      3,
      5,
      6,
      8,
      9
    ]
  },
  "38": {
    "summary": "Provides support for dynamic draggable properties",
    "description": "question\nAfter binding the draggable attribute, change the value of the model. You can observe that the draggable attribute no longer changes after it becomes true.\nReproducible use cases\n/Dafrok/pen/ZKgZmm",
    "summary_bilingual_indexes": [
      0
    ],
    "description_bilingual_indexes": [
      0,
      1,
      2
    ]
  },
  "39": {
    "summary": "The selected state of the checkbox cannot be reset when the data item bound to the checkbox is set to an empty array.",
    "description": "",
    "summary_bilingual_indexes": [
      0
    ],
    "description_bilingual_indexes": []
  },
  "40": {
    "summary": "About dataType support",
    "description": "After discussion, it is determined\n1. Only validate, no type conversion is done first\n2. Supported by dev version, ignored by release version\nThen there is the form\n json schema\nIt&#39;s too big, and it can only support types defined by json. I haven&#39;t read the spec carefully, so I don&#39;t know how it supports commonly used composite types like date.\n react propType\n/facebook/prop-types\nIn addition to supporting basic types, this method also\n- Support required\n- Support multiple types\n- Support enumeration\n- Support range in disguise\n- Support deep hierarchical structure\n- It is quite annoying to write. For example, to define an array in which each item contains id and age, it seems that PropTypes.arrayOf (PropTypes.shape ({id, age})) is required\nSimilar to vue, close to JS\n js\ndataType= {\n name: String,\n age: Number,\n addr: {\n provider: String,\n city: String\n }\n}\n \nThis method, in addition to supporting basic types, can support deep-level structures at most, but many value-related ones cannot be done. Of course, support functions can be opened to customize verification rules. If there are built-in validation rules, there is no difference from react propType.\nLet’s discuss\nWhich one do you two think is better?\n",
    "summary_bilingual_indexes": [
      0
    ],
    "description_bilingual_indexes": [
      0,
      1,
      2,
      3,
      5,
      8,
      9,
      10,
      11,
      12,
      13,
      14,
      15,
      26,
      27,
      28
    ]
  },
  "41": {
    "summary": "Data two-way binding problem",
    "description": " js\nvar Foo = san.defineComponent ({\n template: \n + template \n + div san-for= item in items \n + div class= row \n + label {{item.label}} - label \n + div class= boxes \n + span san-for= box in item.datasource \n + input type= checkbox value= {{box.value}} {{box.title}} \n + span \n + div end of boxes\n + div end of row\n + div \n + template ,\n \n filters: {\n join (value) {\n return value.join ( , )\n } \n },\n \n initData () {\n return {\n items: [\n {\n label: A ,\n datasource: [\n {\n title: foo ,\n value: foo \n },\n {\n title: bar ,\n value: bar \n }\n ],\n values: [ foo ]\n },\n {\n label: B ,\n datasource: [\n {\n title: foo ,\n value: foo \n },\n {\n title: bar ,\n value: bar \n }\n ],\n values: [ bar , foo ]\n }\n ]\n }\n }\n}) \nvar foo = new Foo () \nfoo.attach (document.body) \n \nDid I use this place checked= {=item.values=} wrong?",
    "summary_bilingual_indexes": [
      0
    ],
    "description_bilingual_indexes": [
      60
    ]
  },
  "42": {
    "summary": "Add DataTypes functionality",
    "description": "See #40 for details",
    "summary_bilingual_indexes": [
      0
    ],
    "description_bilingual_indexes": [
      0
    ]
  },
  "43": {
    "summary": "After the Data changes, the view is not updated",
    "description": " \n var Issue = san.defineComponent ({\n template: template \n }) \n var Foo = san.defineComponent ({\n components: {\n x-issue : Issue\n },\n template: \n + template \n + div san-for= item, index in items \n + div class= row \n + label \n + x-issue \n + button button \n + table border= 1px tr san-for= o in table \n + x-issue end of x-issue\n + div end of row\n + div \n + template ,\n addText (index) {\n this.data.push ( items[ + index + ].datasource , {label: Date.now ()}) \n },\n initData () {\n return {\n items: [\n {\n label: A ,\n datasource: []\n }\n ]\n }\n }\n }) \n var foo = new Foo () \n foo.attach (document.body) \n \nIf you replace x-issue with div, there will be no problem, so it&#39;s a bit strange.",
    "summary_bilingual_indexes": [
      0
    ],
    "description_bilingual_indexes": [
      37
    ]
  },
  "44": {
    "summary": "There seems to be something wrong with the judgment logic of san-if",
    "description": " \n var Foo = san.defineComponent ({\n template: \n + template \n + input type= text value= {=value=} \n + div san-if= {{isFoo}} is div \n + div san-if= {{ isFoo}} is not div \n + template ,\n computed: {\n isFoo () {\n const value = this.data.get ( value ) \n return value foo \n }\n },\n initData () {\n return {\n value: oo \n }\n }\n }) \n var foo = new Foo () \n foo.attach (document.body) \n \nIf you change div san-if= {{ isFoo}} is not div to div san-else is not div, then it is as expected.\nOr change it to div san-if= {{value == foo }} is not div which is also in line with expectations.",
    "summary_bilingual_indexes": [
      0
    ],
    "description_bilingual_indexes": [
      23,
      24
    ]
  },
  "45": {
    "summary": "The binding of dynamic multi-level expressions does not take effect",
    "description": " \n it ( dynamic expr long path , function (done) {\n var wrap = document.createElement ( div ) \n document.body.appendChild (wrap) \n var MyComponent = san.defineComponent ({\n template: \n + div \n + div san-for= item, index in config \n + div \n + div san-for= child, ci in item.children \n + {{index}} - {{ci}} : input \n + div \n + div \n + div ,\n initData: function () {\n return {\n result: {},\n config: [\n {\n name: erik ,\n children: [\n {\n name: erik-child-0 \n },\n {\n name: erik-child-1 \n }\n ]\n }\n ]\n }\n },\n attached: function () {\n var input = wrap.getElementsByTagName ( input )[0] \n triggerEvent ( # + input.id, input , 666 ) \n setTimeout (this.doneSpec.bind (this), 600) \n },\n doneSpec: function () {\n var result = this.data.get ( result ) \n expect (result.erik).toBe ( 666 ) \n this.dispose () \n document.body.removeChild (wrap) \n done () \n },\n }) \n var myComponent = new MyComponent () \n myComponent.attach (wrap) \n }) \n ",
    "summary_bilingual_indexes": [
      0
    ],
    "description_bilingual_indexes": []
  },
  "47": {
    "summary": "After the data is updated, the View does not change",
    "description": " \n var Block = san.defineComponent ({\n template: template div template \n }) \n var Foo = san.defineComponent ({\n components: {\n x-block : Block\n },\n template: \n + template \n + x-block x-block \n + x-block x-block \n + template ,\n initData () {\n return {\n f: false,\n foo: foo ,\n bar: bar \n }\n }\n }) \n var foo = new Foo () \n foo.attach (document.body) \n \nAfter the page is opened, if foo.data.set (bar, 123) is executed in the console, the page should be updated, but it is not.",
    "summary_bilingual_indexes": [
      0
    ],
    "description_bilingual_indexes": [
      24
    ]
  },
  "50": {
    "summary": "After using Slot, Data and View are out of sync.",
    "description": " \nvar BoxGroup = san.defineComponent ({\n template: template div class= box-group \n + div san-for= item in datasource \n + label input type= checkbox value= {{item.value}} checked= {=value=} label \n + div \n + template ,\n initData: function () {\n return {\n datasource: [],\n value: []\n } \n }\n}) \nvar Issue = san.defineComponent ({\n template: div \n}) \nvar App = san.defineComponent ({\n components: {\n ui-boxgroup : BoxGroup,\n x-issue : Issue\n },\n template: template \n + button \n + x-issue san-for= p in groups \n + div value: div \n + ui-boxgroup datasource= {{p.datasource}} value= {=p.value=} \n + x-issue \n + template ,\n initData: function () {\n return {\n groups: [\n {\n datasource: [\n {text: foo , value: foo },\n {text: bar , value: bar }\n ],\n value: []\n },\n {\n datasource: [\n {text: abc , value: abc },\n {text: 123 , value: 123 }\n ],\n value: []\n }\n ]\n }\n },\n onClick: function () {\n this.data.set ( groups[0].value , []) \n this.data.set ( groups[1].value , []) \n }\n}) \nvar app = new App () \napp.attach (document.body)\n \nIf you replace x-issue with div, everything will be normal.",
    "summary_bilingual_indexes": [
      0
    ],
    "description_bilingual_indexes": [
      57
    ]
  },
  "51": {
    "summary": "san life cycle issues",
    "description": "Recently when using san, I discovered that the created method of san&#39;s component will be called twice.\nSo I cloned the latest version of san and used todos_esnext in the example to verify in list.san. I also found that the order of created executing the life cycle twice was normal.\nThe following is what the console prints\n \nList.san 7f39:67 compiled\nList.san 7f39:63 inited\nList.san 7f39:59 created\nList.san 7f39:59 created\nList.san 7f39:55 attached\n ",
    "summary_bilingual_indexes": [
      0
    ],
    "description_bilingual_indexes": [
      0,
      1,
      2
    ]
  },
  "56": {
    "summary": "Fixed the problem of data types check performing verification without data binding",
    "description": "",
    "summary_bilingual_indexes": [
      0
    ],
    "description_bilingual_indexes": []
  },
  "57": {
    "summary": "camel-component-binds.js adds dependencies to the IndexedList module",
    "description": "",
    "summary_bilingual_indexes": [
      0
    ],
    "description_bilingual_indexes": []
  },
  "58": {
    "summary": "[bug] Display problems caused by dispatch-messages modifying parent component data",
    "description": "Version san .1.3\nDescription Since san&#39;s Element initializes the subcomponent during the genHTML process, the data of the parent component can be modified through dispatch after the initial completion of the subcomponent. This leads to data inconsistency in the entire process, which is manifested in the fact that the DOM before the subcomponent in the template is rendered using the data before dispatch, while the DOM after the subcomponent is rendered as new data.\n[Reproducible demo QgJeKQ",
    "summary_bilingual_indexes": [
      0
    ],
    "description_bilingual_indexes": [
      0,
      1,
      2
    ]
  },
  "59": {
    "summary": "Stumping the script tag will affect the CSS selector. It is recommended to use the comment tag instead.",
    "description": "describe\nsan In some scenarios, the s-if s-for instruction is usually used to insert a script tag placeholder in the first node or the last node of the parent node, causing the CSS selector to misjudge.\nReproducible use cases\nenter\n Stylus\n stylus\nul\n li\n color green\n li:first-child\n color blue\n li:last-child\n color red\n \n JavaScript\n es\nconst App = san.defineComponent ({\n template: ul \n li s-for= item in li \n ul ,\n initData () {\n return {\n list: [1, 2, 3]\n }\n }\n})\nconst app = new App ()\napp.attach (document.body)\n \nexpected output\n html\n ul \nli -- blue --\nli -- green --\nli -- red --\n /ul \n \nactual output\n html\n ul \nli -- blue --\nli -- green --\nli -- green --\n script script \n /ul \n \nOnline demo\n/Dafrok/pen/LLQexv\nsuggestion\nUse special comment tags instead of script tags as placeholders.",
    "summary_bilingual_indexes": [
      0
    ],
    "description_bilingual_indexes": [
      0,
      1,
      2,
      3,
      29,
      32,
      33,
      34,
      37,
      40,
      41,
      42,
      46,
      48,
      49
    ]
  },
  "62": {
    "summary": "Several questions about IE9",
    "description": "Version 3.1.3\n [image]/104052/28259499-1e372f28-6b09-11e7-98c4-44f0c1c81783.png\n \n [image]/104052/28259512-37aa3054-6b09-11e7-96e5-14c2c1eb0e64.png\n",
    "summary_bilingual_indexes": [
      0
    ],
    "description_bilingual_indexes": [
      0
    ]
  },
  "69": {
    "summary": "Questions about form-select",
    "description": "At first I thought there was something wrong with the document writing, but later I found out that it was not the case. It is indeed possible to use {==} in select to achieve two-way binding.\nBut there are still some problems when writing code\n \nvar MyApp = san.defineComponent ({\n template: \n select value= {=online=} \n option option \n option option \n option option \n select \n \n }) \n var myApp = new MyApp () \n myApp.attach (document.body) \n \nWriting this way will result in an error\n \nsan.dev.js:2627 Uncaught TypeError: Cannot read property get of undefined\n at evalExpr (san.dev.js:2627)\n at ComponentClass.Node.evalExpr (san.dev.js:3381)\n at Object.attr (san.dev.js:3710)\n at san.dev.js:3877\n at each (san.dev.js:174)\n at IndexedList.each (san.dev.js:587)\n at genElementStartHTML (san.dev.js:3869)\n at Element.genHTML (san.dev.js:4249)\n at san.dev.js:3949\n at each (san.dev.js:174)\n \nHowever, if you select bind-value= online or put a layer of root elements such as div outside the select, the result is normal.\nNot sure why, please give me some advice...\n",
    "summary_bilingual_indexes": [
      0
    ],
    "description_bilingual_indexes": [
      0,
      1,
      15,
      29,
      30
    ]
  },
  "70": {
    "summary": "The san object cannot be mounted normally on window.__SAN_DEVTOOL__",
    "description": "When using webpack, the formal parameter root is {}, so the detection of devtool fails and related messages cannot be sent.\n img width= 794 alt= 90cbce75818be28a601c74542 28987151-af22a264-799c-11e7-9504-39dbbb3e4424.png \n",
    "summary_bilingual_indexes": [
      0
    ],
    "description_bilingual_indexes": [
      0
    ]
  },
  "71": {
    "summary": "todos-esnext cannot run in IE browser",
    "description": "/ecomfe/san/tree/master/example/todos-esnext cannot run in IE browser\nhint\nSCRIPT5009: &#39;Symbol&#39; is not defined",
    "summary_bilingual_indexes": [
      0
    ],
    "description_bilingual_indexes": [
      0,
      1,
      2
    ]
  },
  "72": {
    "summary": "this in the gen-element-childs-html.js file is undefined",
    "description": " [image]/3760804/29023700-73ac27a8-7ba1-11e7-9807-b09070235e2b.png\n",
    "summary_bilingual_indexes": [
      0
    ],
    "description_bilingual_indexes": []
  },
  "75": {
    "summary": "When the two-way binding component is used as the outermost component, the two-way binding fails.",
    "description": "In the following code, the online attribute cannot be bound in both directions.\n \n DOCTYPE html \n html lang= en \n head \n meta charset= UTF-8 \n title min san title \n meta http-equiv= X-UA-Compatible content= IE=Edge \n meta name= viewport content= width=device-width, initial-scale=1 \n /head \n body \n script script \n script \n var MyApp = san.defineComponent ({\n template: \n input type= text value= {=online=} \n ,\n initData () {\n return {\n online: errorrik ,\n test: \n } \n },\n computed: {\n test () {\n console.log (this.data.get ( online )) \n return this.data.get ( online ) \n }\n }\n }) \n var myApp = new MyApp () \n myApp.attach (document.body) \n script \n /body \n /html \n \nThe following code can implement binding\n \n DOCTYPE html \n html lang= en \n head \n meta charset= UTF-8 \n title min san title \n meta http-equiv= X-UA-Compatible content= IE=Edge \n meta name= viewport content= width=device-width, initial-scale=1 \n /head \n body \n script script \n script \n var MyApp = san.defineComponent ({\n template: \n div \n input type= text div \n ,\n initData () {\n return {\n online: errorrik ,\n test: \n } \n },\n computed: {\n test () {\n console.log (this.data.get ( online )) \n return this.data.get ( online ) \n }\n }\n }) \n var myApp = new MyApp () \n myApp.attach (document.body) \n script \n /body \n /html \n \nThe select component also has the same problem",
    "summary_bilingual_indexes": [
      0
    ],
    "description_bilingual_indexes": [
      0,
      36,
      73
    ]
  },
  "77": {
    "summary": "Solve the problem of an error being reported in IE after uglifying the class for reserved word as a key name",
    "description": "Since uglify does not set the screw_ie8 option, the quotation marks of the object key names in the files compressed by uglify after the build are removed, causing objects using reserved words such as class for as key names to throw errors in IE6-8.",
    "summary_bilingual_indexes": [
      0
    ],
    "description_bilingual_indexes": [
      0
    ]
  },
  "79": {
    "summary": "The position of the DOM node generated under IE8 may be incorrect.",
    "description": " [image]/104052/29519424-0567a49c-86b0-11e7-960f-f0ac51490488.png\nBut in the source code, the actual position is at the first\n [image]/104052/29519463-250abcd0-86b0-11e7-909e-5b7e95b910e0.png\n",
    "summary_bilingual_indexes": [
      0
    ],
    "description_bilingual_indexes": [
      1
    ]
  },
  "81": {
    "summary": "Add missing screw_ie8 options",
    "description": "With the previous configuration, the generated *.min.js cannot run under IE8. for, class, x.else these situations are not handled",
    "summary_bilingual_indexes": [],
    "description_bilingual_indexes": [
      0
    ]
  },
  "82": {
    "summary": "Improve the friendliness of the defineComponet method, avoid repeated definitions, and throw errors when using exceptions",
    "description": "In the project, based on business considerations such as single component size, we tried to separate san&#39;s component development and runtime environment. In this case, when the san wrapper is called recursively, there is a risk of repeated definitions because there is no checking logic inside san&#39;s defineComponent. This pull request adds the internal verification logic of the wrapper and throws errors in abnormal usage situations to facilitate framework users to locate problems.",
    "summary_bilingual_indexes": [
      0
    ],
    "description_bilingual_indexes": [
      0
    ]
  },
  "83": {
    "summary": "Add s-elif directive",
    "description": "Imagine\n html\n div div \n div div \n div div \n \nWhen isA is TRUE, both A and C will be printed. If the result is as expected, is it necessary to add an *s-else-if*?",
    "summary_bilingual_indexes": [
      0
    ],
    "description_bilingual_indexes": [
      0,
      6
    ]
  },
  "84": {
    "summary": "Operating data in the inited hook function, such as calling the set method or push method, will trigger two data changes.",
    "description": "When calling this.data.set method or this.data.push in inited, it will cause two data changes. These two data changes will trigger changes in the view, causing the view update to not meet expectations. Recurrence address [codepen address]/asd123freedom/pen/brZvMg",
    "summary_bilingual_indexes": [
      0
    ],
    "description_bilingual_indexes": [
      0
    ]
  },
  "86": {
    "summary": "When s-if is used in conjunction with svg, svg loses the viewBox attribute when the value of s-if changes.",
    "description": "[codepen address]/asd123freedom/pen/mBJMPM",
    "summary_bilingual_indexes": [
      0
    ],
    "description_bilingual_indexes": [
      0
    ]
  },
  "87": {
    "summary": "Expressions within {{}} do not support modulo operations during calculation.",
    "description": "",
    "summary_bilingual_indexes": [
      0
    ],
    "description_bilingual_indexes": []
  },
  "88": {
    "summary": "Fix #86",
    "description": "",
    "summary_bilingual_indexes": [],
    "description_bilingual_indexes": []
  },
  "90": {
    "summary": "s-if cannot be used with events such as on-click, nor can it be used with slots",
    "description": "RT",
    "summary_bilingual_indexes": [
      0
    ],
    "description_bilingual_indexes": []
  },
  "91": {
    "summary": "The detached hook function of the 3.2.4 version component will be called twice",
    "description": "Reproduction environment [codepen address]/asd123freedom/pen/eGvRYL, you can see in the console that the detached hook function will be called twice",
    "summary_bilingual_indexes": [
      0
    ],
    "description_bilingual_indexes": [
      0
    ]
  },
  "92": {
    "summary": "The checked attribute of input[type=checkbox] is awkward to use.",
    "description": "For example, when I write html, I can directly achieve the checked effect.\n html\n input type= checkbox checked \n \nBut when encapsulating a component, the checked attribute must be synchronized with a certain attribute. Write directly\n js\nvar App = san.defineComponent ({\n template: div input type= checkbox checked div \n}) \nvar app = new App () \napp.attach (document.body)\n \nis ineffective",
    "summary_bilingual_indexes": [
      0
    ],
    "description_bilingual_indexes": [
      0,
      4,
      12
    ]
  },
  "94": {
    "summary": "In s-for, if slot is used, how to get the elements of each cycle in owner [request scoped slot]",
    "description": "For example, it will work if you write it like this\n js\nvar List = san.defineComponent ({\n template: \n + div \n + ul \n + li s-for= item in li \n + ul \n + div \n}) \nvar l = new List ({data: {\n datasource: [\n {text: a },\n {text: b },\n {text: c },\n ]\n}}) \nl.attach (document.body) \n \nBut if you want to make the List more versatile, change {{item.text}} to, then when using it, you want to be able to customize the content of the slot, but it doesn&#39;t seem to work.\n js\nvar List2 = san.defineComponent ({\n template: \n + div \n + ul \n + li s-for= item in li \n + ul \n + div \n}) \nvar App = san.defineComponent ({\n template: \n + template \n + x-list datasource= {{datasource}} \n + {{item.text}} \n + x-list \n + template ,\n components: {\n x-list : List2\n }\n}) \nvar app = new App ({data: {\n datasource: [\n {text: a },\n {text: b },\n {text: c },\n ]\n}}) \napp.attach (document.body) \n ",
    "summary_bilingual_indexes": [
      0
    ],
    "description_bilingual_indexes": [
      0,
      19
    ]
  },
  "96": {
    "summary": "Open the Element.prototype.on interface",
    "description": "Now it seems that elementAddElEvent has become private. Before, there was _onEl. Sometimes you may want to bind some events to DOM nodes, but you don’t want to manage the unbinding logic yourself. I hope you can do it when dispose. Disposed of automatically.",
    "summary_bilingual_indexes": [
      0
    ],
    "description_bilingual_indexes": [
      0
    ]
  },
  "97": {
    "summary": "The checked status of the checkbox in s-for is sometimes inconsistent with the data status.",
    "description": "Latest master edit\nAfter entering bar in the input, the filteredDatasource changes. It is expected that bar will always be selected, but it is not actually the case.",
    "summary_bilingual_indexes": [
      0
    ],
    "description_bilingual_indexes": [
      0,
      1
    ]
  },
  "98": {
    "summary": "When parsing the template, whether to remove the whitespace-only text between elements by default",
    "description": "Just vote",
    "summary_bilingual_indexes": [
      0
    ],
    "description_bilingual_indexes": [
      0
    ]
  },
  "99": {
    "summary": "this.dynamicProps in elementOwnUpdate may not exist",
    "description": "Causes this.dynamicProps.each (function (prop) { to report an error",
    "summary_bilingual_indexes": [
      0
    ],
    "description_bilingual_indexes": [
      0
    ]
  },
  "100": {
    "summary": "The checked status of the checkbox is occasionally out of sync",
    "description": "input type= checkbox checked= {=checked=} When checked is true false, if you manually change the status of the checkbox, the data will not change.",
    "summary_bilingual_indexes": [
      0
    ],
    "description_bilingual_indexes": [
      0
    ]
  },
  "101": {
    "summary": "san .2.6 Data change view has no change",
    "description": " sm-tr san-for= item in list.arr \n sm-td \n sm-td \nAfter the list is changed, the non-item item {{list.a}} has no change.",
    "summary_bilingual_indexes": [
      0
    ],
    "description_bilingual_indexes": [
      3
    ]
  },
  "102": {
    "summary": "After the data changes, the attributes are not updated",
    "description": " js\nvar App = san.defineComponent ({\n template: template \n + button on-click= onClick Click button \n + div div \n + template ,\n initData: function () {\n return {\n ariaLabel: HELLO \n }\n },\n attached: function () {\n console.log (this.el.innerHTML)\n },\n onClick: function () {\n this.data.set ( ariaLabel , WORLD ) \n console.log (this.el.innerHTML)\n }\n})\nvar app = new App () \napp.attach (document.body) \n \nAfter executing this.data.set (ariaLabel), it was expected that the aria-label attribute of the DIV would change, but it did not.",
    "summary_bilingual_indexes": [
      0
    ],
    "description_bilingual_indexes": [
      22
    ]
  },
  "105": {
    "summary": "Is it possible to add dom native events to custom elements?",
    "description": "vue is supported using the .native modifier. If it can be supported, it will be more flexible when using components from the component library, without relying on which events are exposed inside the component.",
    "summary_bilingual_indexes": [
      0
    ],
    "description_bilingual_indexes": [
      0
    ]
  },
  "108": {
    "summary": "f (data) == view issue",
    "description": " js\nvar MyApp = san.defineComponent ({\n template: \n + dl \n + dt \n + dd san-for= item, index in items {{index + 1}}. dd \n + dl ,\n initData: function () {\n return {\n } \n },\n attached: function () {\n this.data.set ( items , [ q ]) \n this.data.splice ( items , [1, 0, a ]) \n this.data.push ( items , a )\n }\n}) \nvar myApp = new MyApp () \nmyApp.attach (document.body) \n ",
    "summary_bilingual_indexes": [],
    "description_bilingual_indexes": []
  },
  "109": {
    "summary": "fix #108",
    "description": "The splice operation is ignored when both set and splice are performed in the same tick.",
    "summary_bilingual_indexes": [],
    "description_bilingual_indexes": [
      0
    ]
  },
  "112": {
    "summary": "How to get whether content is inserted into the slot at runtime and what is inserted",
    "description": " \n div slot default div \n \nThere is a requirement that when content is inserted into the slot, the border is a solid line. When the content is default content, the border is a dotted line.\nThis kind of external judgment based on runtime scenarios is still not easy to achieve.\nWe may need some ways to judge",
    "summary_bilingual_indexes": [
      0
    ],
    "description_bilingual_indexes": [
      3,
      4,
      5
    ]
  },
  "114": {
    "summary": "[Feature request] Component custom events provide default event parameters",
    "description": "status quo\nIn component custom event\n \nvar MyComponent = san.defineComponent ({\n components: {\n ui-label : Label\n },\n template: div ui-label bind-text= name div ,\n labelDone: function (doneMsg) {\n alert (doneMsg) \n }\n}) \n \nIf you want to get the doneMsg parameter in the labelDone function, you must explicitly write on-down= labelDown (event) in the template. And it&#39;s not clearly stated in the documentation.\nquestion\nIn most cases, when a custom event is triggered through this.fire, the parameters of the default event handler are the parameters used when the custom event is triggered, so it will be troublesome to write fun (event) in the template every time.\nsuggestion\nProvide default event parameters for custom events, making on-down= labelDown equivalent to on-down= labelDown (event).\nRight now\n \nvar MyComponent = san.defineComponent ({\n components: {\n ui-label : Label\n },\n template: div ui-label bind-text= name div ,\n labelDone: function (doneMsg) {\n doneMsg won t be undefined\n alert (doneMsg) \n }\n}) \n \nIf additional parameters are provided in the template, the existing logic remains unchanged.\nRight now\n \nvar MyComponent = san.defineComponent ({\n components: {\n ui-label : Label\n },\n template: div ui-label bind-text= name div ,\n labelDone: function (doneMsg) {\n doneMsg is foo \n alert (doneMsg) \n }\n}) \n ",
    "summary_bilingual_indexes": [
      0
    ],
    "description_bilingual_indexes": [
      0,
      1,
      13,
      14,
      15,
      16,
      17,
      18,
      31,
      32
    ]
  },
  "115": {
    "summary": "[feature request] transition animation",
    "description": "# Transition animation\nLet’s talk about the needs first\n- [ ] Supports single element and list transition animations\n- [ ] Supports CSS hooks and JS hooks\n- [ ] Supports transition animation and animation animation\n- [ ] Single element transition animation avoids two identical component instances appearing on the view\n- [ ] Support in-out and out-in transitions.html\n- [ ] transitions.html transitions.html \n \nLet’s talk about the pitfalls encountered when implementing animation based on the current version.\n- Transition animations for individual elements\nThe single-element transition animation has been reconstructed twice, and this is currently a crude implementation.\nThe first version is to simply hack out the Component.prototype.attach and Component.prototype.dispose methods, insert and remove CSS hooks at the appropriate times, and destroy the component asynchronously. But this will cause a problem when switching states quickly. Since the dispose process is asynchronous and has no VNode to control, the component that enters later cannot know whether the component that entered first has been destroyed. Therefore, you can observe that there are multiple objects on the view at the same time. Instances of the same component exist, and the experience is very bad.\nThe second version simply hacks away the internal updateView method and hangs the temporary variables needed to execute animation on the owner of the component. This implementation is basically perfect in terms of animation effects. The owner can replace VNode to observe and control whether the components in transition need to be truly mounted or destroyed from a God&#39;s perspective, without generating redundant Elements when quickly switching states. Unfortunately, in actual combat, it was found that the root component does not have an owner. The most intuitive impact is that the transition animations of the components registered on san-router all hang up.\n- Transition animation for lists\nSince san&#39;s update mechanism is to modify innerHTML while keeping existing nodes as unchanged as possible, if you want to achieve smooth list updates, you must hack the existing node update mechanism and achieve this by frequently inserting and deleting nodes. This creates a subtle contradiction between the high performance pursued by san, and it is difficult to guarantee that san will conflict with hack in future iterations, so no more complete solution has been devised so far.",
    "summary_bilingual_indexes": [
      0
    ],
    "description_bilingual_indexes": [
      0,
      1,
      2,
      3,
      4,
      5,
      6,
      9,
      10,
      11,
      12,
      13,
      14,
      15
    ]
  },
  "116": {
    "summary": "There are duplicate dependencies in devDependencies in package.json",
    "description": " img width= 318 alt= 4cf05bbb5242b77c714948b87e4f8436 32090253-194418dc-bab4-11e7-8688-07b89b11d402.png \n",
    "summary_bilingual_indexes": [
      0
    ],
    "description_bilingual_indexes": []
  },
  "117": {
    "summary": "Fix #116: Duplicate dependencies in devDependencies",
    "description": "Fix #116 ",
    "summary_bilingual_indexes": [
      0
    ],
    "description_bilingual_indexes": []
  },
  "122": {
    "summary": "childs - children",
    "description": "Otherwise it would look too awkward",
    "summary_bilingual_indexes": [],
    "description_bilingual_indexes": [
      0
    ]
  },
  "123": {
    "summary": "lifeCycle static",
    "description": "",
    "summary_bilingual_indexes": [
      0
    ],
    "description_bilingual_indexes": []
  },
  "124": {
    "summary": "Remove the parent reference in ANode",
    "description": "There is no way to JSON stringify with circular reference",
    "summary_bilingual_indexes": [
      0
    ],
    "description_bilingual_indexes": [
      0
    ]
  },
  "127": {
    "summary": "[Feature request] Do not render DOM and only bear abstract nodes such as instruction attributes, etc.",
    "description": " js\n slot chou slot \n chou s-for= item in items \n tr \n expend \n /chou \n \nIf we want to realize a requirement like chou, we can only repackage it into a component, but this may bring unwanted dom nodes, so we hope to support an abstract node that does not render dom to better control the view.",
    "summary_bilingual_indexes": [
      0
    ],
    "description_bilingual_indexes": [
      7
    ]
  },
  "130": {
    "summary": "Fix121: Hang the reference of nextTick function to the instance of san component",
    "description": "I just merged 3.3.0-dev locally and found that it seems to be the same as the main trunk. There is no new thing merged. I don’t know if there is any problem.",
    "summary_bilingual_indexes": [
      0
    ],
    "description_bilingual_indexes": [
      0
    ]
  },
  "131": {
    "summary": "When using string property set in the array traversed by for, there is an error.",
    "description": " \nvar MyApp = san.defineComponent ({\n template: h3 p s-for= item in div \n}) \nvar data = {\n list: [ errorrik ]\n} \ndata.list.title = super \nvar myApp = new MyApp ({\n data: data\n}) \nmyApp.attach (document.body) \nmyApp.data.set ( list.title , sb ) \n ",
    "summary_bilingual_indexes": [
      0
    ],
    "description_bilingual_indexes": []
  },
  "137": {
    "summary": "3.3.0 dev",
    "description": "#118 Add a warning when the component’s custom event listening method does not exist",
    "summary_bilingual_indexes": [],
    "description_bilingual_indexes": [
      0
    ]
  },
  "139": {
    "summary": "support default event #114",
    "description": "",
    "summary_bilingual_indexes": [],
    "description_bilingual_indexes": []
  },
  "142": {
    "summary": "update nextTick method",
    "description": "The details of the survey are as follows141\nAt first I wanted to use requestAnimationFrame, but after raising an issue in vue and asking them if they had considered using rAF to implement nextTick, You Yuxi’s answer was that nextTick exists primarily for scheduling rather than deferring work. Therefore I also gave up using rAF. .",
    "summary_bilingual_indexes": [],
    "description_bilingual_indexes": [
      0,
      1
    ]
  },
  "143": {
    "summary": "resolve #128",
    "description": "Add a universal declaration file and take care of ts users for now.\nNote: Since the export of san does not use the CommonJS 2 specification, ts cannot treat the san object as the default export. Therefore, when referenced in ts, it can only be imported * as san from san and cannot be written as import san from san. This may need to be done in noted in the document.",
    "summary_bilingual_indexes": [],
    "description_bilingual_indexes": [
      0,
      1
    ]
  },
  "145": {
    "summary": "feat:native events",
    "description": "#105 ",
    "summary_bilingual_indexes": [],
    "description_bilingual_indexes": []
  },
  "147": {
    "summary": "When ssr uses the s-for instruction for multiple traversals, the first layer of traversals only renders the output of the first traversal.",
    "description": "Reproducible use cases\n js\nconst san = require ( san )\nconst App = san.defineComponent ({\n initData () {\n return {\n cates: [\n foo ,\n bar \n ],\n forms: {\n foo: [1, 2, 3],\n bar: [4, 5, 6]\n }\n }\n },\n template: \n form \n fieldset s-for= cate in cates \n label s-for= item in label \n fieldset \n form \n \n})\nconst result = san.compileToRenderer (App) ()\nconsole.log (result)\n \nexpected output\n html\n form \n fieldset \n label \n label \n label \n fieldset \n fieldset \n label \n label \n label \n fieldset \n /form \n \nactual output\n html\n form \n fieldset \n label \n label \n label \n fieldset \n /form \n \nReplenish\nIf the second level traversal label s-for= item in label is removed, the first level traversal can output twice as expected, so I think this phenomenon is a bug.\n html\n form \n fieldset \n fieldset \n fieldset \n fieldset \n /form \n ",
    "summary_bilingual_indexes": [
      0
    ],
    "description_bilingual_indexes": [
      0,
      27,
      42,
      52,
      53
    ]
  },
  "148": {
    "summary": "san.compileComponent api",
    "description": "Before new Component, provide a way to compile the component in advance",
    "summary_bilingual_indexes": [],
    "description_bilingual_indexes": [
      0
    ]
  },
  "151": {
    "summary": "The content returned by slot () does not seem to be as expected.",
    "description": "Version 3.3.0-beta.1\n \n js\nvar A = san.defineComponent ({\n template: template div template \n}) \nvar B = san.defineComponent ({\n template: template div template ,\n components: {\n x-a : A\n },\n attached: function () {\n var defaultSlot = this.slot () \n console.log (defaultSlot) \n }\n}) \nvar b = new B () \nb.attach (document.body)\n \nIf there is no xa, then the length of defaultSlot.children is 1. If there is xa, then the length of defaultSlot.children is 0.\nAccording to my understanding, the length of defaultSlot.children should always be 1, right?",
    "summary_bilingual_indexes": [
      0
    ],
    "description_bilingual_indexes": [
      0,
      19,
      20
    ]
  },
  "154": {
    "summary": "The multiple attribute of input should be consistent with checked",
    "description": " js\n input type= file \n \nWhether the multiple attribute should be considered for special treatment like the checked attribute?\nCurrently working on the upload component, I found that it is impossible to distinguish between a single upload and multiple uploads by exposing the multiple API.",
    "summary_bilingual_indexes": [
      0
    ],
    "description_bilingual_indexes": [
      3,
      4
    ]
  },
  "157": {
    "summary": "It is recommended that this.data.push and unshift add return values that conform to the corresponding behavior of javascript arrays.",
    "description": "#150 ",
    "summary_bilingual_indexes": [
      0
    ],
    "description_bilingual_indexes": []
  },
  "158": {
    "summary": "fix: multiple spelling mistakes",
    "description": "#154 ",
    "summary_bilingual_indexes": [],
    "description_bilingual_indexes": []
  },
  "159": {
    "summary": "Problems with processing input element values",
    "description": "Reference codepen /LeuisKen/pen/gXeByK\nIn initData, info is an empty object and input is empty.\nManually set info to an empty object, the value in input will become undefined",
    "summary_bilingual_indexes": [
      0
    ],
    "description_bilingual_indexes": [
      0,
      1,
      2
    ]
  },
  "160": {
    "summary": "Can messages be considered to support * to match all dispatched messages?",
    "description": " js\nmessages: {\n * : fallbackHandler,\n ping : pingHandler,\n pong : pongHandler\n}\n ",
    "summary_bilingual_indexes": [
      0
    ],
    "description_bilingual_indexes": []
  },
  "161": {
    "summary": "In san and san-router, is it better to unify the silent parameters in option?",
    "description": "In san, the option parameter in this.data.set method identifies silence, while in san-router, the redirect method identifies silence.",
    "summary_bilingual_indexes": [
      0
    ],
    "description_bilingual_indexes": [
      0
    ]
  },
  "164": {
    "summary": "How to use scoped slot in table cell",
    "description": "When displaying a Table, the content of different columns may be different. We hope that users who use the Table can customize related content through slots. For example, the expected usage may be like this\n html\n ui-table datasource= {{datasource}} columns= {{columns}} \n div div \n div slot= email a div \n /ui-table \n \nIdeally, I would like to remove the columns= {{columns}} attribute, but it seems to be not easy to do.\n \nThen when implementing this Table, because the slot name is dynamic, it cannot run normally.\n js\nvar Table = san.defineComponent ({\n template: template \n table width= 100 cellpadding= 0 cellspacing= 0 \n thead \n th s-for= col in th \n thead \n tbody \n tr s-for= row in datasource \n td s-for= col in columns \n slot name= {{col.name}} var-row= row var-col= col \n td \n tr \n tbody \n /table \n /template \n}) \n \nIf you replace name= {{col.name}} with a fixed name, such as name= cell, it will work, but it will feel strange when used.\n html\n ui-table datasource= {{datasource}} columns= {{columns}} \n template slot= cell \n div s-if= col.name name div \n div s-if= col.name email name= email a div \n template \n /ui-table \n \nMoreover, in this case, the generated DOM structure also has a lot of redundant content, which is not very friendly.\nI can&#39;t think of any other better solutions. Send me an ISSUE and let&#39;s discuss it.",
    "summary_bilingual_indexes": [
      0
    ],
    "description_bilingual_indexes": [
      0,
      7,
      9,
      28,
      37,
      38
    ]
  },
  "166": {
    "summary": "Add better syntax error reporting to template",
    "description": "Add better syntax error reporting to template #61\nRegarding tag matching, san template should comply with this rule\nIn HTML5, it is stipulated that closed tags are not allowed. Self-closing tags are not forced to close, and other tags must be closed.\nSelf-closing labels have\n area base br col embed hr \n img input keygen param source track wbr \nThat is, it is acceptable to write this for self-closing tags\n html\n input or input \n \nBut this doesn&#39;t work\n html\n input /input \n \nFor non-self-closing tags, force closing\n html\n li /li or li \n \nHTML syntax error prompt optimization includes the following\n- [x] The attribute value is not wrapped. For example, input value=\n- [x] The start tag is not closed such as div\n- [x] The closing tag is not closed, such as section\n- [x] The closing tag contains the attribute div class=\n- [x] self-closing tag using input\n- [x] The start tag and the end tag do not match the div\nAny other grammatical errors are welcome to be added.",
    "summary_bilingual_indexes": [
      0
    ],
    "description_bilingual_indexes": [
      0,
      1,
      2,
      3,
      6,
      10,
      14,
      18,
      19,
      20,
      21,
      22,
      23,
      24,
      25
    ]
  },
  "170": {
    "summary": "Fix two bugs",
    "description": "1. When executing a list transition animation, if the list is cleared, the transition animation will be ignored, and the instance will clear all DOM elements directly.\n2. When the list animation is executed, the hook function of leave is triggered quickly and repeatedly. It can be observed that after the done function of leave is executed for the first time, the child is released. When the done function is triggered again, an exception that the child does not exist will be thrown. .",
    "summary_bilingual_indexes": [
      0
    ],
    "description_bilingual_indexes": [
      0,
      1
    ]
  },
  "171": {
    "summary": "When binding the event on- = fun () in the component template, the default parameters will still be passed into fun",
    "description": " \nvar MyComponent = san.defineComponent ({\n components: {\n ui-label : Label\n },\n template: div ui-label bind-text= name on-foo= foo div ,\n foo: function (arg) {\n console.log (arg) \n arg is event\n },\n bar: function (arg) {\n console.log (arg) \n undefined is expected, but event actually\n }\n}) \n \nVisual inspection #114 introduced problems\n",
    "summary_bilingual_indexes": [
      0
    ],
    "description_bilingual_indexes": [
      16
    ]
  },
  "173": {
    "summary": "[Discussion] Should s-ref support obtaining DOM nodes?",
    "description": "If supported, sometimes it is more convenient.",
    "summary_bilingual_indexes": [
      0
    ],
    "description_bilingual_indexes": [
      0
    ]
  },
  "175": {
    "summary": "Why can&#39;t the id attribute be bound to data?",
    "description": "Occasions where id attribute binding may be required\nIt will be used when input is used with label.\nQuestion supplement\n1. Why does san generate IDs on all elements?\n2. Why is it possible to directly assign the id attribute to an element, but cannot bind data to the id attribute?\ndiv div, the generated id is foo\ndiv id= {{ foo div , the generated id is {{ foo }}",
    "summary_bilingual_indexes": [
      0
    ],
    "description_bilingual_indexes": [
      0,
      1,
      2,
      3,
      4,
      5,
      6
    ]
  },
  "177": {
    "summary": "There is an xss injection problem in the two-way binding of the input box",
    "description": " [image]/3760804/33821187-dac5938a-de8d-11e7-8e95-4966c18bce03.png\n",
    "summary_bilingual_indexes": [
      0
    ],
    "description_bilingual_indexes": []
  },
  "178": {
    "summary": "Does scoped slot allow access to the data of the current component?",
    "description": "According to the discussion in the group, when using scoped slot, should we allow access to the data of the current component?\n js\nconst template = \n ui-table \n div slot= col-a \n {{col.name}} {{name}}\n div \n /ui-table \n \nexport default defineComponent ({\n template,\n initData () {\n return {name: my-comp-name } \n }\n}) \n \nIf it is not allowed by default, or it can be used where it is used, pass it in div slot= col-a and change it to div slot= col-a var-name= {{name}}",
    "summary_bilingual_indexes": [
      0
    ],
    "description_bilingual_indexes": [
      0,
      16
    ]
  },
  "180": {
    "summary": "Updating the data in data during the inited phase is invalid for double-bound attributes.",
    "description": "It might be By Design, but it doesn’t feel intuitive.\nRecurrence address/leeight/pen/ypNmjq",
    "summary_bilingual_indexes": [
      0
    ],
    "description_bilingual_indexes": [
      0,
      1
    ]
  },
  "181": {
    "summary": "Have you considered opening up evalExpr as well?",
    "description": "Because now there is san.parseExpr under san. If san.evalExpr is also opened, it seems that it can be used as an expression evaluator.\n js\nconst scope = ...\nconst expr = san.parseExpr ( a + b ) \nconst value = san.evalExpr (expr, scope) \n ",
    "summary_bilingual_indexes": [
      0
    ],
    "description_bilingual_indexes": [
      0
    ]
  },
  "183": {
    "summary": "When deconstructing a component, should it be compatible with newlines when declaring tags?",
    "description": "question\nA problem was encountered when manually declaring a component to decode the mark. If there are newlines before and after the decode mark, the decode will fail. Although it can be solved by using compression or striping on the back end, this makes the development experience unfriendly to some extent.\nExample\n Good Case\n html\n span --s-text:{{name}} - {{email}}-- errorrik - span \n \n Bad Case\n html\n span \n --s-text:{{name}} - {{email}}-- errorrik - s-text-- \n /span \n -- or -- \n span \n --s-text:{{name}} - {{email}}-- \n errorrik - errorrik .com\n s-text-- \n /span \n \nReproducible use cases\n QayEKe",
    "summary_bilingual_indexes": [
      0
    ],
    "description_bilingual_indexes": [
      0,
      1,
      2,
      19
    ]
  },
  "184": {
    "summary": "Uncaught TypeError: Cannot read property firstChild of undefined",
    "description": "Version 3.3.1\nRecurrence address/leeight/pen/rpeOGe",
    "summary_bilingual_indexes": [],
    "description_bilingual_indexes": [
      0,
      1
    ]
  },
  "185": {
    "summary": "It seems that the parameters of native event are not passed",
    "description": "Version: Latest\nRecurrence address/leeight/pen/aENrWM",
    "summary_bilingual_indexes": [
      0
    ],
    "description_bilingual_indexes": [
      0,
      1
    ]
  },
  "186": {
    "summary": "Fix 185",
    "description": "RT",
    "summary_bilingual_indexes": [],
    "description_bilingual_indexes": []
  },
  "188": {
    "summary": "There seems to be a problem when updating text nodes.",
    "description": "Recurrence address/leeight/pen/wpWQRQ\nAfter clicking the button, the text is repeated",
    "summary_bilingual_indexes": [
      0
    ],
    "description_bilingual_indexes": [
      0,
      1
    ]
  },
  "189": {
    "summary": ".3.1 There is a problem with the demo",
    "description": ".3.1 demo cannot run. src/main.js reports an error.\nUsing the cdn file /san.3.1/dist/san.dev.js is normal.\nIs there any difference between these two files? Aren’t they both development versions?\n(Nohe,) Yushu",
    "summary_bilingual_indexes": [
      0
    ],
    "description_bilingual_indexes": [
      0,
      1,
      2,
      3
    ]
  },
  "190": {
    "summary": "When the table uses scoped slot, an error occurs when deleting data rows.",
    "description": "Recurrence address/leeight/pen/vpKPqd\nWhen I click delete for the second time, an error message appears.",
    "summary_bilingual_indexes": [
      0
    ],
    "description_bilingual_indexes": [
      0,
      1
    ]
  },
  "191": {
    "summary": "[Discussion] For undefined attribute values, should data be initialized?",
    "description": "Generally speaking, you will not encounter this problem, such as a common component\n js\nconst MyComponent = san.defineComponent ({\n template: ... ,\n initData () {\n return {\n foo: 1,\n bar: 2\n } \n }\n}) \n \nThen when using my-comp, if no parameters are passed, the default values in data are foo: 1 and bar: 2.\nIf I want to dynamically generate this my-comp component, because I don&#39;t know which values will be passed in, so when I generate the component template, I put all the attributes that appear in dataTypes, something like this\n js\nconst keys = Object.keys (MyComponent.prototype.dataTypes) \nconst props = keys.map (key = {key}= {{formData. {key}}} ) \nconst template = my-comp {props.join ( )} \n \nAccording to the above logic, the following code may be generated\n html\n my-comp\n foo= {{formData.foo}} \n bar= {{formData.bar}} \n/ \n \nAt this time, if my formData is {}, I expect foo and bar in my-comp to still use their default values, but at this time their values are obviously undefined.\nIf it is compatible in my-comp, it seems to be a pain in the ass. All attributes need to be processed once in inited ().\n \nSo what I&#39;m thinking is, is it possible to support a configuration. If the property value is undefined, don&#39;t pass it to the component.",
    "summary_bilingual_indexes": [
      0
    ],
    "description_bilingual_indexes": [
      0,
      12,
      13,
      19,
      26,
      27,
      29
    ]
  },
  "192": {
    "summary": "Close #191",
    "description": "RT",
    "summary_bilingual_indexes": [],
    "description_bilingual_indexes": []
  },
  "200": {
    "summary": "Can t use data to control input autofocus",
    "description": "1. Question: In the following situation, input will still automatically gain focus.\n js\nvar MyApp = san.defineComponent ({\n template: p input autofocus= {{false}} p ,\n initData: function () {\n return {\n name: San \n } \n }\n}) \nvar myApp = new MyApp () \nmyApp.attach (document.body) \n \nI tried it, and as long as the autofocus attribute is added, the focus will be automatically obtained, and setting the subsequent value to false has no effect.\nWhen writing components, dealing with autofocus is more troublesome. I looked at MDN and found that it is not easy to hack in business.\n autofocus HTML5\n This Boolean attribute lets you specify that a form control should have input focus when the page loads, unless the user overrides it (e.g. by typing in a different control). Only one form element in a document can have the autofocus attribute, which is a Boolean. It cannot be applied if the type attribute is set to hidden (that is, you cannot automatically set focus to a hidden control). Note that the focusing of the control may occur before the firing of the DOMContentLoaded event.\n2. Suggestions\nCan this support controlling autofocus behavior through data at the framework level?\nattach\nsan example: ypgBpg\nvue example: xpgKYj\n",
    "summary_bilingual_indexes": [],
    "description_bilingual_indexes": [
      0,
      13,
      14,
      17,
      18,
      19
    ]
  },
  "205": {
    "summary": "fix: the problem of dual binding failure in some iOS browsers",
    "description": "This problem with vue should be the same problem/vuejs/vue/issues/5387",
    "summary_bilingual_indexes": [
      0
    ],
    "description_bilingual_indexes": [
      0
    ]
  },
  "207": {
    "summary": "Error when running san case under IE10",
    "description": "\n js\npackage.json\n{\n name : todos-esnext ,\n version : 0.0.1 ,\n description : san components todos ,\n author : ecomfe ,\n private : true,\n scripts : {\n dev : node dev-server.js ,\n build : node build.js ,\n test : \n },\n dependencies : {\n babel-runtime : 6.0.0 ,\n san : 3.0.3-rc.10 ,\n san-router : 1.0.1 \n },\n devDependencies : {\n babel-core : 6.0.0 ,\n babel-loader : 6.0.0 ,\n babel-plugin-transform-runtime : 6.0.0 ,\n babel-preset-es2015 : 6.0.0 ,\n babel-preset-stage-2 : 6.0.0 ,\n connect-history-api-fallback : 1.1.0 ,\n css-loader : 0.25.0 ,\n eventsource-polyfill : 0.9.6 ,\n express : 4.13.3 ,\n extract-text-webpack-plugin : 1.0.1 ,\n file-loader : 0.8.4 ,\n html-loader : 0.4.4 ,\n html-webpack-plugin : 2.8.1 ,\n http-proxy-middleware : 0.12.0 ,\n json-loader : 0.5.4 ,\n ora : 0.2.0 ,\n polyfill : 0.1.0 ,\n san-loader : 0.0.6 ,\n shelljs : 0.6.0 ,\n style-loader : 0.13.1 ,\n url-loader : 0.5.7 ,\n webpack : 1.12.2 ,\n webpack-dev-middleware : 1.4.0 ,\n webpack-hot-middleware : 2.6.0 ,\n webpack-merge : 0.8.3 \n }\n}\n \nbabel configuration\n \n.babelrc\n{\n presets : [ es2015 , stage-2 ],\n plugins : [ transform-runtime ],\n comments : false\n}\n \nError message:\n \nSCRIPT5009: &#39;Set&#39; is not defined\nSpecific error message: It seems that the conversion to ES6 within san was not successful.\n// nvar EVENT_PROPERTY_BLACK_LIST = new Set ([ type , target , preventDefault , isDefaultPrevented , stopPropagation , isPropagationStopped , \n \n",
    "summary_bilingual_indexes": [
      0
    ],
    "description_bilingual_indexes": [
      48,
      57,
      59,
      60
    ]
  },
  "208": {
    "summary": "fix #207",
    "description": "The es-next example has been adapted to the ES5 environment and is mainly supported by IE9+.\nSince webpack2 no longer supports ES3, if the packaging tool is replaced, the changes will be relatively large, and it seems a bit non-mainstream. After considering this case comprehensively, I will not adapt to IE8.",
    "summary_bilingual_indexes": [],
    "description_bilingual_indexes": [
      0,
      1
    ]
  },
  "209": {
    "summary": "Todos esnext update",
    "description": "",
    "summary_bilingual_indexes": [],
    "description_bilingual_indexes": []
  },
  "210": {
    "summary": "Add merge and apply methods to Data object",
    "description": "When writing the test, I felt that it was necessary to separate the Data test later.\nCurrently, Data-related tests are scattered in many places, and there is no suitable place to write tests for some programs that throw errors.\nBTW Added comments to Data.prototype.splice.",
    "summary_bilingual_indexes": [
      0
    ],
    "description_bilingual_indexes": [
      0,
      1,
      2
    ]
  },
  "212": {
    "summary": "refactor: optimize merge and apply implementation",
    "description": "",
    "summary_bilingual_indexes": [
      0
    ],
    "description_bilingual_indexes": []
  },
  "213": {
    "summary": "fix error when using space around attribute s = operator",
    "description": "fix a bug, which occurred when using space around attribute s = operator, change the regexp, add space detect: var attrReg = ig ",
    "summary_bilingual_indexes": [],
    "description_bilingual_indexes": []
  },
  "215": {
    "summary": "Volume optimization",
    "description": "The size of the following san refers to the size of the spa version uglifyjs+gzip\nThe initial size of san was less than 10k. With the increasing number of functions and some performance optimization points, it has exceeded 13k in 3.4.0.\nAlthough we strive for excellence during the development process, I believe there are still some areas that can be optimized. Please review, optimize and pull-request\nThis issue will be open for a long time until the size is less than 12k",
    "summary_bilingual_indexes": [
      0
    ],
    "description_bilingual_indexes": [
      0,
      1,
      2,
      3
    ]
  },
  "217": {
    "summary": "remove fn.toString () in reg",
    "description": "Remove fn.toString()",
    "summary_bilingual_indexes": [],
    "description_bilingual_indexes": [
      0
    ]
  },
  "218": {
    "summary": "How to bind data to attribute name",
    "description": "like\n \n template: div div ,\n initData () {\n return {\n attrName: disable \n } \n },\n \nExpect to render as\n \n div div \n \nBut the actual rendering becomes\n \n div div \n \n",
    "summary_bilingual_indexes": [
      0
    ],
    "description_bilingual_indexes": [
      0,
      9,
      13
    ]
  },
  "219": {
    "summary": "Close #191",
    "description": "RT",
    "summary_bilingual_indexes": [],
    "description_bilingual_indexes": []
  },
  "220": {
    "summary": "refactor ssr test",
    "description": "",
    "summary_bilingual_indexes": [],
    "description_bilingual_indexes": []
  },
  "222": {
    "summary": "filter may cause the view to refresh incorrectly",
    "description": "Version 3.4.1\nRecurrence address/leeight/pen/dJgWoy\nInitial state checked ICON: bindx\nOperation steps: Click Switch 2, and then click Switch 1. The content changes to ICON: bindx checked.\nIf you remove the filter in {{typeDef.name noop}} and change it to {{typeDef.name}}, it will be normal.",
    "summary_bilingual_indexes": [
      0
    ],
    "description_bilingual_indexes": [
      0,
      1,
      2,
      3,
      4
    ]
  },
  "226": {
    "summary": "The two-way bound form item does not respond to the operation of deleting characters IE9 only",
    "description": "environment\n- System Windows 10\n- Browser IE11 simulates IE9\ndescribe\nWhen the two-way bound input performs the action of deleting characters, the view is not updated. This problem can only be reproduced under IE9.\nReproducible use cases\n/Dafrok/pen/BYaoBY",
    "summary_bilingual_indexes": [
      0
    ],
    "description_bilingual_indexes": [
      0,
      1,
      2,
      3,
      4,
      5
    ]
  },
  "228": {
    "summary": "fix #226",
    "description": "",
    "summary_bilingual_indexes": [],
    "description_bilingual_indexes": []
  },
  "231": {
    "summary": "Add ts type definations",
    "description": "",
    "summary_bilingual_indexes": [],
    "description_bilingual_indexes": []
  },
  "232": {
    "summary": "add typings file test",
    "description": "",
    "summary_bilingual_indexes": [],
    "description_bilingual_indexes": []
  },
  "233": {
    "summary": "Change options.data type from object to Partial T and some other updates",
    "description": "",
    "summary_bilingual_indexes": [],
    "description_bilingual_indexes": []
  },
  "234": {
    "summary": "fix export methods",
    "description": "",
    "summary_bilingual_indexes": [],
    "description_bilingual_indexes": []
  },
  "235": {
    "summary": "Please make binding symbols changeable",
    "description": "Regarding the double brace conflict problem, Vue can customize binding symbols, which can be changed to { var }, {* var *}, etc. Don’t you think about enabling this feature?\n JavaScript\n//Vue \n Vue.config.delimiters = [ { , } ] \n var app= new Vue ({\n delimiters: [ { , } ],\n el: #app ,\n data:{\n//San \nfunction parseText (source) {\n var exprStartReg = ig \n \nIs it possible to enable a custom function?",
    "summary_bilingual_indexes": [
      0
    ],
    "description_bilingual_indexes": [
      0,
      12
    ]
  },
  "236": {
    "summary": "Add getComponentType for san.Component",
    "description": "Close #229",
    "summary_bilingual_indexes": [],
    "description_bilingual_indexes": []
  },
  "238": {
    "summary": "Problem with ie8-9",
    "description": "Under IE8-9, use s-for to render the drop-down options in the select tag. When the data changes, the drop-down options do not change.",
    "summary_bilingual_indexes": [
      0
    ],
    "description_bilingual_indexes": [
      0
    ]
  },
  "239": {
    "summary": "draggable= true will be parsed into draggable",
    "description": " \n div draggable= true draggable div \n \nExpect to parse into\n \n div draggable= true draggable div \n \nThe actual generated DOM is\n \n div draggable draggable div \n \nThis makes it impossible to drag. How can I write it so that it becomes draggable?",
    "summary_bilingual_indexes": [
      0
    ],
    "description_bilingual_indexes": [
      3,
      7,
      11
    ]
  },
  "242": {
    "summary": "Clean up the attributes in the DOM node",
    "description": "for example\n js\nconst Radiobox = san.defineComponent ({\n template: input type= radio ee= {{ee}} name= {{name}} ,\n \n initData () {\n return {} \n }\n}) \n \nWhen using it, if radiobox is written in the template, the generated DOM node is\n html\n input type= radio ee name class style id= _san_ae262 \n \nHowever, I feel it is more appropriate to generate the following code\n html\n input type= radio id= _san_ae262 \n ",
    "summary_bilingual_indexes": [
      0
    ],
    "description_bilingual_indexes": [
      0,
      10,
      14
    ]
  },
  "243": {
    "summary": "In some cases, when using the native modifier to bind an event, the event will be dispatched twice.",
    "description": "[Codepen]/pzh_667/pen/oEJaoz\n \nconst Checkbox = san.defineComponent ({\n template: input type= checkbox on-change= onChange ,\n onChange () {\n console.log ( from child ) \n this.fire ( change ) \n }\n}) \nconst MyApp = san.defineComponent ({\n template: div label checkbox checkbox Click me and see div ,\n components: {\n checkbox : Checkbox\n },\n \n onNativeChange () {\n console.log ( from parent ) \n }\n}) \nconst myApp = new MyApp () \nmyApp.attach (document.body) \n \nWhen using the native modifier in a parent component to bind a custom event to a child component, if there is a native event with the same name in the child component, the custom event in the parent component will be dispatched twice.\n",
    "summary_bilingual_indexes": [
      0
    ],
    "description_bilingual_indexes": [
      22
    ]
  },
  "245": {
    "summary": "Fix two bugs",
    "description": "I closed the previous one because there was no rebase, and the commit log was too ugly.",
    "summary_bilingual_indexes": [
      0
    ],
    "description_bilingual_indexes": [
      0
    ]
  },
  "246": {
    "summary": "fix sorts of definition problems",
    "description": "",
    "summary_bilingual_indexes": [],
    "description_bilingual_indexes": []
  },
  "249": {
    "summary": "Fix filter call issue",
    "description": "RT",
    "summary_bilingual_indexes": [],
    "description_bilingual_indexes": []
  },
  "251": {
    "summary": "Uncaught TypeError: this.children[0]._getEl is not a function",
    "description": "I’ll send a screenshot first. Simple reproduction of the scene requires positioning.\n [image]/104052/37748347-762ab5ce-2dbe-11e8-9128-b137ff80bb8c.png\n",
    "summary_bilingual_indexes": [],
    "description_bilingual_indexes": [
      0
    ]
  },
  "256": {
    "summary": "TypeError: Cannot read property hotspot of undefined",
    "description": " [image]/104052/38068309-1a60c7d0-3343-11e8-8a0b-5cb0972fe49a.png\nThe possible problem is ui-textbox value= {=name=} title= task name required= true. After changing to ui-textbox value= {=name=} title= task name required= {{true}}, the problem disappears.",
    "summary_bilingual_indexes": [],
    "description_bilingual_indexes": [
      1
    ]
  },
  "260": {
    "summary": "When performing four arithmetic operations in template interpolation, not adding a space between the operator and the number will cause the calculation result to be NaN",
    "description": "/pzh_667/pen/rdKbxz",
    "summary_bilingual_indexes": [
      0
    ],
    "description_bilingual_indexes": []
  },
  "266": {
    "summary": " null tag on the DOM Tree",
    "description": "RT\n /leeight/pen/YageyV ",
    "summary_bilingual_indexes": [],
    "description_bilingual_indexes": []
  },
  "268": {
    "summary": "3.5.3 - 3.5.4 pre label behavior changes",
    "description": "3.5.3 : JLzBGM\n [image]/7701575/38615694-28c6fc46-3dc4-11e8-8fdf-6d29005b4e8e.png\n3.5.4 : JLzZQr\n [image]/7701575/38615716-3a262bba-3dc4-11e8-814b-1a6c93e1bbb7.png\n",
    "summary_bilingual_indexes": [
      0
    ],
    "description_bilingual_indexes": []
  },
  "270": {
    "summary": "Advice on the s-elif directive",
    "description": "Usually we use the conditional judgment statement if...elseif...else,\nIn *san* there are s-if...s-else,\nBasically, you only need to add an s character in front of it to substitute it equally.\nBut elseif corresponds to s-elif. I hope it can be restored to s-elseif.\n1. It is very easy for students who are new to *san* to accept and integrate into it.\n2. The semantics of words using s-elseif are complete and clear. Although s-elif is shorter, the semantics are not very good, and some abbreviations can easily cause confusion.\nWrite at the end:\nIt is also the same as the above 2 points. I hope it is also recommended that other syntax and instructions also use a semantically complete and clearly expressed instruction word.",
    "summary_bilingual_indexes": [
      0
    ],
    "description_bilingual_indexes": [
      0,
      1,
      2,
      3,
      4,
      5,
      6,
      7
    ]
  },
  "273": {
    "summary": "The rendering result of the svg tag loses the class attribute",
    "description": "RT, [codepen]/asd123freedom/pen/MVNpob, this problem was introduced in 3.5.4, it still exists in 3.5.5, and there is no problem in 3.5.3.",
    "summary_bilingual_indexes": [
      0
    ],
    "description_bilingual_indexes": [
      0
    ]
  },
  "274": {
    "summary": "reverse data bind to first comment node, not first child, of el.",
    "description": "supporting this:\n \n div id=root \n --s-data:{\n name: San Reverse \n }-- \nHello span San span\n /div \n \nnot only this:\n \n div id=root --s-data:{\n name: San Reverse \n }-- \nHello span San span\n /div \n ",
    "summary_bilingual_indexes": [],
    "description_bilingual_indexes": [
      6,
      14
    ]
  },
  "276": {
    "summary": "Some HTML escape characters in the template cannot be output correctly",
    "description": "Version 3.5.6\n img width= 338 alt= 6042ab493144cf09017e63b63e2041ac 39063101-53c84654-44fc-11e8-95b9-423e7637bd75.png \n img width= 129 alt= 93327d4448b0616c0e66564142a7b6f4 39063109-58462ffc-44fc-11e8-8758-b76c72dbf3d1.png \n/pzh_667/pen/KRpoGy\nReplenish\nAccording to parse-text.js, considering the size, decodeHTML only supports some escape characters, and using dom parsing may cause performance problems to be determined, which should at least be reflected in the document.",
    "summary_bilingual_indexes": [
      0
    ],
    "description_bilingual_indexes": [
      0,
      4,
      5
    ]
  },
  "278": {
    "summary": "Whether this.data.splice considers supporting negative values",
    "description": "Currently, the splice method does not support negative values, but Array.prototype.splice does.\n/baidu/san/blob/master/src/runtime/data.js\nSupporting negative values makes it easier to implement requirements such as appending multiple pieces of data to the end of the list. Just pass in -1 directly, eliminating the need to obtain the length once.",
    "summary_bilingual_indexes": [
      0
    ],
    "description_bilingual_indexes": [
      0,
      2
    ]
  },
  "288": {
    "summary": "transition should not be a special member of the component",
    "description": "question\nThe transition controller behaves differently when used on the root element of a component than when used on child elements or components.\nThe s-transition directive defined on the root node of the former will be invalid. If you need the root node to bring its own animation, you need to declare a member named transition when defining the component. I think that the transition controller should be able to directly act on any element through instructions, and should not have to hang a special member on the root element to do this.\n Expect\n html\n template \n p p \n /template \n script \nexport default {\n controller: {enter, leave}\n}\n /script \n \n Actual\n html\n template \n p SB /p \n /template \n script \nexport default {\n transition: {enter, leave}\n}\n /script \n \n",
    "summary_bilingual_indexes": [
      0
    ],
    "description_bilingual_indexes": [
      0,
      1,
      2
    ]
  },
  "289": {
    "summary": "inited and created handle arrays inconsistently",
    "description": "This is the correct code\n [image]/12373328/39664872-06148b12-50bd-11e8-87a4-22432f7fe75c.png\nThe problem is =&gt; If inited is changed to created, the number of li is 6 a, b, c, a, b, c",
    "summary_bilingual_indexes": [
      0
    ],
    "description_bilingual_indexes": [
      0,
      2
    ]
  },
  "293": {
    "summary": "Modified the way readNumber is converted to numbers.",
    "description": "Modified some comments by the way",
    "summary_bilingual_indexes": [
      0
    ],
    "description_bilingual_indexes": [
      0
    ]
  },
  "295": {
    "summary": "Maintain attribute data and convey change information",
    "description": "san makes corresponding interface operations based on the information of data changes. for-node has done a lot of optimization operations on the splice-like method of the array type. However, the set method is used directly when the data is transferred through component attributes, resulting in a lack of information. for- Node optimization is invalid",
    "summary_bilingual_indexes": [
      0
    ],
    "description_bilingual_indexes": [
      0
    ]
  },
  "299": {
    "summary": "Support s-bind to specify scoped slot on slot",
    "description": "rt",
    "summary_bilingual_indexes": [
      0
    ],
    "description_bilingual_indexes": []
  },
  "304": {
    "summary": "pkg: fix npm run test:coverage cannot run pretest hook bug",
    "description": "- [ ] LGTM\n- Fixed the problem that the pretest hook cannot be triggered by running npm run test:coverage directly.\n- Remove redundant scripts code",
    "summary_bilingual_indexes": [],
    "description_bilingual_indexes": [
      1,
      2
    ]
  },
  "308": {
    "summary": "ci: circle.ci approve",
    "description": "- [ ] LGTM\n- Fixed the problem that circle.ci cannot be run through\n- Upgrade the circle.ci config file to 2.0, 1.0 will be discontinued in August\n- Added coverages.io san repo token\n- Add travis.ci configuration",
    "summary_bilingual_indexes": [],
    "description_bilingual_indexes": [
      1,
      2,
      3,
      4
    ]
  },
  "310": {
    "summary": "Problems caused by dynamically binding type",
    "description": "Input static type binding data can achieve the effect in start radio\nHope to bind data by parsing json\n{ index :0, type : radio , list :[agree, disagree], title : The weather is so nice, checked : 0 },\nparsed as\n input type= {{item.type}} value= {{cindex}} checked= {= item.checked =} {{content}}\nThe effect of the binding result is not the value of 0 1 2, but all true. How should I solve it?\nCannot upload pictures, write in short book\n/p/22121531b599",
    "summary_bilingual_indexes": [
      0
    ],
    "description_bilingual_indexes": [
      0,
      1,
      2,
      3,
      5,
      6
    ]
  },
  "313": {
    "summary": "fix:path",
    "description": "",
    "summary_bilingual_indexes": [],
    "description_bilingual_indexes": []
  },
  "315": {
    "summary": "ci: add circle branch",
    "description": "- Add master branch as ci branch",
    "summary_bilingual_indexes": [],
    "description_bilingual_indexes": [
      0
    ]
  },
  "316": {
    "summary": "add drei link in compannions",
    "description": "",
    "summary_bilingual_indexes": [],
    "description_bilingual_indexes": []
  },
  "323": {
    "summary": "fix 321",
    "description": "",
    "summary_bilingual_indexes": [],
    "description_bilingual_indexes": []
  },
  "324": {
    "summary": "Handle the situation where svg may contain uppercase tag names",
    "description": "fix#321 also handles other situations in svg that may contain uppercase tag names",
    "summary_bilingual_indexes": [
      0
    ],
    "description_bilingual_indexes": [
      0
    ]
  },
  "327": {
    "summary": " givenANode undefined",
    "description": " javascript\nconst A = defineComponent ({template: div })\nconst B = defineComponent ({\n template: div ,\n attached () {\n const rnv = new A () \n rnv.attach (document.body)\n this.children.push (rnv) \nThrow an error here\n this.data.set ( a , {}) \n }\n}) \n ",
    "summary_bilingual_indexes": [],
    "description_bilingual_indexes": [
      8
    ]
  },
  "329": {
    "summary": "When rendering the template s-for list, use the arr[index] method to replace item. It is found that after passing the set of data, the view is no longer updated.",
    "description": "Recurrence address/ytyeie/pen/zLyapp",
    "summary_bilingual_indexes": [
      0
    ],
    "description_bilingual_indexes": [
      0
    ]
  },
  "330": {
    "summary": "Constructing regular objects in parser-text may have an impact on performance",
    "description": "After the introduction of support for custom delimiters after version 3.4, a new regular object will be executed every time the parseText function is called. ParseText is a function that is called frequently. Multiple calls may have an impact on performance. We found in actual projects In the Chrome environment, when the template is relatively complex, there will be obvious lags in constructing the san component. Positioning found that one of the reasons is that parseText will generate a new regular object every time during frequent calls, and the time it takes to call multiple times exceeds Normal execution costs. The problem has not been reproduced on Safari so far. It is speculated that it is related to the browser&#39;s underlying processing of regular object reuse. Referring to the source code of Vue, we found that Vue is parsing this part of regular processing by building a closure cache at the beginning to avoid repeated regular object construction.\nTherefore, it is recommended that san can optimize this and cache regular rules such as parseText to reduce possible performance losses.\n",
    "summary_bilingual_indexes": [
      0
    ],
    "description_bilingual_indexes": [
      0,
      1
    ]
  },
  "335": {
    "summary": "When the index in data binding uses expressions, changes in variables in the index do not update the view.",
    "description": "The example is as follows, setData changes the value of cur, but the view is not updated.\n \n DOCTYPE html \n html \n head \n meta charset= utf-8 \n title start - title \n /head \n body \n script script \n script \n var MyApp = san.defineComponent ({\n template: div div div ,\n initData: function () {\n return {\n obj: {\n persons: [\n {\n name: yican ,\n age: 18\n },\n {\n name: hy ,\n age: 19\n },\n {\n name: zqz ,\n age: 20\n }\n ]\n },\n cur: 1\n \n } \n },\n attached: function () {\n console.log ( yican-attached-data: , this.data.get ()) \n },\n funcData: function () {\n this.data.set ( cur , 2) \n console.log ( yican-data-get: , this.data.get ()) \n }\n }) \n var myApp = new MyApp () \n myApp.attach (document.body) \n script \n /body \n /html \n ",
    "summary_bilingual_indexes": [
      0
    ],
    "description_bilingual_indexes": [
      0
    ]
  },
  "337": {
    "summary": "comments: separate - and numbers charCode",
    "description": "",
    "summary_bilingual_indexes": [],
    "description_bilingual_indexes": []
  },
  "338": {
    "summary": "The disabled attribute will not be rendered to the DOM",
    "description": "In san&#39;s template\n \n div disabled div \n \nFinally, it will be rendered on the DOM as\n div div ",
    "summary_bilingual_indexes": [
      0
    ],
    "description_bilingual_indexes": [
      0,
      4
    ]
  },
  "339": {
    "summary": "[feature request] asynchronous component",
    "description": "status quo\nsan currently does not support asynchronous components, which is a heavy burden for business scenarios that emphasize first-screen performance.\nIn the current compile process, when components are encountered, the components object must contain the san-Component class, which will have some impact.\nSome components do not need to load Dialog components on the first screen, and some components will only render Tab components when needed. These components that are not rendered immediately will drag down the first screen performance of the application.\n1. You need to download unnecessary js files for the first screen. There may be other dependencies, css resources, etc. in the js files, which will affect network performance.\n2. The san framework takes a certain amount of time to compile templates, generate component instances, and even generate dom. Even if it is not needed, it affects the loading time.\nDynamic components can be alleviated to a certain extent, but they are completely separated from the component tree after attachment and have no data binding, event binding, dispatch, etc. capabilities. This may not be the result we want.\nexpected behavior\nDevelopers define components with a factory function, and san parses component classes asynchronously internally.\nSimple example\n js\n// App.js\n...\ncomponents: {\n san-dialog :function (resolve,reject) {\n setTimeout (function () {\nPass component definition to resolve callback\n resolve ({\n template: div I am div \n })\n }, 1000)\n }\n}\n...\n \nAs shown above\nIt’s very comfortable when combined with webpack code-splitting.\n js\n// App.js\n...\ncomponents: {\n san-dialog : () = async-compt.js )\n}\n...\n \n",
    "summary_bilingual_indexes": [
      0
    ],
    "description_bilingual_indexes": [
      0,
      1,
      2,
      3,
      4,
      5,
      6,
      7,
      8,
      9,
      16,
      25,
      26
    ]
  },
  "340": {
    "summary": "The first dynamic rendering of button, select and other elements is not compatible with IE8",
    "description": "el[propName] = value IE8 is not compatible\n [image]/4495830/45140301-e7896080-b1e4-11e8-885c-74a310afc6a1.png\n",
    "summary_bilingual_indexes": [
      0
    ],
    "description_bilingual_indexes": [
      0
    ]
  },
  "341": {
    "summary": "fix: #340",
    "description": "",
    "summary_bilingual_indexes": [],
    "description_bilingual_indexes": []
  },
  "343": {
    "summary": "template s-if switching bug",
    "description": " \nvar MyApp = san.defineComponent ({\n template: p on-click= switch Hello {{name}} \n template template template template \n p ,\n initData: function () {\n return {\n flag: false\n } \n },\n switch: function () {\n this.data.set ( flag , this.data.get ( flag ))\n }\n}) \nvar myApp = new MyApp () \nmyApp.attach (document.body) \n \nClicking to switch the flag state does not switch the template, but becomes splicing.\n [image]/4221606/45477186-92fd5c80-b773-11e8-988e-f2368946d901.png\n",
    "summary_bilingual_indexes": [
      0
    ],
    "description_bilingual_indexes": [
      17
    ]
  },
  "346": {
    "summary": "refactor: remove useless if",
    "description": "remove this.owner check since it has already checked before function call.",
    "summary_bilingual_indexes": [],
    "description_bilingual_indexes": []
  },
  "349": {
    "summary": "chore: change enum to const value",
    "description": "The three enumeration types used in the files in the dist directory after building\n- ExprType\n- NodeType\n- DataChangeType\nAt build time, convert it into literal constants to reduce the code size after gzip\nsan.min.js reduced by 129 bytes 15558 15429\nsan.spa.modern.min.js reduced by 107 bytes 14372 14265",
    "summary_bilingual_indexes": [],
    "description_bilingual_indexes": [
      0,
      4,
      5,
      6
    ]
  },
  "351": {
    "summary": "ie8 error when loading san",
    "description": "Web error details\nUser Agent: 4.0 (compatible MSIE 8.0 Windows NT 6.1 WOW64 4.0 SLCC2 .NET CLR 2.0.50727 .NET CLR 3.5.30729 .NET CLR 3.0.30729 Media Center PC 6.0 .NET4.0C .NET4.0E)\nTimestamp: Wed, 26 Sep 2018 03:44:38 UTC\nMessage: value is empty or not an object\nLine: 8173\nCharacters: 21\nCode: 0\nURI: san.dev.js\n",
    "summary_bilingual_indexes": [
      0
    ],
    "description_bilingual_indexes": [
      0,
      1,
      2,
      3,
      4,
      5,
      6
    ]
  },
  "356": {
    "summary": "refactor: use me only when is necessary.",
    "description": "",
    "summary_bilingual_indexes": [],
    "description_bilingual_indexes": []
  },
  "357": {
    "summary": "refatcor: reuse function",
    "description": "",
    "summary_bilingual_indexes": [],
    "description_bilingual_indexes": []
  },
  "358": {
    "summary": "fixed extension",
    "description": "",
    "summary_bilingual_indexes": [],
    "description_bilingual_indexes": []
  },
  "359": {
    "summary": "refactor: remove property and method since unused.",
    "description": "- TextNode&#39;s _prev does not seem to be used\n- The detach method of ForNode seems to have never been used, and ForNode has no ToPhase method and no lifeCycle attribute.",
    "summary_bilingual_indexes": [],
    "description_bilingual_indexes": [
      0,
      1
    ]
  },
  "361": {
    "summary": "Update the array through the set data path, which is not rendered in the s-for loop.",
    "description": "code example\n/ytyeie/pen/ReZKGR\nAs shown in the code, use the set operation to add array items through the data path. The data is obtained, but it is not looped out normally in the s-for loop.\n",
    "summary_bilingual_indexes": [
      0
    ],
    "description_bilingual_indexes": [
      0,
      2
    ]
  },
  "364": {
    "summary": "san.parseTemplate parsing problem",
    "description": "san.parseTemplate ( o )",
    "summary_bilingual_indexes": [
      0
    ],
    "description_bilingual_indexes": []
  },
  "365": {
    "summary": "When the key value of a key-value pair cannot be determined in a two-way binding expression, square brackets are used instead of the key value, but the value within the square brackets is not calculated.",
    "description": "In a form submission scenario, the form items are generated by an array loop, and the form items are finally bidirectionally bound to a Map and submitted to the backend.\n \n form \n input value= {=map[item.title]=} s-for= item in \n /form \n \nAt this time, it was discovered that the map was not bound to the corresponding value.\n[codepen address of simple restoration scene]/asd123freedom/pen/ePLQWb\nThe version of san is 3.6.13",
    "summary_bilingual_indexes": [
      0
    ],
    "description_bilingual_indexes": [
      0,
      6,
      7,
      8
    ]
  },
  "366": {
    "summary": "When initializing a calculated attribute, as long as the attribute is obtained, the attribute will be executed once, resulting in a waste of resources.",
    "description": "During initialization, a property will be executed once as long as it is get",
    "summary_bilingual_indexes": [
      0
    ],
    "description_bilingual_indexes": [
      0
    ]
  },
  "367": {
    "summary": "Add a warning about overriding the Component prototype",
    "description": "There is no direct throw error because some developers will re-encapsulate it, such as yubei, and the project will break after updating the version.",
    "summary_bilingual_indexes": [
      0
    ],
    "description_bilingual_indexes": [
      0
    ]
  },
  "368": {
    "summary": "Abstract a warning method",
    "description": "If console.warn does not exist, san&#39;s warning will fallback to throw Error, which will jump out of the call stack directly. Inconsistency with the original console.warn behavior may cause unnecessary trouble, so a layer of setTimeout is wrapped around throw.\nThen I found that this logic was used in three places. There were too many repeated codes, so I encapsulated it.",
    "summary_bilingual_indexes": [
      0
    ],
    "description_bilingual_indexes": [
      0,
      1
    ]
  },
  "373": {
    "summary": "build: Sourcemap added",
    "description": "add sourcemap for dist files (except the compress file).",
    "summary_bilingual_indexes": [],
    "description_bilingual_indexes": []
  },
  "374": {
    "summary": "ci: show coverage for original non transpiled code ",
    "description": "change coverage from san.dev.js to *.js \n [image]/5475069/49444639-b7b11f80-f80a-11e8-9e52-fef3d3f8aaf6.png\n",
    "summary_bilingual_indexes": [],
    "description_bilingual_indexes": []
  },
  "378": {
    "summary": "IE7 checkbox sets initial data in initData and is not selected",
    "description": " label input type= checkbox value= errorrik checked= {= online label \nThe new component is, if initData is set as follows:\n \ninitData () {\n return {\n online: [ online ]\n }\n}\n \nThe checkbox that appears will not be selected under IE7.\nBut at the beginning, set online to [], and then use data.set to set the value of online after the component is attached, and the status will be normal.",
    "summary_bilingual_indexes": [
      0
    ],
    "description_bilingual_indexes": [
      1,
      9,
      10
    ]
  },
  "379": {
    "summary": "ci: add Appveyor build update some changes for win platform",
    "description": "- add appveyor ci for win platform\n- fix some win platform compatible bugs",
    "summary_bilingual_indexes": [],
    "description_bilingual_indexes": []
  },
  "380": {
    "summary": "ci: fix appveyor chrome checksums bug",
    "description": "fix chrome checksums bug\n [image]/5475069/49913314-2dcb1b80-fec8-11e8-9766-6ddd75ad10ff.png\n",
    "summary_bilingual_indexes": [],
    "description_bilingual_indexes": []
  }
}